id,data_inversa,uf,br,municipio,causa_acidente,tipo_acidente,classificacao_acidente,fase_dia,condicao_metereologica,tipo_pista,uso_solo,tipo_veiculo,estado_fisico,idade,sexo
1255544,20/02/2013,RN,101,NATAL,Falta de atenção,Colisão traseira,Sem Vítimas        ,Plena noite,Chuva,Dupla   ,Urbano,Caminhonete,Ileso       ,25.0,Masculino
1255544,20/02/2013,RN,101,NATAL,Falta de atenção,Colisão traseira,Sem Vítimas        ,Plena noite,Chuva,Dupla   ,Urbano,Automóvel,Ileso       ,48.0,Feminino
1255544,20/02/2013,RN,101,NATAL,Falta de atenção,Colisão traseira,Sem Vítimas        ,Plena noite,Chuva,Dupla   ,Urbano,Automóvel,Ileso       ,45.0,Masculino
1255544,20/02/2013,RN,101,NATAL,Falta de atenção,Colisão traseira,Sem Vítimas        ,Plena noite,Chuva,Dupla   ,Urbano,Motocicletas,Ileso       ,28.0,Masculino
1255575,20/02/2013,RN,101,SAO JOSE DE MIPIBU,Animais na Pista,Atropelamento de animal,Sem Vítimas        ,Plena noite,Nublado,Dupla   ,Rural ,Caminhão,Ileso       ,54.0,Masculino
1255593,20/02/2013,RN,101,SAO GONCALO DO AMARANTE,Não guardar distância de segurança,Colisão traseira,Sem Vítimas        ,Plena noite,Chuva,Dupla   ,Urbano,Ônibus,Ileso       ,38.0,Masculino
1255593,20/02/2013,RN,101,SAO GONCALO DO AMARANTE,Não guardar distância de segurança,Colisão traseira,Sem Vítimas        ,Plena noite,Chuva,Dupla   ,Urbano,Automóvel,Ileso       ,23.0,Feminino
1255677,18/02/2013,RN,101,PARNAMIRIM,Não guardar distância de segurança,Colisão traseira,Sem Vítimas        ,Pleno dia,Nublado,Dupla   ,Urbano,Automóvel,Ileso       ,22.0,Masculino
1255677,18/02/2013,RN,101,PARNAMIRIM,Não guardar distância de segurança,Colisão traseira,Sem Vítimas        ,Pleno dia,Nublado,Dupla   ,Urbano,Automóvel,Ileso       ,29.0,Masculino
1255717,21/02/2013,RN,304,MOSSORO,Falta de atenção,Colisão Transversal,Sem Vítimas        ,Pleno dia,Ceu Claro,Dupla   ,Urbano,Caminhonete,Ileso       ,31.0,Masculino
1255717,21/02/2013,RN,304,MOSSORO,Falta de atenção,Colisão Transversal,Sem Vítimas        ,Pleno dia,Ceu Claro,Dupla   ,Urbano,Automóvel,Ileso       ,36.0,Masculino
1255720,21/02/2013,RN,101,NATAL,Falta de atenção,Colisão lateral,Com Vítimas Feridas,Pleno dia,Ceu Claro,Dupla   ,Urbano,Motocicletas,Ferido Leve ,23.0,Feminino
1255720,21/02/2013,RN,101,NATAL,Falta de atenção,Colisão lateral,Com Vítimas Feridas,Pleno dia,Ceu Claro,Dupla   ,Urbano,Automóvel,Ileso       ,56.0,Masculino
1255735,13/02/2013,RN,101,PARNAMIRIM,Falta de atenção,Colisão traseira,Sem Vítimas        ,Pleno dia,Ceu Claro,Dupla   ,Urbano,Utilitário,Ileso       ,-1.0,Masculino
1255735,13/02/2013,RN,101,PARNAMIRIM,Falta de atenção,Colisão traseira,Sem Vítimas        ,Pleno dia,Ceu Claro,Dupla   ,Urbano,Automóvel,Ileso       ,-1.0,Feminino
1255789,17/02/2013,RN,304,MOSSORO,Falta de atenção,Colisão lateral,Com Vítimas Feridas,Pleno dia,Nublado,Dupla   ,Urbano,Motocicletas,Ferido Leve ,23.0,Masculino
1255789,17/02/2013,RN,304,MOSSORO,Falta de atenção,Colisão lateral,Com Vítimas Feridas,Pleno dia,Nublado,Dupla   ,Urbano,Motoneta,Ferido Leve ,31.0,Feminino
1255789,17/02/2013,RN,304,MOSSORO,Falta de atenção,Colisão lateral,Com Vítimas Feridas,Pleno dia,Nublado,Dupla   ,Urbano,Motoneta,Ferido Leve ,-1.0,Masculino
1255909,17/02/2013,RN,304,MACAIBA,Falta de atenção,Colisão com bicicleta,Com Vítimas Feridas,Anoitecer,Ceu Claro,Simples ,Urbano,Bicicleta,Ferido Grave,34.0,Masculino
1255909,17/02/2013,RN,304,MACAIBA,Falta de atenção,Colisão com bicicleta,Com Vítimas Feridas,Anoitecer,Ceu Claro,Simples ,Urbano,Automóvel,Ignorado    ,-1.0,Inválido
1255917,21/02/2013,RN,101,SAO GONCALO DO AMARANTE,Falta de atenção,Colisão traseira,Com Vítimas Feridas,Pleno dia,Sol,Dupla   ,Urbano,Caminhonete,Ileso       ,24.0,Masculino
1255917,21/02/2013,RN,101,SAO GONCALO DO AMARANTE,Falta de atenção,Colisão traseira,Com Vítimas Feridas,Pleno dia,Sol,Dupla   ,Urbano,Motocicletas,Ferido Leve ,32.0,Feminino
1255938,21/02/2013,RN,101,PARNAMIRIM,Falta de atenção,Colisão Transversal,Sem Vítimas        ,Pleno dia,Ceu Claro,Dupla   ,Urbano,Caminhão-Trator,Ileso       ,34.0,Masculino
1255938,21/02/2013,RN,101,PARNAMIRIM,Falta de atenção,Colisão Transversal,Sem Vítimas        ,Pleno dia,Ceu Claro,Dupla   ,Urbano,Automóvel,Ileso       ,44.0,Masculino
1255953,21/02/2013,RN,101,PARNAMIRIM,Desobediência à sinalização,Colisão Transversal,Com Vítimas Feridas,Pleno dia,Ceu Claro,Dupla   ,Urbano,Ônibus,Ileso       ,-1.0,Masculino
1255953,21/02/2013,RN,101,PARNAMIRIM,Desobediência à sinalização,Colisão Transversal,Com Vítimas Feridas,Pleno dia,Ceu Claro,Dupla   ,Urbano,Motocicletas,Ferido Leve ,-1.0,Masculino
1255966,21/02/2013,RN,101,NATAL,Falta de atenção,Colisão traseira,Sem Vítimas        ,Pleno dia,Sol,Dupla   ,Urbano,Automóvel,Ileso       ,37.0,Masculino
1255966,21/02/2013,RN,101,NATAL,Falta de atenção,Colisão traseira,Sem Vítimas        ,Pleno dia,Sol,Dupla   ,Urbano,Automóvel,Ileso       ,41.0,Masculino
1255966,21/02/2013,RN,101,NATAL,Falta de atenção,Colisão traseira,Sem Vítimas        ,Pleno dia,Sol,Dupla   ,Urbano,Caminhão,Ileso       ,30.0,Masculino
1255998,21/02/2013,RN,101,NATAL,Ultrapassagem indevida,Colisão lateral,Sem Vítimas        ,Pleno dia,Ceu Claro,Dupla   ,Urbano,Microônibus,Ileso       ,36.0,Masculino
1255998,21/02/2013,RN,101,NATAL,Ultrapassagem indevida,Colisão lateral,Sem Vítimas        ,Pleno dia,Ceu Claro,Dupla   ,Urbano,Ônibus,Ileso       ,26.0,Masculino
1256093,21/02/2013,RN,406,CEARA-MIRIM,Outras,Colisão Transversal,Com Vítimas Feridas,Plena noite,Vento,Simples ,Urbano,Automóvel,Ileso       ,27.0,Masculino
1256093,21/02/2013,RN,406,CEARA-MIRIM,Outras,Colisão Transversal,Com Vítimas Feridas,Plena noite,Vento,Simples ,Urbano,Motocicletas,Ferido Leve ,28.0,Masculino
1256217,22/02/2013,RN,304,RIACHUELO,Dormindo,Colisão Transversal,Com Vítimas Fatais ,Amanhecer,Ceu Claro,Simples ,Rural ,Automóvel,Morto       ,37.0,Masculino
1256217,22/02/2013,RN,304,RIACHUELO,Dormindo,Colisão Transversal,Com Vítimas Fatais ,Amanhecer,Ceu Claro,Simples ,Rural ,Automóvel,Morto       ,71.0,Feminino
1256217,22/02/2013,RN,304,RIACHUELO,Dormindo,Colisão Transversal,Com Vítimas Fatais ,Amanhecer,Ceu Claro,Simples ,Rural ,Caminhão,Ileso       ,37.0,Masculino
1256226,22/02/2013,RN,405,TABOLEIRO GRANDE,Dormindo,Saída de Pista,Com Vítimas Feridas,Amanhecer,Ceu Claro,Simples ,Rural ,Caminhonete,Ferido Leve ,37.0,Masculino
1256229,22/02/2013,RN,101,PARNAMIRIM,Não guardar distância de segurança,Colisão traseira,Sem Vítimas        ,Pleno dia,Sol,Dupla   ,Urbano,Automóvel,Ileso       ,25.0,Masculino
1256229,22/02/2013,RN,101,PARNAMIRIM,Não guardar distância de segurança,Colisão traseira,Sem Vítimas        ,Pleno dia,Sol,Dupla   ,Urbano,Caminhão,Ileso       ,63.0,Masculino
1256230,22/02/2013,RN,101,NATAL,Desobediência à sinalização,Colisão lateral,Sem Vítimas        ,Pleno dia,Ceu Claro,Múltipla,Urbano,Caminhão,Ileso       ,50.0,Masculino
1256230,22/02/2013,RN,101,NATAL,Desobediência à sinalização,Colisão lateral,Sem Vítimas        ,Pleno dia,Ceu Claro,Múltipla,Urbano,Caminhonete,Ileso       ,35.0,Masculino
1256319,22/02/2013,RN,110,MOSSORO,Não guardar distância de segurança,Colisão traseira,Sem Vítimas        ,Pleno dia,Ceu Claro,Simples ,Urbano,Automóvel,Ileso       ,28.0,Masculino
1256319,22/02/2013,RN,110,MOSSORO,Não guardar distância de segurança,Colisão traseira,Sem Vítimas        ,Pleno dia,Ceu Claro,Simples ,Urbano,Automóvel,Ileso       ,32.0,Masculino
1256362,22/02/2013,RN,101,NATAL,Não guardar distância de segurança,Colisão traseira,Sem Vítimas        ,Pleno dia,Ceu Claro,Dupla   ,Urbano,Automóvel,Ileso       ,49.0,Masculino
1256362,22/02/2013,RN,101,NATAL,Não guardar distância de segurança,Colisão traseira,Sem Vítimas        ,Pleno dia,Ceu Claro,Dupla   ,Urbano,Automóvel,Ileso       ,21.0,Masculino
1256448,22/02/2013,RN,101,PARNAMIRIM,Falta de atenção,Colisão traseira,Sem Vítimas        ,Pleno dia,Ceu Claro,Dupla   ,Urbano,Automóvel,Ileso       ,48.0,Masculino
1256448,22/02/2013,RN,101,PARNAMIRIM,Falta de atenção,Colisão traseira,Sem Vítimas        ,Pleno dia,Ceu Claro,Dupla   ,Urbano,Automóvel,Ileso       ,63.0,Masculino
1256524,22/02/2013,RN,110,MOSSORO,Desobediência à sinalização,Colisão Transversal,Com Vítimas Feridas,Plena noite,Ceu Claro,Dupla   ,Urbano,Motoneta,Ferido Leve ,24.0,Masculino
1256524,22/02/2013,RN,110,MOSSORO,Desobediência à sinalização,Colisão Transversal,Com Vítimas Feridas,Plena noite,Ceu Claro,Dupla   ,Urbano,Automóvel,Ignorado    ,-1.0,Inválido
1256584,22/02/2013,RN,101,CANGUARETAMA,Não guardar distância de segurança,Colisão traseira,Sem Vítimas        ,Pleno dia,Ceu Claro,Dupla   ,Urbano,Automóvel,Ileso       ,59.0,Masculino
1256584,22/02/2013,RN,101,CANGUARETAMA,Não guardar distância de segurança,Colisão traseira,Sem Vítimas        ,Pleno dia,Ceu Claro,Dupla   ,Urbano,Automóvel,Ileso       ,38.0,Masculino
1256608,23/02/2013,RN,101,PARNAMIRIM,Falta de atenção,Colisão lateral,Com Vítimas Feridas,Plena noite,Ceu Claro,Dupla   ,Urbano,Motocicletas,Ferido Leve ,21.0,Masculino
1256608,23/02/2013,RN,101,PARNAMIRIM,Falta de atenção,Colisão lateral,Com Vítimas Feridas,Plena noite,Ceu Claro,Dupla   ,Urbano,Automóvel,Ileso       ,-1.0,Inválido
1256611,23/02/2013,RN,101,PARNAMIRIM,Falta de atenção,Colisão traseira,Com Vítimas Feridas,Plena noite,Ignorada,Dupla   ,Urbano,Automóvel,Ileso       ,26.0,Feminino
1256611,23/02/2013,RN,101,PARNAMIRIM,Falta de atenção,Colisão traseira,Com Vítimas Feridas,Plena noite,Ignorada,Dupla   ,Urbano,Motocicletas,Ferido Leve ,28.0,Masculino
1256639,20/02/2013,RN,101,NATAL,Não guardar distância de segurança,Colisão traseira,Sem Vítimas        ,Plena noite,Vento,Dupla   ,Urbano,Automóvel,Ileso       ,32.0,Masculino
1256639,20/02/2013,RN,101,NATAL,Não guardar distância de segurança,Colisão traseira,Sem Vítimas        ,Plena noite,Vento,Dupla   ,Urbano,Motoneta,Ileso       ,23.0,Masculino
1256650,22/02/2013,RN,101,CANGUARETAMA,Falta de atenção,Colisão traseira,Sem Vítimas        ,Plena noite,Vento,Dupla   ,Rural ,Motocicletas,Ileso       ,22.0,Masculino
1256650,22/02/2013,RN,101,CANGUARETAMA,Falta de atenção,Colisão traseira,Sem Vítimas        ,Plena noite,Vento,Dupla   ,Rural ,Motocicletas,Ileso       ,-1.0,Masculino
1256656,21/02/2013,RN,101,SAO JOSE DE MIPIBU,Outras,Capotamento,Sem Vítimas        ,Plena noite,Chuva,Dupla   ,Rural ,Automóvel,Ileso       ,60.0,Masculino
1256656,21/02/2013,RN,101,SAO JOSE DE MIPIBU,Outras,Capotamento,Sem Vítimas        ,Plena noite,Chuva,Dupla   ,Rural ,Caminhão,Ignorado    ,-1.0,Inválido
1256713,21/02/2013,RN,101,NATAL,Outras,Colisão lateral,Sem Vítimas        ,Anoitecer,Ceu Claro,Múltipla,Urbano,Caminhão-Trator,Ileso       ,34.0,Masculino
1256713,21/02/2013,RN,101,NATAL,Outras,Colisão lateral,Sem Vítimas        ,Anoitecer,Ceu Claro,Múltipla,Urbano,Automóvel,Ileso       ,34.0,Feminino
1256756,18/02/2013,RN,304,MOSSORO,Outras,Saída de Pista,Com Vítimas Fatais ,Plena noite,Ceu Claro,Simples ,Rural ,Automóvel,Morto       ,44.0,Masculino
1256756,18/02/2013,RN,304,MOSSORO,Outras,Saída de Pista,Com Vítimas Fatais ,Plena noite,Ceu Claro,Simples ,Rural ,Automóvel,Ferido Grave,15.0,Feminino
1256797,23/02/2013,RN,101,PARNAMIRIM,Falta de atenção,Colisão traseira,Sem Vítimas        ,Pleno dia,Ceu Claro,Dupla   ,Urbano,Camioneta,Ileso       ,-1.0,Masculino
1256797,23/02/2013,RN,101,PARNAMIRIM,Falta de atenção,Colisão traseira,Sem Vítimas        ,Pleno dia,Ceu Claro,Dupla   ,Urbano,Automóvel,Ileso       ,-1.0,Masculino
1256809,23/02/2013,RN,427,TIMBAUBA DOS BATISTAS,Animais na Pista,Saída de Pista,Sem Vítimas        ,Pleno dia,Ceu Claro,Simples ,Rural ,Automóvel,Ileso       ,25.0,Masculino
1256819,19/02/2013,RN,304,MOSSORO,Falta de atenção,Colisão Transversal,Com Vítimas Feridas,Pleno dia,Ceu Claro,Simples ,Urbano,Automóvel,Ileso       ,38.0,Masculino
1256819,19/02/2013,RN,304,MOSSORO,Falta de atenção,Colisão Transversal,Com Vítimas Feridas,Pleno dia,Ceu Claro,Simples ,Urbano,Ciclomotor,Ferido Leve ,52.0,Masculino
1256872,23/02/2013,RN,101,NATAL,Desobediência à sinalização,Colisão traseira,Com Vítimas Feridas,Pleno dia,Ceu Claro,Múltipla,Urbano,Automóvel,Ferido Leve ,47.0,Masculino
1256872,23/02/2013,RN,101,NATAL,Desobediência à sinalização,Colisão traseira,Com Vítimas Feridas,Pleno dia,Ceu Claro,Múltipla,Urbano,Caminhonete,Ileso       ,34.0,Masculino
1256886,23/02/2013,RN,101,NATAL,Falta de atenção,Colisão lateral,Sem Vítimas        ,Pleno dia,Ceu Claro,Dupla   ,Urbano,Automóvel,Ileso       ,61.0,Masculino
1256886,23/02/2013,RN,101,NATAL,Falta de atenção,Colisão lateral,Sem Vítimas        ,Pleno dia,Ceu Claro,Dupla   ,Urbano,Ônibus,Ileso       ,53.0,Masculino
1256889,23/02/2013,RN,226,NATAL,Falta de atenção,Colisão traseira,Sem Vítimas        ,Pleno dia,Sol,Simples ,Urbano,Automóvel,Ileso       ,51.0,Masculino
1256889,23/02/2013,RN,226,NATAL,Falta de atenção,Colisão traseira,Sem Vítimas        ,Pleno dia,Sol,Simples ,Urbano,Camioneta,Ileso       ,52.0,Masculino
1256903,23/02/2013,RN,101,NATAL,Não guardar distância de segurança,Colisão traseira,Sem Vítimas        ,Pleno dia,Ceu Claro,Dupla   ,Urbano,Automóvel,Ileso       ,-1.0,Masculino
1256903,23/02/2013,RN,101,NATAL,Não guardar distância de segurança,Colisão traseira,Sem Vítimas        ,Pleno dia,Ceu Claro,Dupla   ,Urbano,Automóvel,Ileso       ,-1.0,Masculino
1256904,23/02/2013,RN,226,CURRAIS NOVOS,Outras,Queda de motocicleta / bicicleta / veículo,Com Vítimas Feridas,Plena noite,Ceu Claro,Simples ,Rural ,Motocicletas,Ferido Leve ,-1.0,Masculino
1256935,23/02/2013,RN,101,SAO GONCALO DO AMARANTE,Falta de atenção,Colisão traseira,Sem Vítimas        ,Pleno dia,Ceu Claro,Dupla   ,Urbano,Automóvel,Ileso       ,-1.0,Masculino
1256935,23/02/2013,RN,101,SAO GONCALO DO AMARANTE,Falta de atenção,Colisão traseira,Sem Vítimas        ,Pleno dia,Ceu Claro,Dupla   ,Urbano,Automóvel,Ileso       ,-1.0,Masculino
1256995,23/02/2013,RN,101,SAO JOSE DE MIPIBU,Outras,Colisão com objeto fixo,Com Vítimas Fatais ,Plena noite,Ceu Claro,Múltipla,Urbano,Caminhão-Trator,Ileso       ,40.0,Masculino
1256995,23/02/2013,RN,101,SAO JOSE DE MIPIBU,Outras,Colisão com objeto fixo,Com Vítimas Fatais ,Plena noite,Ceu Claro,Múltipla,Urbano,Motocicletas,Morto       ,28.0,Masculino
1257016,23/02/2013,RN,405,FELIPE GUERRA,Outras,Colisão frontal,Com Vítimas Fatais ,Pleno dia,Ceu Claro,Simples ,Rural ,Motocicletas,Morto       ,44.0,Masculino
1257016,23/02/2013,RN,405,FELIPE GUERRA,Outras,Colisão frontal,Com Vítimas Fatais ,Pleno dia,Ceu Claro,Simples ,Rural ,Automóvel,Ileso       ,35.0,Masculino
1257063,21/02/2013,RN,101,NATAL,Não guardar distância de segurança,Colisão traseira,Sem Vítimas        ,Pleno dia,Ceu Claro,Dupla   ,Urbano,Automóvel,Ileso       ,27.0,Masculino
1257063,21/02/2013,RN,101,NATAL,Não guardar distância de segurança,Colisão traseira,Sem Vítimas        ,Pleno dia,Ceu Claro,Dupla   ,Urbano,Automóvel,Ileso       ,51.0,Masculino
1257100,21/02/2013,RN,110,MOSSORO,Falta de atenção,Colisão traseira,Com Vítimas Feridas,Pleno dia,Ceu Claro,Simples ,Urbano,Motocicletas,Ferido Grave,48.0,Masculino
1257100,21/02/2013,RN,110,MOSSORO,Falta de atenção,Colisão traseira,Com Vítimas Feridas,Pleno dia,Ceu Claro,Simples ,Urbano,Motocicletas,Ileso       ,26.0,Masculino
1257134,23/02/2013,RN,101,NATAL,Outras,Atropelamento de pessoa,Com Vítimas Feridas,Pleno dia,Ceu Claro,Dupla   ,Urbano,Automóvel,Ileso       ,28.0,Feminino
1257134,23/02/2013,RN,101,NATAL,Outras,Atropelamento de pessoa,Com Vítimas Feridas,Pleno dia,Ceu Claro,Dupla   ,Urbano,(null),Ferido Grave,-1.0,Masculino
1257339,24/02/2013,RN,101,NATAL,Falta de atenção,Colisão lateral,Com Vítimas Feridas,Pleno dia,Ceu Claro,Simples ,Urbano,Camioneta,Ileso       ,46.0,Masculino
1257339,24/02/2013,RN,101,NATAL,Falta de atenção,Colisão lateral,Com Vítimas Feridas,Pleno dia,Ceu Claro,Simples ,Urbano,Motoneta,Ferido Leve ,25.0,Feminino
1257390,24/02/2013,RN,427,SERRA NEGRA DO NORTE,Outras,Atropelamento de pessoa,Com Vítimas Feridas,Plena noite,Ceu Claro,Simples ,Rural ,Automóvel,Ileso       ,38.0,Masculino
1257390,24/02/2013,RN,427,SERRA NEGRA DO NORTE,Outras,Atropelamento de pessoa,Com Vítimas Feridas,Plena noite,Ceu Claro,Simples ,Rural ,(null),Ferido Grave,-1.0,Masculino
1257463,22/02/2013,RN,226,SANTA CRUZ,Outras,Colisão Transversal,Sem Vítimas        ,Pleno dia,Ceu Claro,Simples ,Urbano,Automóvel,Ileso       ,62.0,Masculino
1257463,22/02/2013,RN,226,SANTA CRUZ,Outras,Colisão Transversal,Sem Vítimas        ,Pleno dia,Ceu Claro,Simples ,Urbano,Caminhão,Ignorado    ,-1.0,Masculino
1257493,25/02/2013,RN,101,PARNAMIRIM,Não guardar distância de segurança,Colisão traseira,Sem Vítimas        ,Pleno dia,Sol,Múltipla,Urbano,Automóvel,Ileso       ,38.0,Feminino
1257493,25/02/2013,RN,101,PARNAMIRIM,Não guardar distância de segurança,Colisão traseira,Sem Vítimas        ,Pleno dia,Sol,Múltipla,Urbano,Caminhonete,Ileso       ,43.0,Masculino
1257499,25/02/2013,RN,304,MACAIBA,Falta de atenção,Colisão traseira,Com Vítimas Feridas,Pleno dia,Sol,Simples ,Urbano,Automóvel,Ileso       ,33.0,Masculino
1257499,25/02/2013,RN,304,MACAIBA,Falta de atenção,Colisão traseira,Com Vítimas Feridas,Pleno dia,Sol,Simples ,Urbano,Automóvel,Ileso       ,30.0,Masculino
1257499,25/02/2013,RN,304,MACAIBA,Falta de atenção,Colisão traseira,Com Vítimas Feridas,Pleno dia,Sol,Simples ,Urbano,Automóvel,Ferido Leve ,34.0,Masculino
1257499,25/02/2013,RN,304,MACAIBA,Falta de atenção,Colisão traseira,Com Vítimas Feridas,Pleno dia,Sol,Simples ,Urbano,Automóvel,Ileso       ,37.0,Masculino
1257504,23/02/2013,RN,110,MOSSORO,Não guardar distância de segurança,Colisão traseira,Sem Vítimas        ,Pleno dia,Ceu Claro,Simples ,Urbano,Motocicletas,Ileso       ,36.0,Masculino
1257504,23/02/2013,RN,110,MOSSORO,Não guardar distância de segurança,Colisão traseira,Sem Vítimas        ,Pleno dia,Ceu Claro,Simples ,Urbano,Não identificado,Ignorado    ,-1.0,Inválido
1257512,09/02/2013,RN,101,RIO DO FOGO,Defeito mecânico em veículo,Saída de Pista,Com Vítimas Feridas,Pleno dia,Sol,Simples ,Rural ,Automóvel,Ferido Leve ,24.0,Masculino
1257557,08/01/2013,RN,101,PARNAMIRIM,Outras,Colisão lateral,Sem Vítimas        ,Pleno dia,Sol,Dupla   ,Urbano,Automóvel,Ileso       ,26.0,Masculino
1257557,08/01/2013,RN,101,PARNAMIRIM,Outras,Colisão lateral,Sem Vítimas        ,Pleno dia,Sol,Dupla   ,Urbano,Automóvel,Ileso       ,50.0,Masculino
1257575,25/02/2013,RN,304,ASSU,Ultrapassagem indevida,Colisão lateral,Sem Vítimas        ,Pleno dia,Sol,Simples ,Rural ,Caminhão,Ignorado    ,-1.0,Inválido
1257575,25/02/2013,RN,304,ASSU,Ultrapassagem indevida,Colisão lateral,Sem Vítimas        ,Pleno dia,Sol,Simples ,Rural ,Caminhão-Trator,Ileso       ,55.0,Masculino
1257575,25/02/2013,RN,304,ASSU,Ultrapassagem indevida,Colisão lateral,Sem Vítimas        ,Pleno dia,Sol,Simples ,Rural ,Automóvel,Ileso       ,62.0,Masculino
1257638,25/02/2013,RN,406,SAO GONCALO DO AMARANTE,Falta de atenção,Colisão Transversal,Com Vítimas Feridas,Pleno dia,Ceu Claro,Simples ,Rural ,Motocicletas,Ferido Leve ,33.0,Masculino
1257638,25/02/2013,RN,406,SAO GONCALO DO AMARANTE,Falta de atenção,Colisão Transversal,Com Vítimas Feridas,Pleno dia,Ceu Claro,Simples ,Rural ,Caminhonete,Ileso       ,56.0,Masculino
1257698,21/02/2013,RN,101,ARES,Outras,Capotamento,Com Vítimas Feridas,Plena noite,Chuva,Dupla   ,Rural ,Automóvel,Ileso       ,38.0,Masculino
1257698,21/02/2013,RN,101,ARES,Outras,Capotamento,Com Vítimas Feridas,Plena noite,Chuva,Dupla   ,Rural ,Automóvel,Ferido Grave,34.0,Feminino
1257698,21/02/2013,RN,101,ARES,Outras,Capotamento,Com Vítimas Feridas,Plena noite,Chuva,Dupla   ,Rural ,Automóvel,Ferido Leve ,13.0,Feminino
1257772,25/02/2013,RN,101,NATAL,Desobediência à sinalização,Colisão traseira,Sem Vítimas        ,Pleno dia,Ceu Claro,Dupla   ,Urbano,Ônibus,Ileso       ,34.0,Masculino
1257772,25/02/2013,RN,101,NATAL,Desobediência à sinalização,Colisão traseira,Sem Vítimas        ,Pleno dia,Ceu Claro,Dupla   ,Urbano,Automóvel,Ileso       ,67.0,Masculino
1257784,25/02/2013,RN,304,LAJES,Não guardar distância de segurança,Colisão traseira,Sem Vítimas        ,Anoitecer,Ceu Claro,Simples ,Rural ,Automóvel,Ileso       ,58.0,Masculino
1257784,25/02/2013,RN,304,LAJES,Não guardar distância de segurança,Colisão traseira,Sem Vítimas        ,Anoitecer,Ceu Claro,Simples ,Rural ,Automóvel,Ileso       ,62.0,Masculino
1257788,23/02/2013,RN,304,ASSU,Não guardar distância de segurança,Colisão traseira,Com Vítimas Feridas,Pleno dia,Ceu Claro,Simples ,Rural ,Caminhão-Trator,Ileso       ,62.0,Masculino
1257788,23/02/2013,RN,304,ASSU,Não guardar distância de segurança,Colisão traseira,Com Vítimas Feridas,Pleno dia,Ceu Claro,Simples ,Rural ,Automóvel,Ferido Leve ,24.0,Masculino
1257972,24/02/2013,RN,101,PARNAMIRIM,Falta de atenção,Colisão com objeto fixo,Sem Vítimas        ,Pleno dia,Ceu Claro,Dupla   ,Urbano,Automóvel,Ileso       ,38.0,Masculino
1257972,24/02/2013,RN,101,PARNAMIRIM,Falta de atenção,Colisão com objeto fixo,Sem Vítimas        ,Pleno dia,Ceu Claro,Dupla   ,Urbano,Motocicletas,Ileso       ,-1.0,Masculino
1258043,23/02/2013,RN,101,PARNAMIRIM,Ingestão de álcool,Atropelamento de pessoa,Com Vítimas Feridas,Amanhecer,Ceu Claro,Dupla   ,Rural ,(null),Ferido Grave,20.0,Masculino
1258043,23/02/2013,RN,101,PARNAMIRIM,Ingestão de álcool,Atropelamento de pessoa,Com Vítimas Feridas,Amanhecer,Ceu Claro,Dupla   ,Rural ,(null),Ferido Grave,26.0,Masculino
1258043,23/02/2013,RN,101,PARNAMIRIM,Ingestão de álcool,Atropelamento de pessoa,Com Vítimas Feridas,Amanhecer,Ceu Claro,Dupla   ,Rural ,Automóvel,Ferido Leve ,21.0,Feminino
1258043,23/02/2013,RN,101,PARNAMIRIM,Ingestão de álcool,Atropelamento de pessoa,Com Vítimas Feridas,Amanhecer,Ceu Claro,Dupla   ,Rural ,Automóvel,Ileso       ,18.0,Feminino
1258043,23/02/2013,RN,101,PARNAMIRIM,Ingestão de álcool,Atropelamento de pessoa,Com Vítimas Feridas,Amanhecer,Ceu Claro,Dupla   ,Rural ,Automóvel,Ignorado    ,-1.0,Masculino
1258046,26/02/2013,RN,101,PARNAMIRIM,Defeito mecânico em veículo,Colisão traseira,Sem Vítimas        ,Pleno dia,Ceu Claro,Múltipla,Urbano,Automóvel,Ileso       ,29.0,Masculino
1258046,26/02/2013,RN,101,PARNAMIRIM,Defeito mecânico em veículo,Colisão traseira,Sem Vítimas        ,Pleno dia,Ceu Claro,Múltipla,Urbano,Camioneta,Ileso       ,42.0,Masculino
1258047,26/02/2013,RN,101,NATAL,Não guardar distância de segurança,Colisão traseira,Sem Vítimas        ,Pleno dia,Sol,Dupla   ,Urbano,Automóvel,Ileso       ,36.0,Feminino
1258047,26/02/2013,RN,101,NATAL,Não guardar distância de segurança,Colisão traseira,Sem Vítimas        ,Pleno dia,Sol,Dupla   ,Urbano,Caminhonete,Ileso       ,64.0,Masculino
1258069,23/02/2013,RN,304,MOSSORO,Falta de atenção,Colisão com objeto fixo,Com Vítimas Feridas,Plena noite,Ceu Claro,Dupla   ,Urbano,Motocicletas,Ferido Grave,-1.0,Masculino
1258092,23/02/2013,RN,101,PARNAMIRIM,Outras,Colisão frontal,Com Vítimas Feridas,Amanhecer,Ceu Claro,Dupla   ,Urbano,Automóvel,Ileso       ,30.0,Masculino
1258092,23/02/2013,RN,101,PARNAMIRIM,Outras,Colisão frontal,Com Vítimas Feridas,Amanhecer,Ceu Claro,Dupla   ,Urbano,Motocicletas,Ferido Leve ,23.0,Masculino
1258235,26/02/2013,RN,226,NATAL,Falta de atenção,Colisão lateral,Sem Vítimas        ,Pleno dia,Ceu Claro,Simples ,Urbano,Caminhonete,Ileso       ,37.0,Masculino