id,data_inversa,uf,br,municipio,causa_acidente,tipo_acidente,classificacao_acidente,fase_dia,condicao_metereologica,tipo_pista,uso_solo,tipo_veiculo,estado_fisico,idade,sexo
1258235,26/02/2013,RN,226,NATAL,Falta de atenção,Colisão lateral,Sem Vítimas        ,Pleno dia,Ceu Claro,Simples ,Urbano,Caminhonete,Ileso       ,41.0,Masculino
1258262,26/02/2013,RN,101,SAO GONCALO DO AMARANTE,Falta de atenção,Colisão traseira,Sem Vítimas        ,Pleno dia,Ceu Claro,Dupla   ,Urbano,Automóvel,Ileso       ,34.0,Masculino
1258262,26/02/2013,RN,101,SAO GONCALO DO AMARANTE,Falta de atenção,Colisão traseira,Sem Vítimas        ,Pleno dia,Ceu Claro,Dupla   ,Urbano,Automóvel,Ileso       ,47.0,Masculino
1258262,26/02/2013,RN,101,SAO GONCALO DO AMARANTE,Falta de atenção,Colisão traseira,Sem Vítimas        ,Pleno dia,Ceu Claro,Dupla   ,Urbano,Caminhonete,Ileso       ,-1.0,Masculino
1258262,26/02/2013,RN,101,SAO GONCALO DO AMARANTE,Falta de atenção,Colisão traseira,Sem Vítimas        ,Pleno dia,Ceu Claro,Dupla   ,Urbano,Automóvel,Ileso       ,39.0,Masculino
1258262,26/02/2013,RN,101,SAO GONCALO DO AMARANTE,Falta de atenção,Colisão traseira,Sem Vítimas        ,Pleno dia,Ceu Claro,Dupla   ,Urbano,Automóvel,Ileso       ,34.0,Masculino
1258301,26/02/2013,RN,427,CAICO,Animais na Pista,Capotamento,Sem Vítimas        ,Pleno dia,Ceu Claro,Simples ,Rural ,Automóvel,Ileso       ,33.0,Feminino
1258399,23/02/2013,RN,304,MOSSORO,Ingestão de álcool,Colisão frontal,Com Vítimas Feridas,Plena noite,Ceu Claro,Simples ,Urbano,Automóvel,Ignorado    ,-1.0,Inválido
1258399,23/02/2013,RN,304,MOSSORO,Ingestão de álcool,Colisão frontal,Com Vítimas Feridas,Plena noite,Ceu Claro,Simples ,Urbano,Automóvel,Ferido Leve ,-1.0,Masculino
1258399,23/02/2013,RN,304,MOSSORO,Ingestão de álcool,Colisão frontal,Com Vítimas Feridas,Plena noite,Ceu Claro,Simples ,Urbano,Automóvel,Ferido Leve ,-1.0,Masculino
1258516,26/02/2013,RN,304,ITAJA,Falta de atenção,Colisão Transversal,Com Vítimas Feridas,Pleno dia,Ceu Claro,Simples ,Rural ,Caminhão-Trator,Ileso       ,44.0,Masculino
1258516,26/02/2013,RN,304,ITAJA,Falta de atenção,Colisão Transversal,Com Vítimas Feridas,Pleno dia,Ceu Claro,Simples ,Rural ,Caminhão,Ferido Grave,-1.0,Masculino
1258731,27/02/2013,RN,101,NATAL,Falta de atenção,Colisão traseira,Sem Vítimas        ,Pleno dia,Sol,Múltipla,Urbano,Automóvel,Ileso       ,36.0,Masculino
1258731,27/02/2013,RN,101,NATAL,Falta de atenção,Colisão traseira,Sem Vítimas        ,Pleno dia,Sol,Múltipla,Urbano,Automóvel,Ileso       ,26.0,Masculino
1258750,27/02/2013,RN,101,NATAL,Falta de atenção,Colisão lateral,Sem Vítimas        ,Pleno dia,Ceu Claro,Múltipla,Urbano,Caminhonete,Ileso       ,27.0,Masculino
1258750,27/02/2013,RN,101,NATAL,Falta de atenção,Colisão lateral,Sem Vítimas        ,Pleno dia,Ceu Claro,Múltipla,Urbano,Automóvel,Ileso       ,-1.0,Masculino
1258785,27/02/2013,RN,101,NATAL,Desobediência à sinalização,Colisão Transversal,Com Vítimas Feridas,Pleno dia,Ceu Claro,Múltipla,Urbano,Automóvel,Ileso       ,65.0,Masculino
1258785,27/02/2013,RN,101,NATAL,Desobediência à sinalização,Colisão Transversal,Com Vítimas Feridas,Pleno dia,Ceu Claro,Múltipla,Urbano,Ônibus,Ileso       ,-1.0,Masculino
1258785,27/02/2013,RN,101,NATAL,Desobediência à sinalização,Colisão Transversal,Com Vítimas Feridas,Pleno dia,Ceu Claro,Múltipla,Urbano,Ônibus,Ferido Leve ,-1.0,Feminino
1258830,24/02/2013,RN,406,SAO GONCALO DO AMARANTE,Ingestão de álcool,Colisão frontal,Com Vítimas Feridas,Plena noite,Ceu Claro,Simples ,Rural ,Camioneta,Ignorado    ,35.0,Masculino
1258830,24/02/2013,RN,406,SAO GONCALO DO AMARANTE,Ingestão de álcool,Colisão frontal,Com Vítimas Feridas,Plena noite,Ceu Claro,Simples ,Rural ,Camioneta,Ferido Grave,38.0,Masculino
1258830,24/02/2013,RN,406,SAO GONCALO DO AMARANTE,Ingestão de álcool,Colisão frontal,Com Vítimas Feridas,Plena noite,Ceu Claro,Simples ,Rural ,Camioneta,Ferido Grave,37.0,Masculino
1258830,24/02/2013,RN,406,SAO GONCALO DO AMARANTE,Ingestão de álcool,Colisão frontal,Com Vítimas Feridas,Plena noite,Ceu Claro,Simples ,Rural ,Automóvel,Ferido Leve ,-1.0,Feminino
1258830,24/02/2013,RN,406,SAO GONCALO DO AMARANTE,Ingestão de álcool,Colisão frontal,Com Vítimas Feridas,Plena noite,Ceu Claro,Simples ,Rural ,Automóvel,Ileso       ,34.0,Masculino
1258857,27/02/2013,RN,101,NATAL,Falta de atenção,Colisão lateral,Sem Vítimas        ,Plena noite,Ceu Claro,Dupla   ,Urbano,Caminhonete,Ileso       ,55.0,Masculino
1258857,27/02/2013,RN,101,NATAL,Falta de atenção,Colisão lateral,Sem Vítimas        ,Plena noite,Ceu Claro,Dupla   ,Urbano,Automóvel,Ileso       ,25.0,Masculino
1258862,23/02/2013,RN,101,PARNAMIRIM,Falta de atenção,Colisão traseira,Sem Vítimas        ,Plena noite,Ceu Claro,Múltipla,Urbano,Automóvel,Ileso       ,23.0,Masculino
1258862,23/02/2013,RN,101,PARNAMIRIM,Falta de atenção,Colisão traseira,Sem Vítimas        ,Plena noite,Ceu Claro,Múltipla,Urbano,Automóvel,Ileso       ,27.0,Masculino
1258971,27/02/2013,RN,226,BOM JESUS,Animais na Pista,Atropelamento de animal,Com Vítimas Feridas,Plena noite,Ceu Claro,Simples ,Rural ,Motocicletas,Ferido Leve ,57.0,Masculino
1258979,27/02/2013,RN,405,FELIPE GUERRA,Outras,Saída de Pista,Sem Vítimas        ,Plena noite,Ceu Claro,Simples ,Rural ,Caminhão,Ileso       ,46.0,Masculino
1259045,24/02/2013,RN,405,RAFAEL FERNANDES,Falta de atenção,Colisão traseira,Com Vítimas Feridas,Anoitecer,Ceu Claro,Simples ,Urbano,Automóvel,Ileso       ,30.0,Masculino
1259045,24/02/2013,RN,405,RAFAEL FERNANDES,Falta de atenção,Colisão traseira,Com Vítimas Feridas,Anoitecer,Ceu Claro,Simples ,Urbano,Motocicletas,Ferido Grave,26.0,Masculino
1259048,24/02/2013,RN,101,NATAL,Outras,Colisão traseira,Com Vítimas Feridas,Pleno dia,Ceu Claro,Dupla   ,Urbano,Motocicletas,Ferido Leve ,22.0,Masculino
1259048,24/02/2013,RN,101,NATAL,Outras,Colisão traseira,Com Vítimas Feridas,Pleno dia,Ceu Claro,Dupla   ,Urbano,Automóvel,Ileso       ,21.0,Masculino
1259048,24/02/2013,RN,101,NATAL,Outras,Colisão traseira,Com Vítimas Feridas,Pleno dia,Ceu Claro,Dupla   ,Urbano,Motocicletas,Ferido Leve ,-1.0,Masculino
1259049,27/02/2013,RN,304,LAJES,Animais na Pista,Atropelamento de animal,Com Vítimas Feridas,Plena noite,Ceu Claro,Simples ,Rural ,Caminhão-Trator,Ferido Leve ,28.0,Masculino
1259132,24/02/2013,RN,304,MOSSORO,Falta de atenção,Colisão Transversal,Com Vítimas Feridas,Plena noite,Ceu Claro,Dupla   ,Urbano,Motocicletas,Ferido Grave,30.0,Masculino
1259132,24/02/2013,RN,304,MOSSORO,Falta de atenção,Colisão Transversal,Com Vítimas Feridas,Plena noite,Ceu Claro,Dupla   ,Urbano,Automóvel,Ileso       ,55.0,Masculino
1259183,28/02/2013,RN,226,NATAL,Falta de atenção,Colisão Transversal,Com Vítimas Feridas,Pleno dia,Ceu Claro,Dupla   ,Urbano,Motocicletas,Ferido Leve ,51.0,Masculino
1259183,28/02/2013,RN,226,NATAL,Falta de atenção,Colisão Transversal,Com Vítimas Feridas,Pleno dia,Ceu Claro,Dupla   ,Urbano,Microônibus,Ileso       ,52.0,Masculino
1259190,28/02/2013,RN,101,SAO JOSE DE MIPIBU,Falta de atenção,Colisão lateral,Sem Vítimas        ,Pleno dia,Ceu Claro,Dupla   ,Urbano,Caminhão,Ileso       ,-1.0,Masculino
1259190,28/02/2013,RN,101,SAO JOSE DE MIPIBU,Falta de atenção,Colisão lateral,Sem Vítimas        ,Pleno dia,Ceu Claro,Dupla   ,Urbano,Caminhonete,Ileso       ,51.0,Masculino
1259199,25/02/2013,RN,304,MOSSORO,Ingestão de álcool,Colisão frontal,Com Vítimas Feridas,Plena noite,Ceu Claro,Simples ,Urbano,Automóvel,Ileso       ,36.0,Masculino
1259199,25/02/2013,RN,304,MOSSORO,Ingestão de álcool,Colisão frontal,Com Vítimas Feridas,Plena noite,Ceu Claro,Simples ,Urbano,Automóvel,Ferido Leve ,37.0,Masculino
1259310,28/02/2013,RN,406,JOAO CAMARA,Outras,Colisão Transversal,Sem Vítimas        ,Pleno dia,Ceu Claro,Simples ,Urbano,Caminhonete,Ileso       ,30.0,Masculino
1259310,28/02/2013,RN,406,JOAO CAMARA,Outras,Colisão Transversal,Sem Vítimas        ,Pleno dia,Ceu Claro,Simples ,Urbano,Caminhão-Trator,Ileso       ,52.0,Masculino
1259322,28/02/2013,RN,101,NATAL,Outras,Colisão lateral,Sem Vítimas        ,Plena noite,Ceu Claro,Dupla   ,Urbano,Ônibus,Ileso       ,36.0,Masculino
1259322,28/02/2013,RN,101,NATAL,Outras,Colisão lateral,Sem Vítimas        ,Plena noite,Ceu Claro,Dupla   ,Urbano,Automóvel,Ileso       ,38.0,Masculino
1259358,24/02/2013,RN,226,JANDUIS,Animais na Pista,Atropelamento de animal,Sem Vítimas        ,Plena noite,Ceu Claro,Simples ,Rural ,Camioneta,Ileso       ,36.0,Masculino
1259491,01/03/2013,RN,101,SAO GONCALO DO AMARANTE,Falta de atenção,Colisão frontal,Com Vítimas Feridas,Amanhecer,Nublado,Dupla   ,Urbano,Motocicletas,Ferido Grave,41.0,Masculino
1259491,01/03/2013,RN,101,SAO GONCALO DO AMARANTE,Falta de atenção,Colisão frontal,Com Vítimas Feridas,Amanhecer,Nublado,Dupla   ,Urbano,Motocicletas,Ferido Grave,33.0,Masculino
1259497,27/02/2013,RN,101,PARNAMIRIM,Falta de atenção,Colisão lateral,Sem Vítimas        ,Pleno dia,Ceu Claro,Dupla   ,Urbano,Automóvel,Ileso       ,30.0,Masculino
1259497,27/02/2013,RN,101,PARNAMIRIM,Falta de atenção,Colisão lateral,Sem Vítimas        ,Pleno dia,Ceu Claro,Dupla   ,Urbano,Caminhonete,Ileso       ,43.0,Feminino
1259518,27/02/2013,RN,101,PARNAMIRIM,Não guardar distância de segurança,Colisão lateral,Sem Vítimas        ,Plena noite,Ceu Claro,Dupla   ,Urbano,Ônibus,Ileso       ,47.0,Masculino
1259518,27/02/2013,RN,101,PARNAMIRIM,Não guardar distância de segurança,Colisão lateral,Sem Vítimas        ,Plena noite,Ceu Claro,Dupla   ,Urbano,Automóvel,Ileso       ,49.0,Feminino
1259692,01/03/2013,RN,101,PARNAMIRIM,Outras,Colisão Transversal,Com Vítimas Feridas,Pleno dia,Sol,Dupla   ,Rural ,Carroça,Ferido Leve ,55.0,Masculino
1259692,01/03/2013,RN,101,PARNAMIRIM,Outras,Colisão Transversal,Com Vítimas Feridas,Pleno dia,Sol,Dupla   ,Rural ,Automóvel,Ileso       ,45.0,Feminino
1259710,01/03/2013,RN,110,MOSSORO,Falta de atenção,Colisão lateral,Sem Vítimas        ,Pleno dia,Ceu Claro,Simples ,Urbano,Caminhão,Ileso       ,54.0,Masculino
1259710,01/03/2013,RN,110,MOSSORO,Falta de atenção,Colisão lateral,Sem Vítimas        ,Pleno dia,Ceu Claro,Simples ,Urbano,Caminhonete,Ileso       ,34.0,Masculino
1259786,01/03/2013,RN,101,NATAL,Falta de atenção,Colisão lateral,Sem Vítimas        ,Pleno dia,Sol,Simples ,Urbano,Automóvel,Ileso       ,42.0,Feminino
1259786,01/03/2013,RN,101,NATAL,Falta de atenção,Colisão lateral,Sem Vítimas        ,Pleno dia,Sol,Simples ,Urbano,Motocicletas,Ileso       ,24.0,Masculino
1259827,01/03/2013,RN,406,CEARA-MIRIM,Falta de atenção,Colisão traseira,Sem Vítimas        ,Anoitecer,Ceu Claro,Simples ,Urbano,Automóvel,Ileso       ,-1.0,Masculino
1259827,01/03/2013,RN,406,CEARA-MIRIM,Falta de atenção,Colisão traseira,Sem Vítimas        ,Anoitecer,Ceu Claro,Simples ,Urbano,Automóvel,Ileso       ,19.0,Masculino
1259847,01/03/2013,RN,405,PAU DOS FERROS,Ultrapassagem indevida,Colisão lateral,Com Vítimas Feridas,Plena noite,Ceu Claro,Simples ,Urbano,Motoneta,Ferido Leve ,-1.0,Masculino
1259847,01/03/2013,RN,405,PAU DOS FERROS,Ultrapassagem indevida,Colisão lateral,Com Vítimas Feridas,Plena noite,Ceu Claro,Simples ,Urbano,Motocicletas,Ferido Grave,-1.0,Masculino
1259878,01/03/2013,RN,304,MOSSORO,Defeito mecânico em veículo,Saída de Pista,Sem Vítimas        ,Anoitecer,Ceu Claro,Dupla   ,Urbano,Camioneta,Ileso       ,42.0,Masculino
1259897,01/03/2013,RN,101,PARNAMIRIM,Falta de atenção,Colisão lateral,Sem Vítimas        ,Pleno dia,Ceu Claro,Dupla   ,Urbano,Automóvel,Ileso       ,53.0,Masculino
1259897,01/03/2013,RN,101,PARNAMIRIM,Falta de atenção,Colisão lateral,Sem Vítimas        ,Pleno dia,Ceu Claro,Dupla   ,Urbano,Automóvel,Ileso       ,30.0,Masculino
1259905,01/03/2013,RN,101,NATAL,Falta de atenção,Colisão lateral,Sem Vítimas        ,Pleno dia,Ceu Claro,Múltipla,Urbano,Caminhonete,Ileso       ,35.0,Masculino
1259905,01/03/2013,RN,101,NATAL,Falta de atenção,Colisão lateral,Sem Vítimas        ,Pleno dia,Ceu Claro,Múltipla,Urbano,Automóvel,Ileso       ,33.0,Masculino
1259917,01/03/2013,RN,101,SAO JOSE DE MIPIBU,Velocidade incompatível,Atropelamento de pessoa,Com Vítimas Feridas,Pleno dia,Ceu Claro,Dupla   ,Rural ,(null),Ferido Grave,-1.0,Masculino
1259917,01/03/2013,RN,101,SAO JOSE DE MIPIBU,Velocidade incompatível,Atropelamento de pessoa,Com Vítimas Feridas,Pleno dia,Ceu Claro,Dupla   ,Rural ,(null),Ferido Leve ,30.0,Masculino
1259917,01/03/2013,RN,101,SAO JOSE DE MIPIBU,Velocidade incompatível,Atropelamento de pessoa,Com Vítimas Feridas,Pleno dia,Ceu Claro,Dupla   ,Rural ,Automóvel,Ignorado    ,45.0,Masculino
1260007,01/03/2013,RN,226,LAJES PINTADAS,Defeito mecânico em veículo,Saída de Pista,Com Vítimas Feridas,Plena noite,Ceu Claro,Simples ,Rural ,Caminhão,Ferido Grave,28.0,Masculino
1260007,01/03/2013,RN,226,LAJES PINTADAS,Defeito mecânico em veículo,Saída de Pista,Com Vítimas Feridas,Plena noite,Ceu Claro,Simples ,Rural ,Caminhão,Ferido Leve ,34.0,Masculino
1260007,01/03/2013,RN,226,LAJES PINTADAS,Defeito mecânico em veículo,Saída de Pista,Com Vítimas Feridas,Plena noite,Ceu Claro,Simples ,Rural ,Caminhão,Ferido Leve ,-1.0,Masculino
1260023,01/03/2013,RN,427,ACARI,Outras,Colisão com objeto fixo,Sem Vítimas        ,Anoitecer,Ceu Claro,Simples ,Rural ,Caminhonete,Ileso       ,34.0,Masculino
1260038,01/03/2013,RN,304,PARNAMIRIM,Outras,Colisão Transversal,Com Vítimas Feridas,Plena noite,Nublado,Dupla   ,Rural ,Automóvel,Ferido Leve ,21.0,Masculino
1260038,01/03/2013,RN,304,PARNAMIRIM,Outras,Colisão Transversal,Com Vítimas Feridas,Plena noite,Nublado,Dupla   ,Rural ,Carroça,Ferido Grave,40.0,Masculino
1260072,01/03/2013,RN,101,PARNAMIRIM,Outras,Colisão Transversal,Com Vítimas Feridas,Pleno dia,Nublado,Dupla   ,Urbano,Caminhão-Trator,Ileso       ,43.0,Masculino
1260072,01/03/2013,RN,101,PARNAMIRIM,Outras,Colisão Transversal,Com Vítimas Feridas,Pleno dia,Nublado,Dupla   ,Urbano,Automóvel,Ferido Leve ,30.0,Masculino
1260080,01/03/2013,RN,101,NATAL,Outras,Colisão Transversal,Sem Vítimas        ,Plena noite,Chuva,Múltipla,Urbano,Automóvel,Ileso       ,31.0,Masculino
1260080,01/03/2013,RN,101,NATAL,Outras,Colisão Transversal,Sem Vítimas        ,Plena noite,Chuva,Múltipla,Urbano,Automóvel,Ileso       ,39.0,Masculino
1260093,01/03/2013,RN,101,PARNAMIRIM,Não guardar distância de segurança,Colisão traseira,Com Vítimas Feridas,Plena noite,Nublado,Dupla   ,Urbano,Camioneta,Ileso       ,33.0,Masculino
1260093,01/03/2013,RN,101,PARNAMIRIM,Não guardar distância de segurança,Colisão traseira,Com Vítimas Feridas,Plena noite,Nublado,Dupla   ,Urbano,Automóvel,Ileso       ,22.0,Masculino
1260093,01/03/2013,RN,101,PARNAMIRIM,Não guardar distância de segurança,Colisão traseira,Com Vítimas Feridas,Plena noite,Nublado,Dupla   ,Urbano,Camioneta,Ferido Leve ,33.0,Feminino
1260095,02/03/2013,RN,304,MOSSORO,Falta de atenção,Queda de motocicleta / bicicleta / veículo,Com Vítimas Feridas,Plena noite,Ceu Claro,Simples ,Urbano,Motoneta,Ferido Leve ,24.0,Masculino
1260108,28/02/2013,RN,101,NATAL,Outras,Atropelamento de pessoa,Com Vítimas Feridas,Anoitecer,Ceu Claro,Dupla   ,Urbano,Motocicletas,Ileso       ,-1.0,Masculino
1260108,28/02/2013,RN,101,NATAL,Outras,Atropelamento de pessoa,Com Vítimas Feridas,Anoitecer,Ceu Claro,Dupla   ,Urbano,(null),Ferido Leve ,-1.0,Masculino
1260113,28/02/2013,RN,101,NATAL,Não guardar distância de segurança,Colisão traseira,Com Vítimas Feridas,Plena noite,Ceu Claro,Simples ,Urbano,Motocicletas,Ferido Leve ,-1.0,Masculino
1260113,28/02/2013,RN,101,NATAL,Não guardar distância de segurança,Colisão traseira,Com Vítimas Feridas,Plena noite,Ceu Claro,Simples ,Urbano,Automóvel,Ileso       ,-1.0,Masculino
1260213,02/03/2013,RN,101,PARNAMIRIM,Falta de atenção,Colisão lateral,Sem Vítimas        ,Pleno dia,Nublado,Dupla   ,Urbano,Ônibus,Ileso       ,34.0,Masculino
1260213,02/03/2013,RN,101,PARNAMIRIM,Falta de atenção,Colisão lateral,Sem Vítimas        ,Pleno dia,Nublado,Dupla   ,Urbano,Automóvel,Ileso       ,-1.0,Feminino
1260291,02/03/2013,RN,101,SAO JOSE DE MIPIBU,Outras,Colisão com objeto fixo,Sem Vítimas        ,Pleno dia,Sol,Dupla   ,Rural ,Caminhonete,Ileso       ,57.0,Masculino
1260291,02/03/2013,RN,101,SAO JOSE DE MIPIBU,Outras,Colisão com objeto fixo,Sem Vítimas        ,Pleno dia,Sol,Dupla   ,Rural ,Automóvel,Ignorado    ,-1.0,Inválido
1260304,02/03/2013,RN,101,CANGUARETAMA,Outras,Saída de Pista,Sem Vítimas        ,Pleno dia,Chuva,Dupla   ,Rural ,Automóvel,Ileso       ,32.0,Masculino
1260346,02/03/2013,RN,101,PARNAMIRIM,Não guardar distância de segurança,Colisão traseira,Sem Vítimas        ,Pleno dia,Ceu Claro,Dupla   ,Urbano,Automóvel,Ileso       ,-1.0,Masculino
1260346,02/03/2013,RN,101,PARNAMIRIM,Não guardar distância de segurança,Colisão traseira,Sem Vítimas        ,Pleno dia,Ceu Claro,Dupla   ,Urbano,Automóvel,Ileso       ,-1.0,Masculino
1260508,25/02/2013,RN,304,ANGICOS,Animais na Pista,Atropelamento de animal,Ignorado           ,Plena noite,Ceu Claro,Simples ,Rural ,Motocicletas,Ignorado    ,42.0,Masculino
1260550,02/03/2013,RN,406,JOAO CAMARA,Desobediência à sinalização,Colisão Transversal,Com Vítimas Feridas,Pleno dia,Ceu Claro,Simples ,Urbano,Automóvel,Ileso       ,31.0,Masculino
1260550,02/03/2013,RN,406,JOAO CAMARA,Desobediência à sinalização,Colisão Transversal,Com Vítimas Feridas,Pleno dia,Ceu Claro,Simples ,Urbano,Motocicletas,Ferido Leve ,-1.0,Inválido
1260572,02/03/2013,RN,101,NATAL,Falta de atenção,Colisão lateral,Sem Vítimas        ,Plena noite,Ignorada,Múltipla,Urbano,Automóvel,Ileso       ,21.0,Feminino
1260572,02/03/2013,RN,101,NATAL,Falta de atenção,Colisão lateral,Sem Vítimas        ,Plena noite,Ignorada,Múltipla,Urbano,Automóvel,Ileso       ,27.0,Feminino
1260864,27/02/2013,RN,304,MOSSORO,Falta de atenção,Colisão Transversal,Com Vítimas Feridas,Pleno dia,Ceu Claro,Dupla   ,Urbano,Automóvel,Ileso       ,24.0,Masculino
1260864,27/02/2013,RN,304,MOSSORO,Falta de atenção,Colisão Transversal,Com Vítimas Feridas,Pleno dia,Ceu Claro,Dupla   ,Urbano,Camioneta,Ferido Leve ,55.0,Masculino
1260864,27/02/2013,RN,304,MOSSORO,Falta de atenção,Colisão Transversal,Com Vítimas Feridas,Pleno dia,Ceu Claro,Dupla   ,Urbano,Automóvel,Ferido Leve ,-1.0,Masculino
1260870,19/02/2013,RN,101,SAO GONCALO DO AMARANTE,Falta de atenção,Colisão lateral,Sem Vítimas        ,Pleno dia,Sol,Dupla   ,Urbano,Automóvel,Ileso       ,53.0,Masculino
1260870,19/02/2013,RN,101,SAO GONCALO DO AMARANTE,Falta de atenção,Colisão lateral,Sem Vítimas        ,Pleno dia,Sol,Dupla   ,Urbano,Automóvel,Ileso       ,31.0,Masculino
1260997,03/03/2013,RN,427,CAICO,Outras,Capotamento,Com Vítimas Feridas,Plena noite,Ceu Claro,Simples ,Rural ,Automóvel,Ferido Leve ,26.0,Masculino
1260997,03/03/2013,RN,427,CAICO,Outras,Capotamento,Com Vítimas Feridas,Plena noite,Ceu Claro,Simples ,Rural ,Automóvel,Ferido Grave,15.0,Feminino
1260997,03/03/2013,RN,427,CAICO,Outras,Capotamento,Com Vítimas Feridas,Plena noite,Ceu Claro,Simples ,Rural ,Automóvel,Ferido Grave,20.0,Feminino
1261013,28/02/2013,RN,101,NATAL,Ingestão de álcool,Colisão traseira,Sem Vítimas        ,Plena noite,Ceu Claro,Dupla   ,Urbano,Automóvel,Ileso       ,22.0,Masculino
1261013,28/02/2013,RN,101,NATAL,Ingestão de álcool,Colisão traseira,Sem Vítimas        ,Plena noite,Ceu Claro,Dupla   ,Urbano,Automóvel,Ileso       ,22.0,Feminino
1261013,28/02/2013,RN,101,NATAL,Ingestão de álcool,Colisão traseira,Sem Vítimas        ,Plena noite,Ceu Claro,Dupla   ,Urbano,Automóvel,Ileso       ,34.0,Masculino
1261030,04/03/2013,RN,304,SANTA MARIA,Outras,Tombamento,Com Vítimas Feridas,Pleno dia,Ceu Claro,Simples ,Urbano,Motocicletas,Ferido Leve ,22.0,Masculino
1261030,04/03/2013,RN,304,SANTA MARIA,Outras,Tombamento,Com Vítimas Feridas,Pleno dia,Ceu Claro,Simples ,Urbano,Motocicletas,Ferido Leve ,-1.0,Feminino
1261051,28/02/2013,RN,101,PARNAMIRIM,Falta de atenção,Colisão traseira,Com Vítimas Feridas,Pleno dia,Ceu Claro,Dupla   ,Urbano,Motocicletas,Ferido Leve ,-1.0,Masculino
1261051,28/02/2013,RN,101,PARNAMIRIM,Falta de atenção,Colisão traseira,Com Vítimas Feridas,Pleno dia,Ceu Claro,Dupla   ,Urbano,Motocicletas,Ferido Grave,-1.0,Masculino
1261059,28/02/2013,RN,406,JOAO CAMARA,Falta de atenção,Colisão traseira,Sem Vítimas        ,Pleno dia,Ceu Claro,Simples ,Urbano,Caminhão-Tanque,Ileso       ,48.0,Masculino
1261059,28/02/2013,RN,406,JOAO CAMARA,Falta de atenção,Colisão traseira,Sem Vítimas        ,Pleno dia,Ceu Claro,Simples ,Urbano,Caminhonete,Ileso       ,26.0,Masculino
1261089,20/02/2013,RN,101,SAO JOSE DE MIPIBU,Outras,Colisão traseira,Sem Vítimas        ,Pleno dia,Ceu Claro,Dupla   ,Rural ,Utilitário,Ileso       ,26.0,Feminino
1261089,20/02/2013,RN,101,SAO JOSE DE MIPIBU,Outras,Colisão traseira,Sem Vítimas        ,Pleno dia,Ceu Claro,Dupla   ,Rural ,Automóvel,Ileso       ,23.0,Masculino
1261166,22/02/2013,RN,101,CANGUARETAMA,Animais na Pista,Atropelamento de animal,Com Vítimas Feridas,Plena noite,Ceu Claro,Dupla   ,Rural ,Automóvel,Ileso       ,40.0,Masculino
1261166,22/02/2013,RN,101,CANGUARETAMA,Animais na Pista,Atropelamento de animal,Com Vítimas Feridas,Plena noite,Ceu Claro,Dupla   ,Rural ,Automóvel,Ferido Leve ,34.0,Feminino
1261171,25/02/2013,RN,101,NATAL,Outras,Colisão traseira,Sem Vítimas        ,Plena noite,Ceu Claro,Dupla   ,Urbano,Automóvel,Ignorado    ,-1.0,Masculino
1261171,25/02/2013,RN,101,NATAL,Outras,Colisão traseira,Sem Vítimas        ,Plena noite,Ceu Claro,Dupla   ,Urbano,Automóvel,Ileso       ,27.0,Masculino
1261199,04/03/2013,RN,101,NATAL,Outras,Colisão traseira,Sem Vítimas        ,Pleno dia,Sol,Dupla   ,Urbano,Caminhão,Ileso       ,40.0,Masculino
1261199,04/03/2013,RN,101,NATAL,Outras,Colisão traseira,Sem Vítimas        ,Pleno dia,Sol,Dupla   ,Urbano,Automóvel,Ileso       ,64.0,Masculino
1261211,26/02/2013,RN,304,MOSSORO,Não guardar distância de segurança,Colisão lateral,Com Vítimas Feridas,Pleno dia,Sol,Simples ,Urbano,Caminhonete,Ileso       ,36.0,Masculino
1261211,26/02/2013,RN,304,MOSSORO,Não guardar distância de segurança,Colisão lateral,Com Vítimas Feridas,Pleno dia,Sol,Simples ,Urbano,Motocicletas,Ferido Leve ,20.0,Masculino
1261513,04/03/2013,RN,405,ITAU,Outras,Saída de Pista,Com Vítimas Feridas,Plena noite,Ignorada,Simples ,Rural ,Automóvel,Ferido Leve ,42.0,Masculino
1261513,04/03/2013,RN,405,ITAU,Outras,Saída de Pista,Com Vítimas Feridas,Plena noite,Ignorada,Simples ,Rural ,Automóvel,Ferido Leve ,-1.0,Feminino
1261513,04/03/2013,RN,405,ITAU,Outras,Saída de Pista,Com Vítimas Feridas,Plena noite,Ignorada,Simples ,Rural ,Automóvel,Ileso       ,-1.0,Feminino
1261513,04/03/2013,RN,405,ITAU,Outras,Saída de Pista,Com Vítimas Feridas,Plena noite,Ignorada,Simples ,Rural ,Automóvel,Ferido Leve ,7.0,Feminino
1261635,03/03/2013,RN,110,MOSSORO,Não guardar distância de segurança,Colisão traseira,Com Vítimas Feridas,Pleno dia,Ceu Claro,Simples ,Urbano,Motocicletas,Ferido Leve ,32.0,Masculino
1261635,03/03/2013,RN,110,MOSSORO,Não guardar distância de segurança,Colisão traseira,Com Vítimas Feridas,Pleno dia,Ceu Claro,Simples ,Urbano,Motocicletas,Ferido Leve ,46.0,Feminino
1261635,03/03/2013,RN,110,MOSSORO,Não guardar distância de segurança,Colisão traseira,Com Vítimas Feridas,Pleno dia,Ceu Claro,Simples ,Urbano,Não identificado,Ignorado    ,-1.0,Inválido