id,data_inversa,uf,br,municipio,causa_acidente,tipo_acidente,classificacao_acidente,fase_dia,condicao_metereologica,tipo_pista,uso_solo,tipo_veiculo,estado_fisico,idade,sexo
1264164,02/03/2013,RN,101,NATAL,Outras,Colisão lateral,Com Vítimas Feridas,Anoitecer,Ceu Claro,Dupla   ,Urbano,Motocicletas,Ferido Leve ,53.0,Masculino
1264164,02/03/2013,RN,101,NATAL,Outras,Colisão lateral,Com Vítimas Feridas,Anoitecer,Ceu Claro,Dupla   ,Urbano,Automóvel,Ileso       ,37.0,Feminino
1264164,02/03/2013,RN,101,NATAL,Outras,Colisão lateral,Com Vítimas Feridas,Anoitecer,Ceu Claro,Dupla   ,Urbano,Ônibus,Ileso       ,-1.0,Masculino
1264258,10/03/2013,RN,427,CURRAIS NOVOS,Velocidade incompatível,Colisão frontal,Com Vítimas Fatais ,Pleno dia,Sol,Simples ,Rural ,Motocicletas,Morto       ,57.0,Masculino
1264258,10/03/2013,RN,427,CURRAIS NOVOS,Velocidade incompatível,Colisão frontal,Com Vítimas Fatais ,Pleno dia,Sol,Simples ,Rural ,Caminhão,Ileso       ,39.0,Masculino
1264258,10/03/2013,RN,427,CURRAIS NOVOS,Velocidade incompatível,Colisão frontal,Com Vítimas Fatais ,Pleno dia,Sol,Simples ,Rural ,Caminhão,Ileso       ,30.0,Masculino
1264286,07/03/2013,RN,110,AREIA BRANCA,Falta de atenção,Colisão com bicicleta,Com Vítimas Fatais ,Plena noite,Ceu Claro,Simples ,Rural ,Ônibus,Ileso       ,40.0,Masculino
1264286,07/03/2013,RN,110,AREIA BRANCA,Falta de atenção,Colisão com bicicleta,Com Vítimas Fatais ,Plena noite,Ceu Claro,Simples ,Rural ,Bicicleta,Morto       ,-1.0,Masculino
1264351,10/03/2013,RN,304,MACAIBA,Outras,Colisão Transversal,Com Vítimas Feridas,Pleno dia,Sol,Simples ,Urbano,Motocicletas,Ferido Leve ,-1.0,Masculino
1264351,10/03/2013,RN,304,MACAIBA,Outras,Colisão Transversal,Com Vítimas Feridas,Pleno dia,Sol,Simples ,Urbano,Automóvel,Ileso       ,43.0,Masculino
1264477,04/03/2013,RN,101,NATAL,Outras,Colisão traseira,Com Vítimas Feridas,Pleno dia,Ceu Claro,Simples ,Urbano,Motocicletas,Ferido Leve ,40.0,Masculino
1264477,04/03/2013,RN,101,NATAL,Outras,Colisão traseira,Com Vítimas Feridas,Pleno dia,Ceu Claro,Simples ,Urbano,Automóvel,Ileso       ,-1.0,Feminino
1264477,04/03/2013,RN,101,NATAL,Outras,Colisão traseira,Com Vítimas Feridas,Pleno dia,Ceu Claro,Simples ,Urbano,Automóvel,Ileso       ,-1.0,Feminino
1264534,07/03/2013,RN,101,SAO GONCALO DO AMARANTE,Falta de atenção,Colisão traseira,Sem Vítimas        ,Pleno dia,Ceu Claro,Dupla   ,Urbano,Automóvel,Ileso       ,38.0,Masculino
1264534,07/03/2013,RN,101,SAO GONCALO DO AMARANTE,Falta de atenção,Colisão traseira,Sem Vítimas        ,Pleno dia,Ceu Claro,Dupla   ,Urbano,Motoneta,Ileso       ,31.0,Masculino
1264537,10/03/2013,RN,405,MOSSORO,Outras,Colisão traseira,Com Vítimas Feridas,Pleno dia,Ceu Claro,Dupla   ,Urbano,Automóvel,Ileso       ,39.0,Masculino
1264537,10/03/2013,RN,405,MOSSORO,Outras,Colisão traseira,Com Vítimas Feridas,Pleno dia,Ceu Claro,Dupla   ,Urbano,Automóvel,Ileso       ,49.0,Masculino
1264537,10/03/2013,RN,405,MOSSORO,Outras,Colisão traseira,Com Vítimas Feridas,Pleno dia,Ceu Claro,Dupla   ,Urbano,Automóvel,Ileso       ,-1.0,Inválido
1264537,10/03/2013,RN,405,MOSSORO,Outras,Colisão traseira,Com Vítimas Feridas,Pleno dia,Ceu Claro,Dupla   ,Urbano,Automóvel,Ferido Leve ,-1.0,Feminino
1264537,10/03/2013,RN,405,MOSSORO,Outras,Colisão traseira,Com Vítimas Feridas,Pleno dia,Ceu Claro,Dupla   ,Urbano,Automóvel,Ignorado    ,28.0,Masculino
1264542,10/03/2013,RN,101,NATAL,Desobediência à sinalização,Colisão Transversal,Com Vítimas Feridas,Pleno dia,Ceu Claro,Dupla   ,Urbano,Motoneta,Ferido Grave,36.0,Masculino
1264542,10/03/2013,RN,101,NATAL,Desobediência à sinalização,Colisão Transversal,Com Vítimas Feridas,Pleno dia,Ceu Claro,Dupla   ,Urbano,Motocicletas,Ignorado    ,-1.0,Masculino
1264699,07/03/2013,RN,304,ASSU,Outras,Capotamento,Sem Vítimas        ,Plena noite,Ceu Claro,Simples ,Rural ,Caminhão,Ileso       ,39.0,Masculino
1264729,11/03/2013,RN,101,SAO GONCALO DO AMARANTE,Não guardar distância de segurança,Colisão traseira,Sem Vítimas        ,Pleno dia,Ceu Claro,Dupla   ,Urbano,Automóvel,Ileso       ,29.0,Masculino
1264729,11/03/2013,RN,101,SAO GONCALO DO AMARANTE,Não guardar distância de segurança,Colisão traseira,Sem Vítimas        ,Pleno dia,Ceu Claro,Dupla   ,Urbano,Automóvel,Ileso       ,30.0,Masculino
1264729,11/03/2013,RN,101,SAO GONCALO DO AMARANTE,Não guardar distância de segurança,Colisão traseira,Sem Vítimas        ,Pleno dia,Ceu Claro,Dupla   ,Urbano,Ônibus,Ileso       ,33.0,Masculino
1264759,11/03/2013,RN,101,SAO GONCALO DO AMARANTE,Outras,Colisão traseira,Sem Vítimas        ,Pleno dia,Ceu Claro,Dupla   ,Urbano,Automóvel,Ileso       ,43.0,Masculino
1264759,11/03/2013,RN,101,SAO GONCALO DO AMARANTE,Outras,Colisão traseira,Sem Vítimas        ,Pleno dia,Ceu Claro,Dupla   ,Urbano,Caminhão,Ileso       ,31.0,Masculino
1264824,11/03/2013,RN,101,PARNAMIRIM,Não guardar distância de segurança,Colisão traseira,Sem Vítimas        ,Pleno dia,Sol,Dupla   ,Urbano,Utilitário,Ileso       ,29.0,Feminino
1264824,11/03/2013,RN,101,PARNAMIRIM,Não guardar distância de segurança,Colisão traseira,Sem Vítimas        ,Pleno dia,Sol,Dupla   ,Urbano,Automóvel,Ileso       ,37.0,Masculino
1264833,11/03/2013,RN,101,PARNAMIRIM,Falta de atenção,Atropelamento de pessoa,Com Vítimas Feridas,Pleno dia,Ceu Claro,Dupla   ,Urbano,Automóvel,Ileso       ,49.0,Masculino
1264833,11/03/2013,RN,101,PARNAMIRIM,Falta de atenção,Atropelamento de pessoa,Com Vítimas Feridas,Pleno dia,Ceu Claro,Dupla   ,Urbano,(null),Ferido Grave,-1.0,Masculino
1264843,27/02/2013,RN,101,NATAL,Não guardar distância de segurança,Colisão traseira,Sem Vítimas        ,Pleno dia,Ceu Claro,Múltipla,Urbano,Automóvel,Ileso       ,-1.0,Masculino
1264843,27/02/2013,RN,101,NATAL,Não guardar distância de segurança,Colisão traseira,Sem Vítimas        ,Pleno dia,Ceu Claro,Múltipla,Urbano,Automóvel,Ileso       ,-1.0,Masculino
1264896,11/03/2013,RN,101,NATAL,Defeito mecânico em veículo,Colisão traseira,Sem Vítimas        ,Pleno dia,Ceu Claro,Dupla   ,Urbano,Automóvel,Ileso       ,34.0,Masculino
1264896,11/03/2013,RN,101,NATAL,Defeito mecânico em veículo,Colisão traseira,Sem Vítimas        ,Pleno dia,Ceu Claro,Dupla   ,Urbano,Ônibus,Ileso       ,34.0,Masculino
1264904,06/03/2013,RN,304,MACAIBA,Não guardar distância de segurança,Colisão traseira,Sem Vítimas        ,Pleno dia,Ceu Claro,Simples ,Rural ,Microônibus,Ileso       ,45.0,Masculino
1264904,06/03/2013,RN,304,MACAIBA,Não guardar distância de segurança,Colisão traseira,Sem Vítimas        ,Pleno dia,Ceu Claro,Simples ,Rural ,Ônibus,Ileso       ,24.0,Masculino
1264904,06/03/2013,RN,304,MACAIBA,Não guardar distância de segurança,Colisão traseira,Sem Vítimas        ,Pleno dia,Ceu Claro,Simples ,Rural ,Reboque,Ignorado    ,-1.0,Inválido
1264945,11/03/2013,RN,101,NATAL,Falta de atenção,Colisão traseira,Com Vítimas Feridas,Pleno dia,Ceu Claro,Múltipla,Urbano,Motocicletas,Ferido Leve ,20.0,Masculino
1264945,11/03/2013,RN,101,NATAL,Falta de atenção,Colisão traseira,Com Vítimas Feridas,Pleno dia,Ceu Claro,Múltipla,Urbano,Automóvel,Ileso       ,31.0,Masculino
1264986,09/03/2013,RN,304,MOSSORO,Falta de atenção,Colisão Transversal,Sem Vítimas        ,Pleno dia,Sol,Simples ,Urbano,Caminhão-Trator,Ileso       ,53.0,Masculino
1264986,09/03/2013,RN,304,MOSSORO,Falta de atenção,Colisão Transversal,Sem Vítimas        ,Pleno dia,Sol,Simples ,Urbano,Automóvel,Ileso       ,23.0,Masculino
1264989,07/03/2013,RN,101,NATAL,Não guardar distância de segurança,Colisão traseira,Sem Vítimas        ,Pleno dia,Ceu Claro,Múltipla,Urbano,Automóvel,Ileso       ,32.0,Masculino
1264989,07/03/2013,RN,101,NATAL,Não guardar distância de segurança,Colisão traseira,Sem Vítimas        ,Pleno dia,Ceu Claro,Múltipla,Urbano,Automóvel,Ileso       ,58.0,Masculino
1265003,11/03/2013,RN,101,NATAL,Não guardar distância de segurança,Colisão traseira,Com Vítimas Fatais ,Anoitecer,Ceu Claro,Dupla   ,Urbano,Ciclomotor,Morto       ,16.0,Masculino
1265003,11/03/2013,RN,101,NATAL,Não guardar distância de segurança,Colisão traseira,Com Vítimas Fatais ,Anoitecer,Ceu Claro,Dupla   ,Urbano,Caminhão,Ignorado    ,-1.0,Inválido
1265018,11/03/2013,RN,101,NATAL,Falta de atenção,Colisão traseira,Sem Vítimas        ,Plena noite,Ceu Claro,Múltipla,Urbano,Ônibus,Ileso       ,33.0,Masculino
1265018,11/03/2013,RN,101,NATAL,Falta de atenção,Colisão traseira,Sem Vítimas        ,Plena noite,Ceu Claro,Múltipla,Urbano,Automóvel,Ileso       ,26.0,Masculino
1265071,11/03/2013,RN,427,CAICO,Defeito mecânico em veículo,Capotamento,Com Vítimas Feridas,Anoitecer,Ceu Claro,Simples ,Rural ,Caminhonete,Ferido Leve ,34.0,Masculino
1265131,11/03/2013,RN,110,MOSSORO,Falta de atenção,Colisão traseira,Sem Vítimas        ,Anoitecer,Ceu Claro,Simples ,Urbano,Caminhonete,Ileso       ,41.0,Masculino
1265131,11/03/2013,RN,110,MOSSORO,Falta de atenção,Colisão traseira,Sem Vítimas        ,Anoitecer,Ceu Claro,Simples ,Urbano,Motocicletas,Ileso       ,39.0,Masculino
1265131,11/03/2013,RN,110,MOSSORO,Falta de atenção,Colisão traseira,Sem Vítimas        ,Anoitecer,Ceu Claro,Simples ,Urbano,Motocicletas,Ileso       ,57.0,Masculino
1265135,07/03/2013,RN,304,MOSSORO,Falta de atenção,Colisão lateral,Com Vítimas Feridas,Plena noite,Ceu Claro,Simples ,Urbano,Motocicletas,Ferido Leve ,31.0,Masculino
1265135,07/03/2013,RN,304,MOSSORO,Falta de atenção,Colisão lateral,Com Vítimas Feridas,Plena noite,Ceu Claro,Simples ,Urbano,Ciclomotor,Ignorado    ,-1.0,Inválido
1265155,08/03/2013,RN,101,PARNAMIRIM,Ingestão de álcool,Colisão traseira,Sem Vítimas        ,Plena noite,Ceu Claro,Dupla   ,Urbano,Automóvel,Ileso       ,61.0,Masculino
1265155,08/03/2013,RN,101,PARNAMIRIM,Ingestão de álcool,Colisão traseira,Sem Vítimas        ,Plena noite,Ceu Claro,Dupla   ,Urbano,Automóvel,Ileso       ,20.0,Masculino
1265212,08/03/2013,RN,101,NATAL,Outras,Colisão traseira,Sem Vítimas        ,Pleno dia,Ceu Claro,Simples ,Urbano,Automóvel,Ileso       ,27.0,Masculino
1265212,08/03/2013,RN,101,NATAL,Outras,Colisão traseira,Sem Vítimas        ,Pleno dia,Ceu Claro,Simples ,Urbano,Automóvel,Ileso       ,62.0,Masculino
1265215,12/02/2013,RN,101,EXTREMOZ,Ultrapassagem indevida,Colisão traseira,Com Vítimas Feridas,Pleno dia,Sol,Dupla   ,Rural ,Motocicletas,Ferido Grave,29.0,Masculino
1265215,12/02/2013,RN,101,EXTREMOZ,Ultrapassagem indevida,Colisão traseira,Com Vítimas Feridas,Pleno dia,Sol,Dupla   ,Rural ,Bicicleta,Ferido Leve ,45.0,Masculino
1265313,12/03/2013,RN,101,NATAL,Outras,Colisão traseira,Sem Vítimas        ,Pleno dia,Ceu Claro,Dupla   ,Urbano,Automóvel,Ileso       ,41.0,Masculino
1265313,12/03/2013,RN,101,NATAL,Outras,Colisão traseira,Sem Vítimas        ,Pleno dia,Ceu Claro,Dupla   ,Urbano,Automóvel,Ileso       ,-1.0,Feminino
1265361,12/03/2013,RN,405,ITAU,Falta de atenção,Colisão Transversal,Sem Vítimas        ,Pleno dia,Sol,Simples ,Rural ,Automóvel,Ileso       ,29.0,Masculino
1265361,12/03/2013,RN,405,ITAU,Falta de atenção,Colisão Transversal,Sem Vítimas        ,Pleno dia,Sol,Simples ,Rural ,Caminhonete,Ileso       ,36.0,Masculino
1265499,13/03/2013,RN,304,MOSSORO,Falta de atenção,Colisão Transversal,Sem Vítimas        ,Pleno dia,Ceu Claro,Simples ,Urbano,Caminhonete,Ileso       ,61.0,Masculino
1265499,13/03/2013,RN,304,MOSSORO,Falta de atenção,Colisão Transversal,Sem Vítimas        ,Pleno dia,Ceu Claro,Simples ,Urbano,Caminhonete,Ileso       ,46.0,Masculino
1265504,12/03/2013,RN,226,TANGARA,Outras,Capotamento,Sem Vítimas        ,Pleno dia,Ceu Claro,Simples ,Rural ,Automóvel,Ileso       ,23.0,Masculino
1265543,13/03/2013,RN,101,NATAL,Falta de atenção,Colisão traseira,Sem Vítimas        ,Pleno dia,Ceu Claro,Dupla   ,Urbano,Automóvel,Ileso       ,57.0,Masculino
1265543,13/03/2013,RN,101,NATAL,Falta de atenção,Colisão traseira,Sem Vítimas        ,Pleno dia,Ceu Claro,Dupla   ,Urbano,Caminhão,Ileso       ,57.0,Masculino
1265579,13/03/2013,RN,101,PARNAMIRIM,Outras,Colisão lateral,Sem Vítimas        ,Pleno dia,Sol,Dupla   ,Urbano,Automóvel,Ileso       ,20.0,Masculino
1265579,13/03/2013,RN,101,PARNAMIRIM,Outras,Colisão lateral,Sem Vítimas        ,Pleno dia,Sol,Dupla   ,Urbano,Caminhonete,Ileso       ,33.0,Masculino
1265720,08/03/2013,RN,304,ASSU,Não guardar distância de segurança,Colisão traseira,Com Vítimas Feridas,Pleno dia,Ceu Claro,Simples ,Rural ,Automóvel,Ferido Leve ,49.0,Masculino
1265720,08/03/2013,RN,304,ASSU,Não guardar distância de segurança,Colisão traseira,Com Vítimas Feridas,Pleno dia,Ceu Claro,Simples ,Rural ,Automóvel,Ileso       ,-1.0,Feminino
1265720,08/03/2013,RN,304,ASSU,Não guardar distância de segurança,Colisão traseira,Com Vítimas Feridas,Pleno dia,Ceu Claro,Simples ,Rural ,Automóvel,Ileso       ,23.0,Masculino
1265720,08/03/2013,RN,304,ASSU,Não guardar distância de segurança,Colisão traseira,Com Vítimas Feridas,Pleno dia,Ceu Claro,Simples ,Rural ,Automóvel,Ileso       ,48.0,Masculino
1265720,08/03/2013,RN,304,ASSU,Não guardar distância de segurança,Colisão traseira,Com Vítimas Feridas,Pleno dia,Ceu Claro,Simples ,Rural ,Automóvel,Ileso       ,40.0,Masculino
1265850,13/03/2013,RN,101,NATAL,Não guardar distância de segurança,Colisão traseira,Sem Vítimas        ,Plena noite,Ceu Claro,Múltipla,Urbano,Automóvel,Ileso       ,28.0,Feminino
1265850,13/03/2013,RN,101,NATAL,Não guardar distância de segurança,Colisão traseira,Sem Vítimas        ,Plena noite,Ceu Claro,Múltipla,Urbano,Automóvel,Ileso       ,35.0,Feminino
1266007,07/03/2013,RN,226,MACAIBA,Ultrapassagem indevida,Colisão lateral,Sem Vítimas        ,Pleno dia,Ceu Claro,Simples ,Rural ,Automóvel,Ileso       ,30.0,Masculino
1266007,07/03/2013,RN,226,MACAIBA,Ultrapassagem indevida,Colisão lateral,Sem Vítimas        ,Pleno dia,Ceu Claro,Simples ,Rural ,Caminhão,Ignorado    ,-1.0,Inválido
1266025,12/03/2013,RN,101,SAO GONCALO DO AMARANTE,Outras,Colisão lateral,Com Vítimas Fatais ,Pleno dia,Ceu Claro,Dupla   ,Urbano,Motocicletas,Morto       ,29.0,Masculino
1266025,12/03/2013,RN,101,SAO GONCALO DO AMARANTE,Outras,Colisão lateral,Com Vítimas Fatais ,Pleno dia,Ceu Claro,Dupla   ,Urbano,Automóvel,Ignorado    ,-1.0,Inválido
1266025,12/03/2013,RN,101,SAO GONCALO DO AMARANTE,Outras,Colisão lateral,Com Vítimas Fatais ,Pleno dia,Ceu Claro,Dupla   ,Urbano,Ônibus,Ileso       ,54.0,Masculino
1266099,14/03/2013,RN,101,NATAL,Outras,Colisão traseira,Sem Vítimas        ,Pleno dia,Ceu Claro,Dupla   ,Urbano,Automóvel,Ileso       ,62.0,Masculino
1266099,14/03/2013,RN,101,NATAL,Outras,Colisão traseira,Sem Vítimas        ,Pleno dia,Ceu Claro,Dupla   ,Urbano,Automóvel,Ileso       ,31.0,Masculino
1266099,14/03/2013,RN,101,NATAL,Outras,Colisão traseira,Sem Vítimas        ,Pleno dia,Ceu Claro,Dupla   ,Urbano,Automóvel,Ileso       ,55.0,Masculino
1266099,14/03/2013,RN,101,NATAL,Outras,Colisão traseira,Sem Vítimas        ,Pleno dia,Ceu Claro,Dupla   ,Urbano,Automóvel,Ileso       ,21.0,Masculino
1266140,14/03/2013,RN,304,MOSSORO,Desobediência à sinalização,Colisão Transversal,Com Vítimas Fatais ,Pleno dia,Ceu Claro,Simples ,Rural ,Caminhonete,Ferido Leve ,33.0,Masculino
1266140,14/03/2013,RN,304,MOSSORO,Desobediência à sinalização,Colisão Transversal,Com Vítimas Fatais ,Pleno dia,Ceu Claro,Simples ,Rural ,Automóvel,Morto       ,24.0,Masculino
1266140,14/03/2013,RN,304,MOSSORO,Desobediência à sinalização,Colisão Transversal,Com Vítimas Fatais ,Pleno dia,Ceu Claro,Simples ,Rural ,Caminhonete,Ferido Leve ,26.0,Masculino
1266140,14/03/2013,RN,304,MOSSORO,Desobediência à sinalização,Colisão Transversal,Com Vítimas Fatais ,Pleno dia,Ceu Claro,Simples ,Rural ,Caminhonete,Ferido Grave,30.0,Masculino
1266140,14/03/2013,RN,304,MOSSORO,Desobediência à sinalização,Colisão Transversal,Com Vítimas Fatais ,Pleno dia,Ceu Claro,Simples ,Rural ,Caminhonete,Ferido Grave,34.0,Masculino
1266140,14/03/2013,RN,304,MOSSORO,Desobediência à sinalização,Colisão Transversal,Com Vítimas Fatais ,Pleno dia,Ceu Claro,Simples ,Rural ,Automóvel,Ferido Grave,30.0,Masculino
1266140,14/03/2013,RN,304,MOSSORO,Desobediência à sinalização,Colisão Transversal,Com Vítimas Fatais ,Pleno dia,Ceu Claro,Simples ,Rural ,Caminhonete,Ignorado    ,-1.0,Masculino
1266155,14/03/2013,RN,226,SANTA CRUZ,Outras,Colisão frontal,Com Vítimas Fatais ,Pleno dia,Ceu Claro,Simples ,Urbano,Automóvel,Ferido Leve ,66.0,Masculino
1266155,14/03/2013,RN,226,SANTA CRUZ,Outras,Colisão frontal,Com Vítimas Fatais ,Pleno dia,Ceu Claro,Simples ,Urbano,Ciclomotor,Morto       ,57.0,Masculino
1266159,10/03/2013,RN,304,ASSU,Outras,Capotamento,Ignorado           ,Plena noite,Ceu Claro,Simples ,Rural ,Automóvel,Ignorado    ,-1.0,Inválido
1266176,14/03/2013,RN,101,NATAL,Falta de atenção,Colisão lateral,Sem Vítimas        ,Pleno dia,Sol,Dupla   ,Urbano,Automóvel,Ileso       ,34.0,Masculino
1266176,14/03/2013,RN,101,NATAL,Falta de atenção,Colisão lateral,Sem Vítimas        ,Pleno dia,Sol,Dupla   ,Urbano,Ônibus,Ileso       ,44.0,Masculino
1266182,14/03/2013,RN,226,NATAL,Não guardar distância de segurança,Colisão traseira,Sem Vítimas        ,Pleno dia,Ceu Claro,Dupla   ,Urbano,Automóvel,Ileso       ,30.0,Feminino
1266182,14/03/2013,RN,226,NATAL,Não guardar distância de segurança,Colisão traseira,Sem Vítimas        ,Pleno dia,Ceu Claro,Dupla   ,Urbano,Automóvel,Ileso       ,43.0,Masculino
1266182,14/03/2013,RN,226,NATAL,Não guardar distância de segurança,Colisão traseira,Sem Vítimas        ,Pleno dia,Ceu Claro,Dupla   ,Urbano,Caminhonete,Ileso       ,58.0,Masculino
1266235,14/03/2013,RN,101,NATAL,Não guardar distância de segurança,Colisão traseira,Sem Vítimas        ,Pleno dia,Sol,Múltipla,Urbano,Automóvel,Ileso       ,41.0,Feminino
1266235,14/03/2013,RN,101,NATAL,Não guardar distância de segurança,Colisão traseira,Sem Vítimas        ,Pleno dia,Sol,Múltipla,Urbano,Caminhão,Ileso       ,47.0,Masculino
1266317,14/03/2013,RN,101,NATAL,Outras,Colisão lateral,Com Vítimas Feridas,Pleno dia,Sol,Dupla   ,Urbano,Motocicletas,Ferido Grave,45.0,Masculino
1266317,14/03/2013,RN,101,NATAL,Outras,Colisão lateral,Com Vítimas Feridas,Pleno dia,Sol,Dupla   ,Urbano,Carroça,Ileso       ,-1.0,Masculino
1266356,13/03/2013,RN,101,PARNAMIRIM,Falta de atenção,Colisão lateral,Com Vítimas Feridas,Plena noite,Ceu Claro,Múltipla,Urbano,Automóvel,Ileso       ,41.0,Masculino
1266356,13/03/2013,RN,101,PARNAMIRIM,Falta de atenção,Colisão lateral,Com Vítimas Feridas,Plena noite,Ceu Claro,Múltipla,Urbano,Motocicletas,Ferido Leve ,26.0,Masculino
1266480,14/03/2013,RN,101,SAO GONCALO DO AMARANTE,Não guardar distância de segurança,Colisão traseira,Sem Vítimas        ,Pleno dia,Ceu Claro,Dupla   ,Urbano,Caminhonete,Ignorado    ,-1.0,Inválido
1266480,14/03/2013,RN,101,SAO GONCALO DO AMARANTE,Não guardar distância de segurança,Colisão traseira,Sem Vítimas        ,Pleno dia,Ceu Claro,Dupla   ,Urbano,Automóvel,Ileso       ,63.0,Masculino
1266516,14/03/2013,RN,110,MOSSORO,Animais na Pista,Atropelamento de animal,Com Vítimas Feridas,Plena noite,Ceu Claro,Simples ,Urbano,Motocicletas,Ferido Leve ,29.0,Masculino
1266744,04/03/2013,RN,101,NATAL,Outras,Colisão traseira,Com Vítimas Feridas,Pleno dia,Ceu Claro,Dupla   ,Urbano,Caminhão,Ileso       ,52.0,Masculino
1266744,04/03/2013,RN,101,NATAL,Outras,Colisão traseira,Com Vítimas Feridas,Pleno dia,Ceu Claro,Dupla   ,Urbano,Motocicletas,Ferido Grave,28.0,Masculino
1266766,11/03/2013,RN,226,NATAL,Falta de atenção,Colisão Transversal,Com Vítimas Feridas,Plena noite,Ceu Claro,Simples ,Urbano,Caminhonete,Ileso       ,44.0,Masculino
1266766,11/03/2013,RN,226,NATAL,Falta de atenção,Colisão Transversal,Com Vítimas Feridas,Plena noite,Ceu Claro,Simples ,Urbano,Motocicletas,Ferido Grave,44.0,Masculino
1266817,15/03/2013,RN,101,SAO GONCALO DO AMARANTE,Falta de atenção,Colisão Transversal,Com Vítimas Feridas,Pleno dia,Ceu Claro,Dupla   ,Urbano,Motocicletas,Ferido Leve ,27.0,Masculino
1266817,15/03/2013,RN,101,SAO GONCALO DO AMARANTE,Falta de atenção,Colisão Transversal,Com Vítimas Feridas,Pleno dia,Ceu Claro,Dupla   ,Urbano,Motocicletas,Ferido Grave,32.0,Masculino
1266817,15/03/2013,RN,101,SAO GONCALO DO AMARANTE,Falta de atenção,Colisão Transversal,Com Vítimas Feridas,Pleno dia,Ceu Claro,Dupla   ,Urbano,Motocicletas,Ferido Leve ,-1.0,Feminino
1266821,15/03/2013,RN,101,PARNAMIRIM,Não guardar distância de segurança,Colisão lateral,Sem Vítimas        ,Pleno dia,Ceu Claro,Dupla   ,Urbano,Automóvel,Ileso       ,20.0,Masculino
1266821,15/03/2013,RN,101,PARNAMIRIM,Não guardar distância de segurança,Colisão lateral,Sem Vítimas        ,Pleno dia,Ceu Claro,Dupla   ,Urbano,Automóvel,Ileso       ,-1.0,Inválido
1266843,11/03/2013,RN,101,NATAL,Não guardar distância de segurança,Colisão traseira,Sem Vítimas        ,Plena noite,Ceu Claro,Múltipla,Urbano,Automóvel,Ileso       ,39.0,Feminino
1266843,11/03/2013,RN,101,NATAL,Não guardar distância de segurança,Colisão traseira,Sem Vítimas        ,Plena noite,Ceu Claro,Múltipla,Urbano,Automóvel,Ileso       ,24.0,Masculino
1266890,15/03/2013,RN,304,MOSSORO,Não guardar distância de segurança,Colisão traseira,Sem Vítimas        ,Pleno dia,Ceu Claro,Simples ,Urbano,Caminhonete,Ileso       ,19.0,Masculino
1266890,15/03/2013,RN,304,MOSSORO,Não guardar distância de segurança,Colisão traseira,Sem Vítimas        ,Pleno dia,Ceu Claro,Simples ,Urbano,Automóvel,Ileso       ,37.0,Masculino
1266956,15/03/2013,RN,101,NATAL,Outras,Colisão Transversal,Com Vítimas Feridas,Pleno dia,Ceu Claro,Dupla   ,Urbano,Motocicletas,Ferido Grave,26.0,Masculino
1266956,15/03/2013,RN,101,NATAL,Outras,Colisão Transversal,Com Vítimas Feridas,Pleno dia,Ceu Claro,Dupla   ,Urbano,Ônibus,Ileso       ,41.0,Masculino
1267014,15/03/2013,RN,101,NATAL,Outras,Colisão com bicicleta,Com Vítimas Feridas,Pleno dia,Sol,Múltipla,Urbano,Ciclomotor,Ferido Leve ,49.0,Masculino
1267014,15/03/2013,RN,101,NATAL,Outras,Colisão com bicicleta,Com Vítimas Feridas,Pleno dia,Sol,Múltipla,Urbano,Bicicleta,Ileso       ,61.0,Masculino
1267027,15/03/2013,RN,406,CEARA-MIRIM,Não guardar distância de segurança,Colisão traseira,Sem Vítimas        ,Plena noite,Ceu Claro,Simples ,Urbano,Automóvel,Ileso       ,34.0,Masculino
1267027,15/03/2013,RN,406,CEARA-MIRIM,Não guardar distância de segurança,Colisão traseira,Sem Vítimas        ,Plena noite,Ceu Claro,Simples ,Urbano,Automóvel,Ileso       ,48.0,Masculino
1267069,15/03/2013,RN,304,RIACHUELO,Outras,Colisão Transversal,Com Vítimas Feridas,Pleno dia,Ceu Claro,Simples ,Rural ,Automóvel,Ileso       ,49.0,Masculino
1267069,15/03/2013,RN,304,RIACHUELO,Outras,Colisão Transversal,Com Vítimas Feridas,Pleno dia,Ceu Claro,Simples ,Rural ,Motocicletas,Ferido Leve ,60.0,Masculino
1267069,15/03/2013,RN,304,RIACHUELO,Outras,Colisão Transversal,Com Vítimas Feridas,Pleno dia,Ceu Claro,Simples ,Rural ,Motocicletas,Ferido Grave,48.0,Feminino
1267093,16/03/2013,RN,406,CEARA-MIRIM,Não guardar distância de segurança,Saída de Pista,Sem Vítimas        ,Plena noite,Ceu Claro,Simples ,Rural ,Automóvel,Ileso       ,31.0,Masculino
1267103,16/03/2013,RN,406,SAO GONCALO DO AMARANTE,Ingestão de álcool,Colisão traseira,Sem Vítimas        ,Plena noite,Ceu Claro,Simples ,Rural ,Camioneta,Ileso       ,36.0,Masculino
1267103,16/03/2013,RN,406,SAO GONCALO DO AMARANTE,Ingestão de álcool,Colisão traseira,Sem Vítimas        ,Plena noite,Ceu Claro,Simples ,Rural ,Automóvel,Ileso       ,41.0,Masculino