id,data_inversa,uf,br,municipio,causa_acidente,tipo_acidente,classificacao_acidente,fase_dia,condicao_metereologica,tipo_pista,uso_solo,tipo_veiculo,estado_fisico,idade,sexo
1270145,21/03/2013,RN,304,MOSSORO,Falta de atenção,Colisão lateral,Com Vítimas Feridas,Pleno dia,Ceu Claro,Simples ,Urbano,Motocicletas,Ferido Leve ,77.0,Masculino
1270145,21/03/2013,RN,304,MOSSORO,Falta de atenção,Colisão lateral,Com Vítimas Feridas,Pleno dia,Ceu Claro,Simples ,Urbano,Motocicletas,Ileso       ,23.0,Masculino
1270194,21/03/2013,RN,304,ASSU,Falta de atenção,Colisão lateral,Sem Vítimas        ,Pleno dia,Sol,Simples ,Rural ,Utilitário,Ileso       ,54.0,Masculino
1270194,21/03/2013,RN,304,ASSU,Falta de atenção,Colisão lateral,Sem Vítimas        ,Pleno dia,Sol,Simples ,Rural ,Automóvel,Ileso       ,64.0,Masculino
1270260,17/03/2013,RN,304,MOSSORO,Ingestão de álcool,Atropelamento de animal,Com Vítimas Feridas,Pleno dia,Ceu Claro,Simples ,Urbano,Motocicletas,Ferido Grave,30.0,Masculino
1270260,17/03/2013,RN,304,MOSSORO,Ingestão de álcool,Atropelamento de animal,Com Vítimas Feridas,Pleno dia,Ceu Claro,Simples ,Urbano,Automóvel,Ignorado    ,51.0,Masculino
1270313,22/03/2013,RN,101,SAO JOSE DE MIPIBU,Desobediência à sinalização,Colisão frontal,Com Vítimas Feridas,Plena noite,Ceu Claro,Dupla   ,Urbano,Automóvel,Ileso       ,25.0,Masculino
1270313,22/03/2013,RN,101,SAO JOSE DE MIPIBU,Desobediência à sinalização,Colisão frontal,Com Vítimas Feridas,Plena noite,Ceu Claro,Dupla   ,Urbano,Motocicletas,Ferido Leve ,32.0,Masculino
1270338,19/03/2013,RN,304,MACAIBA,Outras,Saída de Pista,Sem Vítimas        ,Pleno dia,Chuva,Dupla   ,Urbano,Camioneta,Ileso       ,27.0,Masculino
1270469,15/03/2013,RN,101,GOIANINHA,Outras,Saída de Pista,Sem Vítimas        ,Pleno dia,Ceu Claro,Dupla   ,Urbano,Automóvel,Ileso       ,31.0,Masculino
1270470,22/03/2013,RN,405,MOSSORO,Desobediência à sinalização,Colisão Transversal,Sem Vítimas        ,Plena noite,Ceu Claro,Dupla   ,Urbano,Motoneta,Ileso       ,32.0,Masculino
1270470,22/03/2013,RN,405,MOSSORO,Desobediência à sinalização,Colisão Transversal,Sem Vítimas        ,Plena noite,Ceu Claro,Dupla   ,Urbano,Ciclomotor,Ileso       ,17.0,Masculino
1270564,22/03/2013,RN,226,CAMPO REDONDO,Defeito mecânico em veículo,Capotamento,Sem Vítimas        ,Plena noite,Ceu Claro,Simples ,Rural ,Automóvel,Ileso       ,24.0,Masculino
1270564,22/03/2013,RN,226,CAMPO REDONDO,Defeito mecânico em veículo,Capotamento,Sem Vítimas        ,Plena noite,Ceu Claro,Simples ,Rural ,Automóvel,Ileso       ,-1.0,Feminino
1270574,22/03/2013,RN,101,NATAL,Não guardar distância de segurança,Colisão traseira,Com Vítimas Feridas,Plena noite,Vento,Dupla   ,Urbano,Automóvel,Ileso       ,70.0,Masculino
1270574,22/03/2013,RN,101,NATAL,Não guardar distância de segurança,Colisão traseira,Com Vítimas Feridas,Plena noite,Vento,Dupla   ,Urbano,Automóvel,Ileso       ,41.0,Masculino
1270574,22/03/2013,RN,101,NATAL,Não guardar distância de segurança,Colisão traseira,Com Vítimas Feridas,Plena noite,Vento,Dupla   ,Urbano,Motocicletas,Ferido Leve ,50.0,Masculino
1270576,22/03/2013,RN,406,CEARA-MIRIM,Ingestão de álcool,Colisão com objeto fixo,Com Vítimas Feridas,Plena noite,Ceu Claro,Dupla   ,Rural ,Motocicletas,Ferido Grave,37.0,Masculino
1270634,22/03/2013,RN,101,PARNAMIRIM,Não guardar distância de segurança,Colisão traseira,Sem Vítimas        ,Pleno dia,Sol,Dupla   ,Urbano,Automóvel,Ileso       ,31.0,Masculino
1270634,22/03/2013,RN,101,PARNAMIRIM,Não guardar distância de segurança,Colisão traseira,Sem Vítimas        ,Pleno dia,Sol,Dupla   ,Urbano,Caminhonete,Ignorado    ,42.0,Masculino
1270746,15/03/2013,RN,304,MOSSORO,Animais na Pista,Saída de Pista,Com Vítimas Feridas,Plena noite,Ceu Claro,Simples ,Rural ,Automóvel,Ferido Leve ,32.0,Masculino
1270746,15/03/2013,RN,304,MOSSORO,Animais na Pista,Saída de Pista,Com Vítimas Feridas,Plena noite,Ceu Claro,Simples ,Rural ,Automóvel,Ferido Leve ,42.0,Masculino
1270793,15/03/2013,RN,304,MOSSORO,Falta de atenção,Colisão Transversal,Com Vítimas Feridas,Pleno dia,Ceu Claro,Dupla   ,Urbano,Motocicletas,Ferido Leve ,48.0,Masculino
1270793,15/03/2013,RN,304,MOSSORO,Falta de atenção,Colisão Transversal,Com Vítimas Feridas,Pleno dia,Ceu Claro,Dupla   ,Urbano,Automóvel,Ileso       ,48.0,Masculino
1270918,23/03/2013,RN,226,NATAL,Falta de atenção,Colisão lateral,Com Vítimas Feridas,Pleno dia,Ceu Claro,Simples ,Urbano,Motocicletas,Ferido Leve ,34.0,Masculino
1270918,23/03/2013,RN,226,NATAL,Falta de atenção,Colisão lateral,Com Vítimas Feridas,Pleno dia,Ceu Claro,Simples ,Urbano,Automóvel,Ignorado    ,-1.0,Inválido
1270944,23/03/2013,RN,226,MACAIBA,Outras,Colisão Transversal,Sem Vítimas        ,Pleno dia,Ceu Claro,Simples ,Urbano,Automóvel,Ileso       ,58.0,Masculino
1270944,23/03/2013,RN,226,MACAIBA,Outras,Colisão Transversal,Sem Vítimas        ,Pleno dia,Ceu Claro,Simples ,Urbano,Automóvel,Ileso       ,-1.0,Masculino
1270950,23/03/2013,RN,101,SAO GONCALO DO AMARANTE,Falta de atenção,Colisão lateral,Sem Vítimas        ,Pleno dia,Ceu Claro,Dupla   ,Urbano,Caminhão-Trator,Ileso       ,38.0,Masculino
1270950,23/03/2013,RN,101,SAO GONCALO DO AMARANTE,Falta de atenção,Colisão lateral,Sem Vítimas        ,Pleno dia,Ceu Claro,Dupla   ,Urbano,Automóvel,Ileso       ,32.0,Feminino
1270998,23/03/2013,RN,101,SAO JOSE DE MIPIBU,Outras,Atropelamento de pessoa,Com Vítimas Feridas,Plena noite,Ceu Claro,Dupla   ,Rural ,Automóvel,Ileso       ,53.0,Masculino
1270998,23/03/2013,RN,101,SAO JOSE DE MIPIBU,Outras,Atropelamento de pessoa,Com Vítimas Feridas,Plena noite,Ceu Claro,Dupla   ,Rural ,(null),Ferido Grave,-1.0,Masculino
1271040,23/03/2013,RN,101,NATAL,Não guardar distância de segurança,Colisão traseira,Sem Vítimas        ,Plena noite,Ceu Claro,Dupla   ,Urbano,Motocicletas,Ileso       ,36.0,Masculino
1271040,23/03/2013,RN,101,NATAL,Não guardar distância de segurança,Colisão traseira,Sem Vítimas        ,Plena noite,Ceu Claro,Dupla   ,Urbano,Utilitário,Ileso       ,57.0,Masculino
1271042,23/03/2013,RN,101,NATAL,Outras,Colisão Transversal,Com Vítimas Feridas,Pleno dia,Ceu Claro,Múltipla,Urbano,Motocicletas,Ferido Leve ,26.0,Masculino
1271042,23/03/2013,RN,101,NATAL,Outras,Colisão Transversal,Com Vítimas Feridas,Pleno dia,Ceu Claro,Múltipla,Urbano,Caminhonete,Ileso       ,25.0,Feminino
1271060,23/03/2013,RN,226,NATAL,Falta de atenção,Colisão traseira,Sem Vítimas        ,Pleno dia,Ceu Claro,Simples ,Urbano,Automóvel,Ileso       ,25.0,Masculino
1271060,23/03/2013,RN,226,NATAL,Falta de atenção,Colisão traseira,Sem Vítimas        ,Pleno dia,Ceu Claro,Simples ,Urbano,Automóvel,Ileso       ,28.0,Masculino
1271061,23/03/2013,RN,304,MOSSORO,Falta de atenção,Colisão Transversal,Sem Vítimas        ,Pleno dia,Ceu Claro,Simples ,Urbano,Ônibus,Ileso       ,51.0,Masculino
1271061,23/03/2013,RN,304,MOSSORO,Falta de atenção,Colisão Transversal,Sem Vítimas        ,Pleno dia,Ceu Claro,Simples ,Urbano,Caminhonete,Ileso       ,33.0,Feminino
1271110,23/03/2013,RN,110,MOSSORO,Falta de atenção,Colisão frontal,Com Vítimas Feridas,Plena noite,Nublado,Simples ,Urbano,Automóvel,Ignorado    ,-1.0,Inválido
1271110,23/03/2013,RN,110,MOSSORO,Falta de atenção,Colisão frontal,Com Vítimas Feridas,Plena noite,Nublado,Simples ,Urbano,Motocicletas,Ferido Leve ,27.0,Masculino
1271117,23/03/2013,RN,304,MOSSORO,Outras,Colisão Transversal,Sem Vítimas        ,Pleno dia,Ceu Claro,Dupla   ,Urbano,Automóvel,Ileso       ,35.0,Masculino
1271117,23/03/2013,RN,304,MOSSORO,Outras,Colisão Transversal,Sem Vítimas        ,Pleno dia,Ceu Claro,Dupla   ,Urbano,Caminhão,Ileso       ,31.0,Masculino
1271150,23/03/2013,RN,405,APODI,Outras,Colisão frontal,Com Vítimas Fatais ,Plena noite,Ignorada,Simples ,Rural ,Automóvel,Morto       ,28.0,Masculino
1271150,23/03/2013,RN,405,APODI,Outras,Colisão frontal,Com Vítimas Fatais ,Plena noite,Ignorada,Simples ,Rural ,Automóvel,Morto       ,40.0,Masculino
1271150,23/03/2013,RN,405,APODI,Outras,Colisão frontal,Com Vítimas Fatais ,Plena noite,Ignorada,Simples ,Rural ,Automóvel,Morto       ,33.0,Masculino
1271150,23/03/2013,RN,405,APODI,Outras,Colisão frontal,Com Vítimas Fatais ,Plena noite,Ignorada,Simples ,Rural ,Automóvel,Ferido Grave,17.0,Masculino
1271150,23/03/2013,RN,405,APODI,Outras,Colisão frontal,Com Vítimas Fatais ,Plena noite,Ignorada,Simples ,Rural ,Caminhonete,Morto       ,56.0,Masculino
1271151,24/03/2013,RN,101,SAO GONCALO DO AMARANTE,Ingestão de álcool,Colisão traseira,Sem Vítimas        ,Plena noite,Chuva,Dupla   ,Urbano,Automóvel,Ileso       ,-1.0,Masculino
1271151,24/03/2013,RN,101,SAO GONCALO DO AMARANTE,Ingestão de álcool,Colisão traseira,Sem Vítimas        ,Plena noite,Chuva,Dupla   ,Urbano,Automóvel,Ileso       ,30.0,Masculino
1271172,22/03/2013,RN,101,NATAL,Outras,Colisão lateral,Sem Vítimas        ,Pleno dia,Sol,Dupla   ,Urbano,Motocicletas,Ileso       ,34.0,Masculino
1271172,22/03/2013,RN,101,NATAL,Outras,Colisão lateral,Sem Vítimas        ,Pleno dia,Sol,Dupla   ,Urbano,Automóvel,Ileso       ,55.0,Feminino
1271172,22/03/2013,RN,101,NATAL,Outras,Colisão lateral,Sem Vítimas        ,Pleno dia,Sol,Dupla   ,Urbano,Caminhão,Ignorado    ,-1.0,Inválido
1271295,24/03/2013,RN,101,NATAL,Falta de atenção,Colisão lateral,Sem Vítimas        ,Pleno dia,Ceu Claro,Dupla   ,Urbano,Automóvel,Ileso       ,41.0,Masculino
1271295,24/03/2013,RN,101,NATAL,Falta de atenção,Colisão lateral,Sem Vítimas        ,Pleno dia,Ceu Claro,Dupla   ,Urbano,Automóvel,Ignorado    ,-1.0,Inválido
1271295,24/03/2013,RN,101,NATAL,Falta de atenção,Colisão lateral,Sem Vítimas        ,Pleno dia,Ceu Claro,Dupla   ,Urbano,Automóvel,Ileso       ,56.0,Masculino
1271351,24/03/2013,RN,101,EXTREMOZ,Falta de atenção,Colisão Transversal,Sem Vítimas        ,Pleno dia,Ceu Claro,Simples ,Rural ,Automóvel,Ileso       ,49.0,Masculino
1271351,24/03/2013,RN,101,EXTREMOZ,Falta de atenção,Colisão Transversal,Sem Vítimas        ,Pleno dia,Ceu Claro,Simples ,Rural ,Automóvel,Ileso       ,54.0,Masculino
1271373,24/03/2013,RN,101,NATAL,Falta de atenção,Colisão lateral,Sem Vítimas        ,Pleno dia,Ceu Claro,Múltipla,Urbano,Automóvel,Ileso       ,29.0,Masculino
1271373,24/03/2013,RN,101,NATAL,Falta de atenção,Colisão lateral,Sem Vítimas        ,Pleno dia,Ceu Claro,Múltipla,Urbano,Automóvel,Ileso       ,28.0,Masculino
1271374,24/03/2013,RN,110,MOSSORO,Outras,Colisão traseira,Sem Vítimas        ,Pleno dia,Ceu Claro,Múltipla,Urbano,Automóvel,Ileso       ,54.0,Masculino
1271374,24/03/2013,RN,110,MOSSORO,Outras,Colisão traseira,Sem Vítimas        ,Pleno dia,Ceu Claro,Múltipla,Urbano,Automóvel,Ileso       ,19.0,Masculino
1271374,24/03/2013,RN,110,MOSSORO,Outras,Colisão traseira,Sem Vítimas        ,Pleno dia,Ceu Claro,Múltipla,Urbano,Ciclomotor,Ileso       ,-1.0,Masculino
1271386,20/03/2013,RN,406,CEARA-MIRIM,Falta de atenção,Tombamento,Com Vítimas Feridas,Plena noite,Ceu Claro,Simples ,Urbano,Motocicletas,Ileso       ,43.0,Masculino
1271386,20/03/2013,RN,406,CEARA-MIRIM,Falta de atenção,Tombamento,Com Vítimas Feridas,Plena noite,Ceu Claro,Simples ,Urbano,Motocicletas,Ferido Leve ,32.0,Feminino
1271423,24/03/2013,RN,304,MACAIBA,Falta de atenção,Colisão lateral,Com Vítimas Feridas,Plena noite,Ceu Claro,Simples ,Urbano,Automóvel,Ileso       ,29.0,Feminino
1271423,24/03/2013,RN,304,MACAIBA,Falta de atenção,Colisão lateral,Com Vítimas Feridas,Plena noite,Ceu Claro,Simples ,Urbano,Motocicletas,Ileso       ,26.0,Masculino
1271423,24/03/2013,RN,304,MACAIBA,Falta de atenção,Colisão lateral,Com Vítimas Feridas,Plena noite,Ceu Claro,Simples ,Urbano,Motocicletas,Ferido Leve ,-1.0,Masculino
1271440,24/03/2013,RN,427,ACARI,Outras,Saída de Pista,Ignorado           ,Pleno dia,Ceu Claro,Simples ,Rural ,Automóvel,Ignorado    ,-1.0,Inválido
1271456,24/03/2013,RN,101,NATAL,Falta de atenção,Colisão lateral,Sem Vítimas        ,Anoitecer,Ceu Claro,Simples ,Urbano,Automóvel,Ileso       ,42.0,Masculino
1271456,24/03/2013,RN,101,NATAL,Falta de atenção,Colisão lateral,Sem Vítimas        ,Anoitecer,Ceu Claro,Simples ,Urbano,Automóvel,Ileso       ,58.0,Feminino
1271459,24/03/2013,RN,101,PARNAMIRIM,Falta de atenção,Colisão traseira,Sem Vítimas        ,Plena noite,Ceu Claro,Simples ,Urbano,Automóvel,Ileso       ,26.0,Masculino
1271459,24/03/2013,RN,101,PARNAMIRIM,Falta de atenção,Colisão traseira,Sem Vítimas        ,Plena noite,Ceu Claro,Simples ,Urbano,Automóvel,Ignorado    ,-1.0,Inválido
1271500,24/03/2013,RN,304,MACAIBA,Outras,Capotamento,Com Vítimas Feridas,Plena noite,Ceu Claro,Dupla   ,Urbano,Automóvel,Ferido Leve ,28.0,Masculino
1271500,24/03/2013,RN,304,MACAIBA,Outras,Capotamento,Com Vítimas Feridas,Plena noite,Ceu Claro,Dupla   ,Urbano,Automóvel,Ferido Leve ,-1.0,Feminino
1271573,27/01/2013,RN,101,NATAL,Falta de atenção,Colisão traseira,Sem Vítimas        ,Pleno dia,Ceu Claro,Simples ,Urbano,Automóvel,Ileso       ,27.0,Feminino
1271573,27/01/2013,RN,101,NATAL,Falta de atenção,Colisão traseira,Sem Vítimas        ,Pleno dia,Ceu Claro,Simples ,Urbano,Automóvel,Ileso       ,21.0,Masculino
1271713,22/03/2013,RN,101,NATAL,Outras,Colisão Transversal,Com Vítimas Feridas,Pleno dia,Sol,Dupla   ,Rural ,Caminhonete,Ileso       ,62.0,Masculino
1271713,22/03/2013,RN,101,NATAL,Outras,Colisão Transversal,Com Vítimas Feridas,Pleno dia,Sol,Dupla   ,Rural ,Motocicletas,Ferido Grave,24.0,Masculino
1271930,25/03/2013,RN,304,SANTA MARIA,Falta de atenção,Colisão traseira,Com Vítimas Feridas,Pleno dia,Ceu Claro,Simples ,Rural ,Caminhão-Trator,Ileso       ,44.0,Masculino
1271930,25/03/2013,RN,304,SANTA MARIA,Falta de atenção,Colisão traseira,Com Vítimas Feridas,Pleno dia,Ceu Claro,Simples ,Rural ,Automóvel,Ferido Leve ,-1.0,Masculino
1271993,21/03/2013,RN,101,NATAL,Falta de atenção,Colisão traseira,Sem Vítimas        ,Plena noite,Ceu Claro,Múltipla,Urbano,Automóvel,Ileso       ,34.0,Feminino
1271993,21/03/2013,RN,101,NATAL,Falta de atenção,Colisão traseira,Sem Vítimas        ,Plena noite,Ceu Claro,Múltipla,Urbano,Automóvel,Ileso       ,49.0,Masculino
1272013,25/03/2013,RN,101,NATAL,Falta de atenção,Colisão traseira,Sem Vítimas        ,Pleno dia,Sol,Dupla   ,Urbano,Automóvel,Ileso       ,33.0,Masculino
1272013,25/03/2013,RN,101,NATAL,Falta de atenção,Colisão traseira,Sem Vítimas        ,Pleno dia,Sol,Dupla   ,Urbano,Automóvel,Ileso       ,33.0,Masculino
1272017,25/03/2013,RN,101,PARNAMIRIM,Falta de atenção,Colisão traseira,Sem Vítimas        ,Pleno dia,Sol,Múltipla,Urbano,Automóvel,Ileso       ,32.0,Feminino
1272017,25/03/2013,RN,101,PARNAMIRIM,Falta de atenção,Colisão traseira,Sem Vítimas        ,Pleno dia,Sol,Múltipla,Urbano,Microônibus,Ileso       ,44.0,Masculino
1272048,25/03/2013,RN,101,NATAL,Não guardar distância de segurança,Colisão traseira,Sem Vítimas        ,Pleno dia,Ceu Claro,Múltipla,Urbano,Automóvel,Ileso       ,58.0,Masculino
1272048,25/03/2013,RN,101,NATAL,Não guardar distância de segurança,Colisão traseira,Sem Vítimas        ,Pleno dia,Ceu Claro,Múltipla,Urbano,Automóvel,Ileso       ,57.0,Masculino
1272051,25/03/2013,RN,101,NATAL,Não guardar distância de segurança,Colisão traseira,Sem Vítimas        ,Anoitecer,Ceu Claro,Múltipla,Urbano,Automóvel,Ileso       ,29.0,Masculino
1272051,25/03/2013,RN,101,NATAL,Não guardar distância de segurança,Colisão traseira,Sem Vítimas        ,Anoitecer,Ceu Claro,Múltipla,Urbano,Automóvel,Ileso       ,21.0,Masculino
1272067,25/03/2013,RN,101,NATAL,Velocidade incompatível,Colisão traseira,Sem Vítimas        ,Plena noite,Ceu Claro,Múltipla,Urbano,Ônibus,Ileso       ,58.0,Masculino
1272067,25/03/2013,RN,101,NATAL,Velocidade incompatível,Colisão traseira,Sem Vítimas        ,Plena noite,Ceu Claro,Múltipla,Urbano,Automóvel,Ileso       ,40.0,Masculino
1272070,25/03/2013,RN,304,MOSSORO,Falta de atenção,Colisão traseira,Sem Vítimas        ,Pleno dia,Ceu Claro,Simples ,Urbano,Caminhão-Trator,Ileso       ,50.0,Masculino
1272070,25/03/2013,RN,304,MOSSORO,Falta de atenção,Colisão traseira,Sem Vítimas        ,Pleno dia,Ceu Claro,Simples ,Urbano,Automóvel,Ileso       ,24.0,Masculino
1272116,25/03/2013,RN,101,NATAL,Falta de atenção,Colisão traseira,Sem Vítimas        ,Plena noite,Ceu Claro,Dupla   ,Urbano,Automóvel,Ileso       ,43.0,Feminino
1272116,25/03/2013,RN,101,NATAL,Falta de atenção,Colisão traseira,Sem Vítimas        ,Plena noite,Ceu Claro,Dupla   ,Urbano,Automóvel,Ileso       ,31.0,Masculino
1272275,26/03/2013,RN,304,LAJES,Outras,Capotamento,Sem Vítimas        ,Plena noite,Ignorada,Simples ,Rural ,Caminhonete,Ileso       ,24.0,Masculino
1272335,23/03/2013,RN,304,ASSU,Falta de atenção,Colisão Transversal,Com Vítimas Feridas,Pleno dia,Ceu Claro,Simples ,Rural ,Automóvel,Ileso       ,44.0,Masculino
1272335,23/03/2013,RN,304,ASSU,Falta de atenção,Colisão Transversal,Com Vítimas Feridas,Pleno dia,Ceu Claro,Simples ,Rural ,Automóvel,Ileso       ,38.0,Feminino
1272335,23/03/2013,RN,304,ASSU,Falta de atenção,Colisão Transversal,Com Vítimas Feridas,Pleno dia,Ceu Claro,Simples ,Rural ,Automóvel,Ileso       ,59.0,Masculino
1272335,23/03/2013,RN,304,ASSU,Falta de atenção,Colisão Transversal,Com Vítimas Feridas,Pleno dia,Ceu Claro,Simples ,Rural ,Automóvel,Ferido Leve ,54.0,Feminino
1272348,26/03/2013,RN,110,MOSSORO,Falta de atenção,Colisão traseira,Sem Vítimas        ,Pleno dia,Ceu Claro,Simples ,Urbano,Automóvel,Ileso       ,26.0,Masculino
1272348,26/03/2013,RN,110,MOSSORO,Falta de atenção,Colisão traseira,Sem Vítimas        ,Pleno dia,Ceu Claro,Simples ,Urbano,Automóvel,Ileso       ,27.0,Masculino
1272348,26/03/2013,RN,110,MOSSORO,Falta de atenção,Colisão traseira,Sem Vítimas        ,Pleno dia,Ceu Claro,Simples ,Urbano,Automóvel,Ileso       ,36.0,Masculino
1272378,26/03/2013,RN,101,NATAL,Falta de atenção,Colisão traseira,Sem Vítimas        ,Pleno dia,Sol,Dupla   ,Urbano,Automóvel,Ileso       ,35.0,Feminino
1272378,26/03/2013,RN,101,NATAL,Falta de atenção,Colisão traseira,Sem Vítimas        ,Pleno dia,Sol,Dupla   ,Urbano,Caminhão,Ileso       ,28.0,Masculino
1272382,26/03/2013,RN,101,NATAL,Falta de atenção,Colisão lateral,Sem Vítimas        ,Pleno dia,Sol,Dupla   ,Urbano,Automóvel,Ileso       ,24.0,Feminino
1272382,26/03/2013,RN,101,NATAL,Falta de atenção,Colisão lateral,Sem Vítimas        ,Pleno dia,Sol,Dupla   ,Urbano,Automóvel,Ileso       ,32.0,Feminino
1272423,26/03/2013,RN,406,TAIPU,Outras,Colisão traseira,Com Vítimas Feridas,Amanhecer,Sol,Simples ,Rural ,Automóvel,Ileso       ,38.0,Masculino
1272423,26/03/2013,RN,406,TAIPU,Outras,Colisão traseira,Com Vítimas Feridas,Amanhecer,Sol,Simples ,Rural ,Automóvel,Ileso       ,52.0,Masculino
1272423,26/03/2013,RN,406,TAIPU,Outras,Colisão traseira,Com Vítimas Feridas,Amanhecer,Sol,Simples ,Rural ,Automóvel,Ileso       ,27.0,Masculino
1272423,26/03/2013,RN,406,TAIPU,Outras,Colisão traseira,Com Vítimas Feridas,Amanhecer,Sol,Simples ,Rural ,Automóvel,Ileso       ,33.0,Masculino
1272423,26/03/2013,RN,406,TAIPU,Outras,Colisão traseira,Com Vítimas Feridas,Amanhecer,Sol,Simples ,Rural ,Automóvel,Ferido Leve ,52.0,Masculino
1272423,26/03/2013,RN,406,TAIPU,Outras,Colisão traseira,Com Vítimas Feridas,Amanhecer,Sol,Simples ,Rural ,Automóvel,Ferido Leve ,46.0,Masculino
1272423,26/03/2013,RN,406,TAIPU,Outras,Colisão traseira,Com Vítimas Feridas,Amanhecer,Sol,Simples ,Rural ,Automóvel,Ignorado    ,-1.0,Inválido
1272423,26/03/2013,RN,406,TAIPU,Outras,Colisão traseira,Com Vítimas Feridas,Amanhecer,Sol,Simples ,Rural ,Automóvel,Ferido Leve ,-1.0,Inválido
1272423,26/03/2013,RN,406,TAIPU,Outras,Colisão traseira,Com Vítimas Feridas,Amanhecer,Sol,Simples ,Rural ,Automóvel,Ferido Leve ,-1.0,Inválido
1272488,20/03/2013,RN,101,NATAL,Não guardar distância de segurança,Colisão traseira,Sem Vítimas        ,Plena noite,Ceu Claro,Dupla   ,Urbano,Automóvel,Ileso       ,23.0,Masculino
1272488,20/03/2013,RN,101,NATAL,Não guardar distância de segurança,Colisão traseira,Sem Vítimas        ,Plena noite,Ceu Claro,Dupla   ,Urbano,Motocicletas,Ileso       ,21.0,Masculino
1272528,22/03/2013,RN,110,MOSSORO,Não guardar distância de segurança,Colisão lateral,Com Vítimas Feridas,Pleno dia,Ceu Claro,Dupla   ,Urbano,Caminhão,Ileso       ,54.0,Masculino
1272528,22/03/2013,RN,110,MOSSORO,Não guardar distância de segurança,Colisão lateral,Com Vítimas Feridas,Pleno dia,Ceu Claro,Dupla   ,Urbano,Motoneta,Ferido Leve ,19.0,Masculino
1272613,26/03/2013,RN,101,NATAL,Outras,Colisão traseira,Sem Vítimas        ,Pleno dia,Ceu Claro,Dupla   ,Urbano,Utilitário,Ileso       ,66.0,Masculino
1272613,26/03/2013,RN,101,NATAL,Outras,Colisão traseira,Sem Vítimas        ,Pleno dia,Ceu Claro,Dupla   ,Urbano,Camioneta,Ileso       ,39.0,Masculino
1272632,26/03/2013,RN,101,NATAL,Outras,Colisão traseira,Sem Vítimas        ,Pleno dia,Ceu Claro,Dupla   ,Urbano,Caminhonete,Ileso       ,34.0,Masculino
1272632,26/03/2013,RN,101,NATAL,Outras,Colisão traseira,Sem Vítimas        ,Pleno dia,Ceu Claro,Dupla   ,Urbano,Automóvel,Ileso       ,32.0,Masculino
1272659,26/03/2013,RN,101,PARNAMIRIM,Não guardar distância de segurança,Colisão traseira,Sem Vítimas        ,Pleno dia,Ceu Claro,Dupla   ,Urbano,Automóvel,Ileso       ,60.0,Masculino
1272659,26/03/2013,RN,101,PARNAMIRIM,Não guardar distância de segurança,Colisão traseira,Sem Vítimas        ,Pleno dia,Ceu Claro,Dupla   ,Urbano,Camioneta,Ileso       ,33.0,Masculino
1272732,26/03/2013,RN,304,ITAJA,Animais na Pista,Atropelamento de animal,Sem Vítimas        ,Anoitecer,Nublado,Simples ,Rural ,Automóvel,Ileso       ,42.0,Masculino
1272741,26/03/2013,RN,304,ITAJA,Animais na Pista,Atropelamento de animal,Sem Vítimas        ,Anoitecer,Nublado,Simples ,Rural ,Automóvel,Ileso       ,36.0,Feminino
1272769,26/03/2013,RN,101,PARNAMIRIM,Não guardar distância de segurança,Colisão lateral,Sem Vítimas        ,Plena noite,Ignorada,Dupla   ,Urbano,Automóvel,Ileso       ,41.0,Masculino
1272769,26/03/2013,RN,101,PARNAMIRIM,Não guardar distância de segurança,Colisão lateral,Sem Vítimas        ,Plena noite,Ignorada,Dupla   ,Urbano,Automóvel,Ileso       ,-1.0,Masculino
1272789,26/03/2013,RN,304,MOSSORO,Falta de atenção,Colisão Transversal,Sem Vítimas        ,Pleno dia,Ceu Claro,Dupla   ,Urbano,Automóvel,Ileso       ,62.0,Masculino
1272789,26/03/2013,RN,304,MOSSORO,Falta de atenção,Colisão Transversal,Sem Vítimas        ,Pleno dia,Ceu Claro,Dupla   ,Urbano,Automóvel,Ileso       ,30.0,Masculino
1272846,26/03/2013,RN,406,SAO GONCALO DO AMARANTE,Outras,Colisão com objeto fixo,Com Vítimas Feridas,Plena noite,Ceu Claro,Dupla   ,Urbano,Automóvel,Ferido Grave,128.0,Feminino
1272846,26/03/2013,RN,406,SAO GONCALO DO AMARANTE,Outras,Colisão com objeto fixo,Com Vítimas Feridas,Plena noite,Ceu Claro,Dupla   ,Urbano,Automóvel,Ferido Grave,3.0,Masculino
1272872,25/03/2013,RN,110,MOSSORO,Não guardar distância de segurança,Colisão traseira,Sem Vítimas        ,Plena noite,Ceu Claro,Simples ,Urbano,Caminhão,Ileso       ,56.0,Masculino
1272872,25/03/2013,RN,110,MOSSORO,Não guardar distância de segurança,Colisão traseira,Sem Vítimas        ,Plena noite,Ceu Claro,Simples ,Urbano,Caminhonete,Ileso       ,23.0,Masculino
1272872,25/03/2013,RN,110,MOSSORO,Não guardar distância de segurança,Colisão traseira,Sem Vítimas        ,Plena noite,Ceu Claro,Simples ,Urbano,Caminhão,Ileso       ,61.0,Masculino