id,data_inversa,uf,br,municipio,causa_acidente,tipo_acidente,classificacao_acidente,fase_dia,condicao_metereologica,tipo_pista,uso_solo,tipo_veiculo,estado_fisico,idade,sexo
1290554,29/04/2013,RN,101,PARNAMIRIM,Falta de atenção,Colisão lateral,Sem Vítimas        ,Pleno dia,Nublado,Dupla   ,Urbano,Automóvel,Ileso       ,32.0,Masculino
1290568,29/04/2013,RN,101,PARNAMIRIM,Falta de atenção,Colisão lateral,Com Vítimas Feridas,Pleno dia,Nublado,Dupla   ,Rural ,Caminhonete,Ileso       ,33.0,Masculino
1290568,29/04/2013,RN,101,PARNAMIRIM,Falta de atenção,Colisão lateral,Com Vítimas Feridas,Pleno dia,Nublado,Dupla   ,Rural ,Motoneta,Ferido Grave,62.0,Masculino
1290591,29/04/2013,RN,101,PARNAMIRIM,Outras,Colisão Transversal,Sem Vítimas        ,Pleno dia,Nublado,Múltipla,Urbano,Caminhão,Ileso       ,33.0,Masculino
1290591,29/04/2013,RN,101,PARNAMIRIM,Outras,Colisão Transversal,Sem Vítimas        ,Pleno dia,Nublado,Múltipla,Urbano,Automóvel,Ileso       ,26.0,Feminino
1290630,29/04/2013,RN,101,NATAL,Outras,Colisão traseira,Sem Vítimas        ,Pleno dia,Nublado,Dupla   ,Urbano,Automóvel,Ileso       ,-1.0,Feminino
1290630,29/04/2013,RN,101,NATAL,Outras,Colisão traseira,Sem Vítimas        ,Pleno dia,Nublado,Dupla   ,Urbano,Automóvel,Ileso       ,31.0,Masculino
1290655,29/04/2013,RN,101,PARNAMIRIM,Falta de atenção,Colisão Transversal,Com Vítimas Feridas,Pleno dia,Nublado,Dupla   ,Urbano,Automóvel,Ileso       ,-1.0,Inválido
1290655,29/04/2013,RN,101,PARNAMIRIM,Falta de atenção,Colisão Transversal,Com Vítimas Feridas,Pleno dia,Nublado,Dupla   ,Urbano,Ciclomotor,Ferido Grave,21.0,Feminino
1290655,29/04/2013,RN,101,PARNAMIRIM,Falta de atenção,Colisão Transversal,Com Vítimas Feridas,Pleno dia,Nublado,Dupla   ,Urbano,Ciclomotor,Ferido Grave,21.0,Feminino
1290749,26/04/2013,RN,101,PARNAMIRIM,Defeito na via,Tombamento,Sem Vítimas        ,Plena noite,Chuva,Múltipla,Urbano,Caminhão,Ileso       ,31.0,Masculino
1290769,28/04/2013,RN,226,SANTA CRUZ,Ingestão de álcool,Colisão Transversal,Sem Vítimas        ,Amanhecer,Ceu Claro,Simples ,Urbano,Motocicletas,Ileso       ,19.0,Masculino
1290769,28/04/2013,RN,226,SANTA CRUZ,Ingestão de álcool,Colisão Transversal,Sem Vítimas        ,Amanhecer,Ceu Claro,Simples ,Urbano,Automóvel,Ileso       ,32.0,Masculino
1290833,30/04/2013,RN,101,SAO GONCALO DO AMARANTE,Defeito mecânico em veículo,Colisão traseira,Sem Vítimas        ,Pleno dia,Nublado,Dupla   ,Urbano,Caminhão-Trator,Ignorado    ,-1.0,Inválido
1290833,30/04/2013,RN,101,SAO GONCALO DO AMARANTE,Defeito mecânico em veículo,Colisão traseira,Sem Vítimas        ,Pleno dia,Nublado,Dupla   ,Urbano,Caminhão,Ileso       ,45.0,Masculino
1290833,30/04/2013,RN,101,SAO GONCALO DO AMARANTE,Defeito mecânico em veículo,Colisão traseira,Sem Vítimas        ,Pleno dia,Nublado,Dupla   ,Urbano,Automóvel,Ileso       ,37.0,Masculino
1290868,26/04/2013,RN,226,MACAIBA,Falta de atenção,Colisão lateral,Com Vítimas Feridas,Plena noite,Nublado,Simples ,Urbano,Motocicletas,Ferido Leve ,30.0,Masculino
1290868,26/04/2013,RN,226,MACAIBA,Falta de atenção,Colisão lateral,Com Vítimas Feridas,Plena noite,Nublado,Simples ,Urbano,Automóvel,Ileso       ,36.0,Masculino
1290954,27/04/2013,RN,304,MOSSORO,Dormindo,Saída de Pista,Sem Vítimas        ,Plena noite,Ignorada,Simples ,Rural ,Automóvel,Ileso       ,24.0,Masculino
1290999,30/04/2013,RN,304,RIACHUELO,Outras,Capotamento,Com Vítimas Feridas,Pleno dia,Nublado,Simples ,Rural ,Caminhão,Ferido Grave,49.0,Masculino
1291040,30/04/2013,RN,101,NATAL,Não guardar distância de segurança,Colisão traseira,Sem Vítimas        ,Pleno dia,Ceu Claro,Múltipla,Urbano,Automóvel,Ileso       ,40.0,Masculino
1291040,30/04/2013,RN,101,NATAL,Não guardar distância de segurança,Colisão traseira,Sem Vítimas        ,Pleno dia,Ceu Claro,Múltipla,Urbano,Automóvel,Ileso       ,22.0,Masculino
1291040,30/04/2013,RN,101,NATAL,Não guardar distância de segurança,Colisão traseira,Sem Vítimas        ,Pleno dia,Ceu Claro,Múltipla,Urbano,Ônibus,Ileso       ,27.0,Masculino
1291068,28/04/2013,RN,405,MOSSORO,Animais na Pista,Atropelamento de animal,Com Vítimas Feridas,Pleno dia,Nublado,Simples ,Rural ,Motocicletas,Ferido Leve ,29.0,Masculino
1291074,30/04/2013,RN,101,SAO GONCALO DO AMARANTE,Falta de atenção,Colisão traseira,Sem Vítimas        ,Pleno dia,Sol,Dupla   ,Urbano,Caminhão,Ileso       ,51.0,Masculino
1291074,30/04/2013,RN,101,SAO GONCALO DO AMARANTE,Falta de atenção,Colisão traseira,Sem Vítimas        ,Pleno dia,Sol,Dupla   ,Urbano,Automóvel,Ileso       ,23.0,Masculino
1291098,26/04/2013,RN,101,RIO DO FOGO,Ingestão de álcool,Colisão lateral,Com Vítimas Feridas,Plena noite,Nublado,Simples ,Rural ,Automóvel,Ileso       ,32.0,Masculino
1291098,26/04/2013,RN,101,RIO DO FOGO,Ingestão de álcool,Colisão lateral,Com Vítimas Feridas,Plena noite,Nublado,Simples ,Rural ,Motocicletas,Ferido Grave,46.0,Masculino
1291160,25/04/2013,RN,101,NATAL,Falta de atenção,Colisão lateral,Sem Vítimas        ,Pleno dia,Sol,Múltipla,Urbano,Caminhão,Ileso       ,37.0,Masculino
1291160,25/04/2013,RN,101,NATAL,Falta de atenção,Colisão lateral,Sem Vítimas        ,Pleno dia,Sol,Múltipla,Urbano,Automóvel,Ileso       ,29.0,Masculino
1291305,30/04/2013,RN,101,NATAL,Falta de atenção,Colisão lateral,Sem Vítimas        ,Anoitecer,Nublado,Simples ,Urbano,Camioneta,Ileso       ,59.0,Feminino
1291305,30/04/2013,RN,101,NATAL,Falta de atenção,Colisão lateral,Sem Vítimas        ,Anoitecer,Nublado,Simples ,Urbano,Caminhão,Ileso       ,35.0,Masculino
1291308,30/04/2013,RN,101,PARNAMIRIM,Falta de atenção,Colisão lateral,Sem Vítimas        ,Anoitecer,Nublado,Dupla   ,Urbano,Motocicletas,Ileso       ,26.0,Masculino
1291308,30/04/2013,RN,101,PARNAMIRIM,Falta de atenção,Colisão lateral,Sem Vítimas        ,Anoitecer,Nublado,Dupla   ,Urbano,Automóvel,Ileso       ,59.0,Masculino
1291308,30/04/2013,RN,101,PARNAMIRIM,Falta de atenção,Colisão lateral,Sem Vítimas        ,Anoitecer,Nublado,Dupla   ,Urbano,Caminhonete,Ileso       ,-1.0,Masculino
1291410,20/04/2013,RN,304,MOSSORO,Outras,Saída de Pista,Sem Vítimas        ,Plena noite,Chuva,Dupla   ,Urbano,Automóvel,Ileso       ,-1.0,Masculino
1291467,27/04/2013,RN,101,NATAL,Não guardar distância de segurança,Colisão traseira,Sem Vítimas        ,Pleno dia,Ceu Claro,Simples ,Urbano,Automóvel,Ileso       ,32.0,Masculino
1291467,27/04/2013,RN,101,NATAL,Não guardar distância de segurança,Colisão traseira,Sem Vítimas        ,Pleno dia,Ceu Claro,Simples ,Urbano,Automóvel,Ileso       ,27.0,Feminino
1291504,01/05/2013,RN,304,MOSSORO,Ingestão de álcool,Colisão traseira,Com Vítimas Feridas,Pleno dia,Sol,Simples ,Rural ,Caminhão-Trator,Ileso       ,66.0,Masculino
1291504,01/05/2013,RN,304,MOSSORO,Ingestão de álcool,Colisão traseira,Com Vítimas Feridas,Pleno dia,Sol,Simples ,Rural ,Motocicletas,Ferido Grave,46.0,Masculino
1291565,02/03/2013,RN,304,MOSSORO,Outras,Colisão frontal,Com Vítimas Feridas,Pleno dia,Sol,Simples ,Rural ,Automóvel,Ferido Grave,40.0,Masculino
1291565,02/03/2013,RN,304,MOSSORO,Outras,Colisão frontal,Com Vítimas Feridas,Pleno dia,Sol,Simples ,Rural ,Automóvel,Ferido Grave,39.0,Masculino
1291565,02/03/2013,RN,304,MOSSORO,Outras,Colisão frontal,Com Vítimas Feridas,Pleno dia,Sol,Simples ,Rural ,Automóvel,Ferido Grave,33.0,Feminino
1291565,02/03/2013,RN,304,MOSSORO,Outras,Colisão frontal,Com Vítimas Feridas,Pleno dia,Sol,Simples ,Rural ,Caminhão-Trator,Ferido Leve ,53.0,Masculino
1291601,01/05/2013,RN,101,SAO JOSE DE MIPIBU,Outras,Colisão lateral,Com Vítimas Feridas,Pleno dia,Nublado,Dupla   ,Rural ,Automóvel,Ileso       ,49.0,Masculino
1291601,01/05/2013,RN,101,SAO JOSE DE MIPIBU,Outras,Colisão lateral,Com Vítimas Feridas,Pleno dia,Nublado,Dupla   ,Rural ,Ciclomotor,Ferido Leve ,39.0,Masculino
1291601,01/05/2013,RN,101,SAO JOSE DE MIPIBU,Outras,Colisão lateral,Com Vítimas Feridas,Pleno dia,Nublado,Dupla   ,Rural ,Ciclomotor,Ferido Grave,38.0,Feminino
1291628,01/05/2013,RN,304,PARNAMIRIM,Defeito mecânico em veículo,Colisão lateral,Com Vítimas Fatais ,Pleno dia,Sol,Dupla   ,Rural ,Automóvel,Ileso       ,43.0,Masculino
1291628,01/05/2013,RN,304,PARNAMIRIM,Defeito mecânico em veículo,Colisão lateral,Com Vítimas Fatais ,Pleno dia,Sol,Dupla   ,Rural ,Motocicletas,Ferido Leve ,22.0,Masculino
1291628,01/05/2013,RN,304,PARNAMIRIM,Defeito mecânico em veículo,Colisão lateral,Com Vítimas Fatais ,Pleno dia,Sol,Dupla   ,Rural ,Motocicletas,Morto       ,26.0,Feminino
1291650,28/04/2013,RN,304,MACAIBA,Falta de atenção,Colisão traseira,Sem Vítimas        ,Anoitecer,Nublado,Simples ,Urbano,Automóvel,Ileso       ,22.0,Masculino
1291650,28/04/2013,RN,304,MACAIBA,Falta de atenção,Colisão traseira,Sem Vítimas        ,Anoitecer,Nublado,Simples ,Urbano,Automóvel,Ileso       ,32.0,Masculino
1291726,30/04/2013,RN,101,NATAL,Outras,Colisão lateral,Sem Vítimas        ,Anoitecer,Ignorada,Dupla   ,Urbano,Ônibus,Ileso       ,41.0,Masculino
1291726,30/04/2013,RN,101,NATAL,Outras,Colisão lateral,Sem Vítimas        ,Anoitecer,Ignorada,Dupla   ,Urbano,Camioneta,Ileso       ,25.0,Masculino
1291736,28/04/2013,RN,101,GOIANINHA,Outras,Colisão com objeto fixo,Com Vítimas Feridas,Plena noite,Chuva,Dupla   ,Rural ,Motocicletas,Ferido Leve ,31.0,Masculino
1291736,28/04/2013,RN,101,GOIANINHA,Outras,Colisão com objeto fixo,Com Vítimas Feridas,Plena noite,Chuva,Dupla   ,Rural ,Motocicletas,Ferido Leve ,27.0,Feminino
1291816,30/04/2013,RN,405,GOVERNADOR DIX-SEPT ROSADO,Defeito mecânico em veículo,Capotamento,Sem Vítimas        ,Pleno dia,Sol,Simples ,Rural ,Camioneta,Ileso       ,44.0,Masculino
1291838,29/04/2013,RN,304,LAJES,Outras,Tombamento,Sem Vítimas        ,Pleno dia,Sol,Simples ,Rural ,Caminhão,Ileso       ,45.0,Masculino
1291867,29/04/2013,RN,101,NATAL,Outras,Colisão traseira,Sem Vítimas        ,Plena noite,Chuva,Dupla   ,Urbano,Automóvel,Ileso       ,70.0,Masculino
1291867,29/04/2013,RN,101,NATAL,Outras,Colisão traseira,Sem Vítimas        ,Plena noite,Chuva,Dupla   ,Urbano,Automóvel,Ileso       ,23.0,Feminino
1291961,28/04/2013,RN,304,MOSSORO,Animais na Pista,Tombamento,Sem Vítimas        ,Plena noite,Nublado,Simples ,Rural ,Caminhão-Trator,Ileso       ,65.0,Masculino
1292119,24/04/2013,RN,101,GOIANINHA,Falta de atenção,Tombamento,Sem Vítimas        ,Plena noite,Chuva,Dupla   ,Rural ,Caminhonete,Ileso       ,42.0,Masculino
1292122,02/05/2013,RN,226,NATAL,Animais na Pista,Atropelamento de animal,Com Vítimas Feridas,Plena noite,Ceu Claro,Simples ,Urbano,Motocicletas,Ferido Leve ,23.0,Masculino
1292134,02/05/2013,RN,101,PARNAMIRIM,Falta de atenção,Colisão traseira,Sem Vítimas        ,Pleno dia,Sol,Dupla   ,Urbano,Automóvel,Ileso       ,34.0,Masculino
1292134,02/05/2013,RN,101,PARNAMIRIM,Falta de atenção,Colisão traseira,Sem Vítimas        ,Pleno dia,Sol,Dupla   ,Urbano,Automóvel,Ileso       ,36.0,Masculino
1292136,02/05/2013,RN,101,NATAL,Falta de atenção,Colisão traseira,Sem Vítimas        ,Anoitecer,Ceu Claro,Dupla   ,Urbano,Automóvel,Ileso       ,21.0,Feminino
1292136,02/05/2013,RN,101,NATAL,Falta de atenção,Colisão traseira,Sem Vítimas        ,Anoitecer,Ceu Claro,Dupla   ,Urbano,Camioneta,Ileso       ,56.0,Masculino
1292212,24/04/2013,RN,101,EXTREMOZ,Outras,Queda de motocicleta / bicicleta / veículo,Com Vítimas Feridas,Plena noite,Chuva,Simples ,Urbano,Motocicletas,Ferido Leve ,-1.0,Masculino
1292267,02/05/2013,RN,101,PARNAMIRIM,Desobediência à sinalização,Colisão traseira,Sem Vítimas        ,Pleno dia,Ceu Claro,Dupla   ,Urbano,Automóvel,Ileso       ,26.0,Masculino
1292267,02/05/2013,RN,101,PARNAMIRIM,Desobediência à sinalização,Colisão traseira,Sem Vítimas        ,Pleno dia,Ceu Claro,Dupla   ,Urbano,Automóvel,Ileso       ,30.0,Feminino
1292311,27/04/2013,RN,304,MOSSORO,Defeito mecânico em veículo,Queda de motocicleta / bicicleta / veículo,Com Vítimas Feridas,Pleno dia,Sol,Simples ,Rural ,Ciclomotor,Ferido Leve ,-1.0,Masculino
1292317,02/05/2013,RN,101,NATAL,Desobediência à sinalização,Colisão Transversal,Com Vítimas Feridas,Plena noite,Ceu Claro,Múltipla,Urbano,Motocicletas,Ferido Leve ,28.0,Masculino
1292317,02/05/2013,RN,101,NATAL,Desobediência à sinalização,Colisão Transversal,Com Vítimas Feridas,Plena noite,Ceu Claro,Múltipla,Urbano,Automóvel,Ileso       ,55.0,Masculino
1292466,25/04/2013,RN,101,NATAL,Falta de atenção,Colisão lateral,Sem Vítimas        ,Pleno dia,Ceu Claro,Simples ,Urbano,Caminhão,Ileso       ,31.0,Masculino
1292466,25/04/2013,RN,101,NATAL,Falta de atenção,Colisão lateral,Sem Vítimas        ,Pleno dia,Ceu Claro,Simples ,Urbano,Automóvel,Ileso       ,32.0,Masculino
1292488,03/05/2013,RN,101,SAO GONCALO DO AMARANTE,Não guardar distância de segurança,Colisão traseira,Sem Vítimas        ,Pleno dia,Ceu Claro,Dupla   ,Urbano,Utilitário,Ignorado    ,-1.0,Masculino
1292488,03/05/2013,RN,101,SAO GONCALO DO AMARANTE,Não guardar distância de segurança,Colisão traseira,Sem Vítimas        ,Pleno dia,Ceu Claro,Dupla   ,Urbano,Automóvel,Ileso       ,57.0,Masculino
1292488,03/05/2013,RN,101,SAO GONCALO DO AMARANTE,Não guardar distância de segurança,Colisão traseira,Sem Vítimas        ,Pleno dia,Ceu Claro,Dupla   ,Urbano,Automóvel,Ileso       ,63.0,Masculino
1292492,29/04/2013,RN,226,SERRA CAIADA,Outras,Capotamento,Sem Vítimas        ,Pleno dia,Nublado,Simples ,Rural ,Utilitário,Ileso       ,-1.0,Masculino
1292511,29/04/2013,RN,101,NATAL,Não guardar distância de segurança,Colisão lateral,Sem Vítimas        ,Plena noite,Ceu Claro,Dupla   ,Urbano,Automóvel,Ileso       ,22.0,Masculino
1292511,29/04/2013,RN,101,NATAL,Não guardar distância de segurança,Colisão lateral,Sem Vítimas        ,Plena noite,Ceu Claro,Dupla   ,Urbano,Automóvel,Ileso       ,46.0,Masculino
1292521,28/04/2013,RN,226,BOM JESUS,Outras,Colisão traseira,Com Vítimas Feridas,Plena noite,Ceu Claro,Simples ,Rural ,Automóvel,Ferido Leve ,27.0,Masculino
1292521,28/04/2013,RN,226,BOM JESUS,Outras,Colisão traseira,Com Vítimas Feridas,Plena noite,Ceu Claro,Simples ,Rural ,Caminhão-Trator,Ignorado    ,51.0,Masculino
1292521,28/04/2013,RN,226,BOM JESUS,Outras,Colisão traseira,Com Vítimas Feridas,Plena noite,Ceu Claro,Simples ,Rural ,Automóvel,Ferido Leve ,50.0,Masculino
1292521,28/04/2013,RN,226,BOM JESUS,Outras,Colisão traseira,Com Vítimas Feridas,Plena noite,Ceu Claro,Simples ,Rural ,Automóvel,Ferido Leve ,73.0,Feminino
1292549,29/04/2013,RN,101,SAO GONCALO DO AMARANTE,Falta de atenção,Capotamento,Sem Vítimas        ,Amanhecer,Nublado,Dupla   ,Urbano,Automóvel,Ileso       ,26.0,Masculino
1292579,03/05/2013,RN,101,SAO JOSE DE MIPIBU,Não guardar distância de segurança,Colisão traseira,Sem Vítimas        ,Pleno dia,Sol,Dupla   ,Urbano,Automóvel,Ileso       ,21.0,Masculino
1292579,03/05/2013,RN,101,SAO JOSE DE MIPIBU,Não guardar distância de segurança,Colisão traseira,Sem Vítimas        ,Pleno dia,Sol,Dupla   ,Urbano,Caminhão,Ileso       ,21.0,Masculino
1292620,03/05/2013,RN,101,SAO GONCALO DO AMARANTE,Outras,Colisão lateral,Com Vítimas Feridas,Pleno dia,Ceu Claro,Dupla   ,Urbano,Microônibus,Ileso       ,30.0,Masculino
1292620,03/05/2013,RN,101,SAO GONCALO DO AMARANTE,Outras,Colisão lateral,Com Vítimas Feridas,Pleno dia,Ceu Claro,Dupla   ,Urbano,Automóvel,Ileso       ,19.0,Masculino
1292620,03/05/2013,RN,101,SAO GONCALO DO AMARANTE,Outras,Colisão lateral,Com Vítimas Feridas,Pleno dia,Ceu Claro,Dupla   ,Urbano,Motocicletas,Ferido Leve ,50.0,Masculino
1292623,28/04/2013,RN,405,PAU DOS FERROS,Desobediência à sinalização,Colisão frontal,Com Vítimas Feridas,Plena noite,Ceu Claro,Simples ,Urbano,Automóvel,Ileso       ,24.0,Masculino
1292623,28/04/2013,RN,405,PAU DOS FERROS,Desobediência à sinalização,Colisão frontal,Com Vítimas Feridas,Plena noite,Ceu Claro,Simples ,Urbano,Motocicletas,Ferido Leve ,31.0,Masculino
1292671,03/05/2013,RN,304,MOSSORO,Não guardar distância de segurança,Colisão Transversal,Sem Vítimas        ,Pleno dia,Ceu Claro,Dupla   ,Urbano,Automóvel,Ileso       ,31.0,Masculino
1292671,03/05/2013,RN,304,MOSSORO,Não guardar distância de segurança,Colisão Transversal,Sem Vítimas        ,Pleno dia,Ceu Claro,Dupla   ,Urbano,Caminhonete,Ileso       ,32.0,Masculino
1292680,30/04/2013,RN,101,NATAL,Outras,Colisão lateral,Sem Vítimas        ,Plena noite,Ceu Claro,Múltipla,Urbano,Caminhão,Ileso       ,29.0,Masculino
1292680,30/04/2013,RN,101,NATAL,Outras,Colisão lateral,Sem Vítimas        ,Plena noite,Ceu Claro,Múltipla,Urbano,Automóvel,Ileso       ,27.0,Masculino
1292693,03/05/2013,RN,101,NATAL,Falta de atenção,Colisão traseira,Sem Vítimas        ,Anoitecer,Ceu Claro,Múltipla,Urbano,Automóvel,Ileso       ,32.0,Feminino
1292693,03/05/2013,RN,101,NATAL,Falta de atenção,Colisão traseira,Sem Vítimas        ,Anoitecer,Ceu Claro,Múltipla,Urbano,Automóvel,Ileso       ,19.0,Feminino
1292695,03/05/2013,RN,304,ASSU,Falta de atenção,Colisão traseira,Sem Vítimas        ,Amanhecer,Ceu Claro,Simples ,Rural ,Caminhão,Ileso       ,37.0,Masculino
1292695,03/05/2013,RN,304,ASSU,Falta de atenção,Colisão traseira,Sem Vítimas        ,Amanhecer,Ceu Claro,Simples ,Rural ,Caminhão,Ileso       ,36.0,Masculino
1292736,03/05/2013,RN,304,MACAIBA,Não guardar distância de segurança,Colisão traseira,Sem Vítimas        ,Pleno dia,Ceu Claro,Simples ,Rural ,Automóvel,Ileso       ,30.0,Masculino
1292736,03/05/2013,RN,304,MACAIBA,Não guardar distância de segurança,Colisão traseira,Sem Vítimas        ,Pleno dia,Ceu Claro,Simples ,Rural ,Automóvel,Ileso       ,32.0,Masculino
1292736,03/05/2013,RN,304,MACAIBA,Não guardar distância de segurança,Colisão traseira,Sem Vítimas        ,Pleno dia,Ceu Claro,Simples ,Rural ,Automóvel,Ileso       ,27.0,Masculino
1292769,03/05/2013,RN,226,JUCURUTU,Outras,Colisão com objeto fixo,Com Vítimas Feridas,Pleno dia,Sol,Simples ,Rural ,Automóvel,Ileso       ,61.0,Masculino
1292769,03/05/2013,RN,226,JUCURUTU,Outras,Colisão com objeto fixo,Com Vítimas Feridas,Pleno dia,Sol,Simples ,Rural ,Motocicletas,Ferido Leve ,26.0,Masculino
1292828,03/05/2013,RN,101,NATAL,Falta de atenção,Colisão traseira,Sem Vítimas        ,Pleno dia,Ceu Claro,Dupla   ,Urbano,Ônibus,Ileso       ,30.0,Masculino
1292828,03/05/2013,RN,101,NATAL,Falta de atenção,Colisão traseira,Sem Vítimas        ,Pleno dia,Ceu Claro,Dupla   ,Urbano,Automóvel,Ileso       ,48.0,Masculino
1292891,02/05/2013,RN,101,NATAL,Falta de atenção,Colisão traseira,Sem Vítimas        ,Pleno dia,Ceu Claro,Dupla   ,Urbano,Automóvel,Ileso       ,19.0,Masculino
1292891,02/05/2013,RN,101,NATAL,Falta de atenção,Colisão traseira,Sem Vítimas        ,Pleno dia,Ceu Claro,Dupla   ,Urbano,Automóvel,Ileso       ,31.0,Feminino
1292926,04/05/2013,RN,101,GOIANINHA,Falta de atenção,Atropelamento de pessoa,Com Vítimas Feridas,Pleno dia,Ceu Claro,Dupla   ,Urbano,Automóvel,Ileso       ,70.0,Masculino
1292926,04/05/2013,RN,101,GOIANINHA,Falta de atenção,Atropelamento de pessoa,Com Vítimas Feridas,Pleno dia,Ceu Claro,Dupla   ,Urbano,(null),Ferido Grave,30.0,Feminino
1292935,01/05/2013,RN,101,GOIANINHA,Falta de atenção,Colisão com objeto fixo,Sem Vítimas        ,Plena noite,Ceu Claro,Dupla   ,Rural ,Automóvel,Ileso       ,33.0,Masculino
1292992,04/05/2013,RN,101,NATAL,Desobediência à sinalização,Colisão Transversal,Com Vítimas Feridas,Pleno dia,Sol,Dupla   ,Urbano,Automóvel,Ignorado    ,-1.0,Masculino
1292992,04/05/2013,RN,101,NATAL,Desobediência à sinalização,Colisão Transversal,Com Vítimas Feridas,Pleno dia,Sol,Dupla   ,Urbano,Motocicletas,Ferido Leve ,26.0,Masculino
1293108,04/05/2013,RN,304,MACAIBA,Outras,Colisão lateral,Com Vítimas Feridas,Anoitecer,Ceu Claro,Simples ,Rural ,Caminhão,Ileso       ,-1.0,Inválido
1293108,04/05/2013,RN,304,MACAIBA,Outras,Colisão lateral,Com Vítimas Feridas,Anoitecer,Ceu Claro,Simples ,Rural ,Motoneta,Ferido Grave,55.0,Masculino
1293108,04/05/2013,RN,304,MACAIBA,Outras,Colisão lateral,Com Vítimas Feridas,Anoitecer,Ceu Claro,Simples ,Rural ,Motoneta,Ferido Leve ,41.0,Feminino
1293178,04/05/2013,RN,101,NATAL,Não guardar distância de segurança,Colisão traseira,Com Vítimas Feridas,Plena noite,Chuva,Múltipla,Urbano,Motocicletas,Ferido Grave,20.0,Masculino
1293178,04/05/2013,RN,101,NATAL,Não guardar distância de segurança,Colisão traseira,Com Vítimas Feridas,Plena noite,Chuva,Múltipla,Urbano,Automóvel,Ileso       ,49.0,Masculino
1293208,03/05/2013,RN,304,MACAIBA,Não guardar distância de segurança,Colisão traseira,Sem Vítimas        ,Pleno dia,Nublado,Simples ,Urbano,Caminhão,Ileso       ,44.0,Masculino
1293208,03/05/2013,RN,304,MACAIBA,Não guardar distância de segurança,Colisão traseira,Sem Vítimas        ,Pleno dia,Nublado,Simples ,Urbano,Automóvel,Ileso       ,45.0,Masculino
1293241,04/05/2013,RN,406,JOAO CAMARA,Falta de atenção,Colisão lateral,Sem Vítimas        ,Pleno dia,Sol,Simples ,Urbano,Automóvel,Ileso       ,30.0,Masculino
1293241,04/05/2013,RN,406,JOAO CAMARA,Falta de atenção,Colisão lateral,Sem Vítimas        ,Pleno dia,Sol,Simples ,Urbano,Caminhão-Trator,Ileso       ,33.0,Masculino
1293341,02/05/2013,RN,304,IPANGUACU,Animais na Pista,Atropelamento de animal,Sem Vítimas        ,Pleno dia,Ceu Claro,Simples ,Rural ,Automóvel,Ileso       ,49.0,Masculino
1293359,02/05/2013,RN,304,ASSU,Defeito mecânico em veículo,Colisão com objeto fixo,Sem Vítimas        ,Pleno dia,Sol,Simples ,Rural ,Caminhão-Trator,Ileso       ,46.0,Masculino
1293397,02/05/2013,RN,304,MOSSORO,Falta de atenção,Colisão lateral,Sem Vítimas        ,Amanhecer,Ceu Claro,Simples ,Rural ,Automóvel,Ileso       ,50.0,Masculino
1293397,02/05/2013,RN,304,MOSSORO,Falta de atenção,Colisão lateral,Sem Vítimas        ,Amanhecer,Ceu Claro,Simples ,Rural ,Automóvel,Ileso       ,46.0,Masculino
1293601,05/05/2013,RN,101,NATAL,Outras,Colisão traseira,Sem Vítimas        ,Anoitecer,Chuva,Múltipla,Urbano,Automóvel,Ileso       ,30.0,Masculino
1293601,05/05/2013,RN,101,NATAL,Outras,Colisão traseira,Sem Vítimas        ,Anoitecer,Chuva,Múltipla,Urbano,Automóvel,Ileso       ,43.0,Masculino
1293631,05/05/2013,RN,101,NATAL,Não guardar distância de segurança,Colisão traseira,Sem Vítimas        ,Anoitecer,Chuva,Múltipla,Urbano,Caminhonete,Ileso       ,33.0,Masculino
1293631,05/05/2013,RN,101,NATAL,Não guardar distância de segurança,Colisão traseira,Sem Vítimas        ,Anoitecer,Chuva,Múltipla,Urbano,Caminhonete,Ileso       ,29.0,Masculino
1293652,27/04/2013,RN,405,RAFAEL FERNANDES,Falta de atenção,Colisão traseira,Com Vítimas Feridas,Anoitecer,Ceu Claro,Simples ,Urbano,Caminhonete,Ileso       ,31.0,Masculino
1293652,27/04/2013,RN,405,RAFAEL FERNANDES,Falta de atenção,Colisão traseira,Com Vítimas Feridas,Anoitecer,Ceu Claro,Simples ,Urbano,Motoneta,Ferido Leve ,42.0,Feminino
1293652,27/04/2013,RN,405,RAFAEL FERNANDES,Falta de atenção,Colisão traseira,Com Vítimas Feridas,Anoitecer,Ceu Claro,Simples ,Urbano,Motoneta,Ferido Grave,19.0,Feminino
1293711,05/05/2013,RN,405,MOSSORO,Outras,Colisão Transversal,Com Vítimas Feridas,Pleno dia,Sol,Dupla   ,Urbano,Motocicletas,Ferido Leve ,32.0,Masculino
1293711,05/05/2013,RN,405,MOSSORO,Outras,Colisão Transversal,Com Vítimas Feridas,Pleno dia,Sol,Dupla   ,Urbano,Automóvel,Ileso       ,37.0,Feminino
1293713,30/04/2013,RN,304,MOSSORO,Outras,Atropelamento de pessoa,Com Vítimas Fatais ,Plena noite,Nublado,Simples ,Rural ,Caminhão,Ignorado    ,-1.0,Inválido
1293713,30/04/2013,RN,304,MOSSORO,Outras,Atropelamento de pessoa,Com Vítimas Fatais ,Plena noite,Nublado,Simples ,Rural ,(null),Morto       ,-1.0,Masculino