id,data_inversa,uf,br,municipio,causa_acidente,tipo_acidente,classificacao_acidente,fase_dia,condicao_metereologica,tipo_pista,uso_solo,tipo_veiculo,estado_fisico,idade,sexo
1300028,15/05/2013,RN,101,NATAL,Ingestão de álcool,Colisão Transversal,Com Vítimas Feridas,Plena noite,Nublado,Múltipla,Urbano,Automóvel,Ferido Leve ,24.0,Masculino
1300028,15/05/2013,RN,101,NATAL,Ingestão de álcool,Colisão Transversal,Com Vítimas Feridas,Plena noite,Nublado,Múltipla,Urbano,Automóvel,Ferido Leve ,52.0,Masculino
1300095,17/05/2013,RN,101,NATAL,Falta de atenção,Colisão traseira,Sem Vítimas        ,Pleno dia,Sol,Dupla   ,Urbano,Automóvel,Ileso       ,37.0,Feminino
1300095,17/05/2013,RN,101,NATAL,Falta de atenção,Colisão traseira,Sem Vítimas        ,Pleno dia,Sol,Dupla   ,Urbano,Automóvel,Ignorado    ,-1.0,Masculino
1300254,17/05/2013,RN,304,SANTA MARIA,Outras,Atropelamento de pessoa,Com Vítimas Feridas,Pleno dia,Ceu Claro,Simples ,Rural ,Caminhão,Ileso       ,43.0,Masculino
1300254,17/05/2013,RN,304,SANTA MARIA,Outras,Atropelamento de pessoa,Com Vítimas Feridas,Pleno dia,Ceu Claro,Simples ,Rural ,(null),Ferido Leve ,45.0,Masculino
1300267,17/05/2013,RN,226,TRIUNFO POTIGUAR,Outras,Colisão Transversal,Com Vítimas Fatais ,Pleno dia,Ceu Claro,Simples ,Urbano,Automóvel,Ignorado    ,-1.0,Inválido
1300267,17/05/2013,RN,226,TRIUNFO POTIGUAR,Outras,Colisão Transversal,Com Vítimas Fatais ,Pleno dia,Ceu Claro,Simples ,Urbano,Motocicletas,Morto       ,62.0,Masculino
1300303,17/05/2013,RN,226,CURRAIS NOVOS,Velocidade incompatível,Saída de Pista,Sem Vítimas        ,Pleno dia,Ceu Claro,Simples ,Rural ,Caminhão,Ileso       ,33.0,Masculino
1300453,11/05/2013,RN,226,NATAL,Outras,Colisão lateral,Sem Vítimas        ,Pleno dia,Ceu Claro,Simples ,Urbano,Motocicletas,Ileso       ,44.0,Masculino
1300453,11/05/2013,RN,226,NATAL,Outras,Colisão lateral,Sem Vítimas        ,Pleno dia,Ceu Claro,Simples ,Urbano,Automóvel,Ignorado    ,-1.0,Inválido
1300611,18/05/2013,RN,304,PARNAMIRIM,Falta de atenção,Colisão traseira,Sem Vítimas        ,Pleno dia,Nublado,Dupla   ,Urbano,Caminhonete,Ileso       ,51.0,Masculino
1300611,18/05/2013,RN,304,PARNAMIRIM,Falta de atenção,Colisão traseira,Sem Vítimas        ,Pleno dia,Nublado,Dupla   ,Urbano,Caminhão,Ileso       ,63.0,Masculino
1300638,18/05/2013,RN,405,GOVERNADOR DIX-SEPT ROSADO,Dormindo,Colisão lateral,Com Vítimas Feridas,Pleno dia,Nublado,Simples ,Rural ,Microônibus,Ferido Grave,30.0,Masculino
1300638,18/05/2013,RN,405,GOVERNADOR DIX-SEPT ROSADO,Dormindo,Colisão lateral,Com Vítimas Feridas,Pleno dia,Nublado,Simples ,Rural ,Caminhão-Trator,Ileso       ,29.0,Masculino
1300638,18/05/2013,RN,405,GOVERNADOR DIX-SEPT ROSADO,Dormindo,Colisão lateral,Com Vítimas Feridas,Pleno dia,Nublado,Simples ,Rural ,Microônibus,Ferido Grave,48.0,Masculino
1300638,18/05/2013,RN,405,GOVERNADOR DIX-SEPT ROSADO,Dormindo,Colisão lateral,Com Vítimas Feridas,Pleno dia,Nublado,Simples ,Rural ,Microônibus,Ferido Grave,62.0,Feminino
1300638,18/05/2013,RN,405,GOVERNADOR DIX-SEPT ROSADO,Dormindo,Colisão lateral,Com Vítimas Feridas,Pleno dia,Nublado,Simples ,Rural ,Microônibus,Ileso       ,-1.0,Masculino
1300689,18/05/2013,RN,101,GOIANINHA,Outras,Saída de Pista,Sem Vítimas        ,Pleno dia,Chuva,Dupla   ,Rural ,Automóvel,Ileso       ,25.0,Masculino
1300778,16/05/2013,RN,405,MOSSORO,Falta de atenção,Queda de motocicleta / bicicleta / veículo,Com Vítimas Feridas,Pleno dia,Sol,Dupla   ,Urbano,Motocicletas,Ferido Leve ,62.0,Masculino
1300811,18/05/2013,RN,304,MACAIBA,Falta de atenção,Colisão traseira,Sem Vítimas        ,Pleno dia,Nublado,Simples ,Rural ,Automóvel,Ileso       ,29.0,Masculino
1300811,18/05/2013,RN,304,MACAIBA,Falta de atenção,Colisão traseira,Sem Vítimas        ,Pleno dia,Nublado,Simples ,Rural ,Automóvel,Ileso       ,25.0,Masculino
1300811,18/05/2013,RN,304,MACAIBA,Falta de atenção,Colisão traseira,Sem Vítimas        ,Pleno dia,Nublado,Simples ,Rural ,Não identificado,Ignorado    ,-1.0,Inválido
1300822,14/05/2013,RN,304,MACAIBA,Não guardar distância de segurança,Colisão traseira,Sem Vítimas        ,Pleno dia,Ceu Claro,Simples ,Urbano,Caminhão-Trator,Ileso       ,38.0,Masculino
1300822,14/05/2013,RN,304,MACAIBA,Não guardar distância de segurança,Colisão traseira,Sem Vítimas        ,Pleno dia,Ceu Claro,Simples ,Urbano,Caminhão,Ileso       ,38.0,Masculino
1300835,18/05/2013,RN,101,NATAL,Não guardar distância de segurança,Colisão traseira,Sem Vítimas        ,Plena noite,Chuva,Dupla   ,Urbano,Motocicletas,Ileso       ,23.0,Masculino
1300835,18/05/2013,RN,101,NATAL,Não guardar distância de segurança,Colisão traseira,Sem Vítimas        ,Plena noite,Chuva,Dupla   ,Urbano,Camioneta,Ileso       ,50.0,Masculino
1300889,18/05/2013,RN,101,PARNAMIRIM,Outras,Colisão traseira,Com Vítimas Feridas,Plena noite,Nublado,Dupla   ,Urbano,Motocicletas,Ferido Leve ,-1.0,Masculino
1300889,18/05/2013,RN,101,PARNAMIRIM,Outras,Colisão traseira,Com Vítimas Feridas,Plena noite,Nublado,Dupla   ,Urbano,Automóvel,Ileso       ,27.0,Masculino
1300889,18/05/2013,RN,101,PARNAMIRIM,Outras,Colisão traseira,Com Vítimas Feridas,Plena noite,Nublado,Dupla   ,Urbano,Motocicletas,Ferido Grave,33.0,Masculino
1300899,18/05/2013,RN,304,MACAIBA,Falta de atenção,Capotamento,Com Vítimas Feridas,Anoitecer,Nublado,Dupla   ,Urbano,Automóvel,Ferido Leve ,27.0,Masculino
1300924,29/04/2013,RN,110,MOSSORO,Falta de atenção,Colisão lateral,Com Vítimas Feridas,Pleno dia,Ceu Claro,Dupla   ,Urbano,Automóvel,Ileso       ,38.0,Masculino
1300924,29/04/2013,RN,110,MOSSORO,Falta de atenção,Colisão lateral,Com Vítimas Feridas,Pleno dia,Ceu Claro,Dupla   ,Urbano,Ciclomotor,Ferido Leve ,69.0,Masculino
1300925,19/05/2013,RN,101,SAO JOSE DE MIPIBU,Outras,Queda de motocicleta / bicicleta / veículo,Com Vítimas Fatais ,Plena noite,Chuva,Simples ,Urbano,Motocicletas,Morto       ,17.0,Masculino
1300961,15/05/2013,RN,101,NATAL,Outras,Colisão lateral,Com Vítimas Feridas,Pleno dia,Ceu Claro,Dupla   ,Urbano,Automóvel,Ileso       ,26.0,Masculino
1300961,15/05/2013,RN,101,NATAL,Outras,Colisão lateral,Com Vítimas Feridas,Pleno dia,Ceu Claro,Dupla   ,Urbano,Motocicletas,Ferido Leve ,31.0,Masculino
1300978,11/05/2013,RN,405,PAU DOS FERROS,Outras,Colisão com bicicleta,Com Vítimas Fatais ,Anoitecer,Ceu Claro,Simples ,Rural ,Motocicletas,Morto       ,30.0,Masculino
1300978,11/05/2013,RN,405,PAU DOS FERROS,Outras,Colisão com bicicleta,Com Vítimas Fatais ,Anoitecer,Ceu Claro,Simples ,Rural ,Bicicleta,Ferido Leve ,61.0,Masculino
1301108,16/05/2013,RN,304,IPANGUACU,Falta de atenção,Colisão traseira,Sem Vítimas        ,Pleno dia,Ceu Claro,Simples ,Rural ,Automóvel,Ileso       ,26.0,Masculino
1301108,16/05/2013,RN,304,IPANGUACU,Falta de atenção,Colisão traseira,Sem Vítimas        ,Pleno dia,Ceu Claro,Simples ,Rural ,Caminhão,Ileso       ,47.0,Masculino
1301136,19/05/2013,RN,304,MOSSORO,Outras,Tombamento,Sem Vítimas        ,Pleno dia,Ceu Claro,Dupla   ,Rural ,Automóvel,Ileso       ,-1.0,Inválido
1301136,19/05/2013,RN,304,MOSSORO,Outras,Tombamento,Sem Vítimas        ,Pleno dia,Ceu Claro,Dupla   ,Rural ,Utilitário,Ileso       ,21.0,Masculino
1301219,19/05/2013,RN,304,MOSSORO,Animais na Pista,Atropelamento de animal,Sem Vítimas        ,Pleno dia,Ceu Claro,Dupla   ,Urbano,Automóvel,Ileso       ,38.0,Masculino
1301347,19/05/2013,RN,427,CAICO,Ingestão de álcool,Colisão traseira,Com Vítimas Feridas,Plena noite,Ceu Claro,Simples ,Rural ,Motocicletas,Ileso       ,28.0,Masculino
1301347,19/05/2013,RN,427,CAICO,Ingestão de álcool,Colisão traseira,Com Vítimas Feridas,Plena noite,Ceu Claro,Simples ,Rural ,Motocicletas,Ferido Leve ,22.0,Masculino
1301347,19/05/2013,RN,427,CAICO,Ingestão de álcool,Colisão traseira,Com Vítimas Feridas,Plena noite,Ceu Claro,Simples ,Rural ,Motocicletas,Ferido Leve ,22.0,Feminino
1301382,19/05/2013,RN,101,PARNAMIRIM,Não guardar distância de segurança,Colisão traseira,Sem Vítimas        ,Pleno dia,Ceu Claro,Dupla   ,Urbano,Motocicletas,Ileso       ,23.0,Masculino
1301382,19/05/2013,RN,101,PARNAMIRIM,Não guardar distância de segurança,Colisão traseira,Sem Vítimas        ,Pleno dia,Ceu Claro,Dupla   ,Urbano,Ônibus,Ileso       ,30.0,Masculino
1301426,17/05/2013,RN,304,ANGICOS,Falta de atenção,Colisão Transversal,Com Vítimas Feridas,Anoitecer,Ceu Claro,Simples ,Rural ,Caminhão,Ileso       ,46.0,Masculino
1301426,17/05/2013,RN,304,ANGICOS,Falta de atenção,Colisão Transversal,Com Vítimas Feridas,Anoitecer,Ceu Claro,Simples ,Rural ,Automóvel,Ferido Leve ,50.0,Feminino
1301426,17/05/2013,RN,304,ANGICOS,Falta de atenção,Colisão Transversal,Com Vítimas Feridas,Anoitecer,Ceu Claro,Simples ,Rural ,Automóvel,Ferido Grave,52.0,Masculino
1301430,17/05/2013,RN,101,SAO GONCALO DO AMARANTE,Falta de atenção,Colisão lateral,Com Vítimas Feridas,Pleno dia,Sol,Dupla   ,Urbano,Automóvel,Ileso       ,52.0,Masculino
1301430,17/05/2013,RN,101,SAO GONCALO DO AMARANTE,Falta de atenção,Colisão lateral,Com Vítimas Feridas,Pleno dia,Sol,Dupla   ,Urbano,Motocicletas,Ferido Leve ,21.0,Masculino
1301430,17/05/2013,RN,101,SAO GONCALO DO AMARANTE,Falta de atenção,Colisão lateral,Com Vítimas Feridas,Pleno dia,Sol,Dupla   ,Urbano,Motocicletas,Ferido Leve ,21.0,Masculino
1301449,20/05/2013,RN,101,NATAL,Outras,Colisão lateral,Sem Vítimas        ,Pleno dia,Ceu Claro,Dupla   ,Urbano,Automóvel,Ileso       ,27.0,Masculino
1301449,20/05/2013,RN,101,NATAL,Outras,Colisão lateral,Sem Vítimas        ,Pleno dia,Ceu Claro,Dupla   ,Urbano,Caminhão,Ileso       ,43.0,Masculino
1301516,18/05/2013,RN,101,GOIANINHA,Outras,Saída de Pista,Sem Vítimas        ,Pleno dia,Chuva,Dupla   ,Rural ,Caminhonete,Ileso       ,30.0,Masculino
1301543,16/05/2013,RN,226,SANTA CRUZ,Falta de atenção,Saída de Pista,Sem Vítimas        ,Pleno dia,Ceu Claro,Simples ,Rural ,Automóvel,Ileso       ,39.0,Masculino
1301582,20/05/2013,RN,101,SAO JOSE DE MIPIBU,Não guardar distância de segurança,Colisão traseira,Sem Vítimas        ,Pleno dia,Sol,Múltipla,Urbano,Caminhonete,Ileso       ,49.0,Feminino
1301582,20/05/2013,RN,101,SAO JOSE DE MIPIBU,Não guardar distância de segurança,Colisão traseira,Sem Vítimas        ,Pleno dia,Sol,Múltipla,Urbano,Caminhonete,Ileso       ,78.0,Masculino
1301646,20/05/2013,RN,101,NATAL,Não guardar distância de segurança,Colisão traseira,Sem Vítimas        ,Pleno dia,Sol,Dupla   ,Urbano,Utilitário,Ileso       ,60.0,Masculino
1301646,20/05/2013,RN,101,NATAL,Não guardar distância de segurança,Colisão traseira,Sem Vítimas        ,Pleno dia,Sol,Dupla   ,Urbano,Utilitário,Ileso       ,44.0,Masculino
1301646,20/05/2013,RN,101,NATAL,Não guardar distância de segurança,Colisão traseira,Sem Vítimas        ,Pleno dia,Sol,Dupla   ,Urbano,Automóvel,Ileso       ,51.0,Feminino
1301646,20/05/2013,RN,101,NATAL,Não guardar distância de segurança,Colisão traseira,Sem Vítimas        ,Pleno dia,Sol,Dupla   ,Urbano,Automóvel,Ileso       ,23.0,Masculino
1301646,20/05/2013,RN,101,NATAL,Não guardar distância de segurança,Colisão traseira,Sem Vítimas        ,Pleno dia,Sol,Dupla   ,Urbano,Caminhonete,Ileso       ,36.0,Feminino
1301646,20/05/2013,RN,101,NATAL,Não guardar distância de segurança,Colisão traseira,Sem Vítimas        ,Pleno dia,Sol,Dupla   ,Urbano,Automóvel,Ileso       ,30.0,Feminino
1301816,20/05/2013,RN,427,JARDIM DO SERIDO,Dormindo,Capotamento,Com Vítimas Feridas,Pleno dia,Ceu Claro,Simples ,Rural ,Automóvel,Ferido Leve ,31.0,Masculino
1301829,20/05/2013,RN,101,PARNAMIRIM,Falta de atenção,Colisão traseira,Sem Vítimas        ,Plena noite,Ceu Claro,Múltipla,Urbano,Caminhonete,Ileso       ,35.0,Masculino
1301829,20/05/2013,RN,101,PARNAMIRIM,Falta de atenção,Colisão traseira,Sem Vítimas        ,Plena noite,Ceu Claro,Múltipla,Urbano,Automóvel,Ileso       ,37.0,Masculino
1301863,20/05/2013,RN,101,PARNAMIRIM,Outras,Colisão lateral,Sem Vítimas        ,Pleno dia,Ceu Claro,Dupla   ,Urbano,Caminhão,Ileso       ,-1.0,Masculino
1301863,20/05/2013,RN,101,PARNAMIRIM,Outras,Colisão lateral,Sem Vítimas        ,Pleno dia,Ceu Claro,Dupla   ,Urbano,Automóvel,Ileso       ,-1.0,Feminino
1301898,20/05/2013,RN,101,NATAL,Falta de atenção,Colisão Transversal,Sem Vítimas        ,Plena noite,Ceu Claro,Dupla   ,Rural ,Automóvel,Ignorado    ,-1.0,Inválido
1301898,20/05/2013,RN,101,NATAL,Falta de atenção,Colisão Transversal,Sem Vítimas        ,Plena noite,Ceu Claro,Dupla   ,Rural ,Automóvel,Ileso       ,34.0,Masculino
1301933,17/05/2013,RN,101,SAO JOSE DE MIPIBU,Falta de atenção,Colisão traseira,Sem Vítimas        ,Plena noite,Chuva,Dupla   ,Rural ,Automóvel,Ileso       ,42.0,Masculino
1301933,17/05/2013,RN,101,SAO JOSE DE MIPIBU,Falta de atenção,Colisão traseira,Sem Vítimas        ,Plena noite,Chuva,Dupla   ,Rural ,Automóvel,Ileso       ,42.0,Masculino
1301953,21/05/2013,RN,304,MACAIBA,Outras,Colisão Transversal,Sem Vítimas        ,Amanhecer,Nublado,Simples ,Rural ,Automóvel,Ileso       ,36.0,Masculino
1301953,21/05/2013,RN,304,MACAIBA,Outras,Colisão Transversal,Sem Vítimas        ,Amanhecer,Nublado,Simples ,Rural ,Microônibus,Ileso       ,-1.0,Masculino
1302031,21/05/2013,RN,101,PARNAMIRIM,Outras,Colisão lateral,Sem Vítimas        ,Pleno dia,Ceu Claro,Dupla   ,Urbano,Automóvel,Ileso       ,21.0,Masculino
1302031,21/05/2013,RN,101,PARNAMIRIM,Outras,Colisão lateral,Sem Vítimas        ,Pleno dia,Ceu Claro,Dupla   ,Urbano,Automóvel,Ileso       ,24.0,Masculino
1302042,21/05/2013,RN,101,NATAL,Falta de atenção,Colisão traseira,Sem Vítimas        ,Pleno dia,Ceu Claro,Múltipla,Urbano,Automóvel,Ileso       ,63.0,Masculino
1302042,21/05/2013,RN,101,NATAL,Falta de atenção,Colisão traseira,Sem Vítimas        ,Pleno dia,Ceu Claro,Múltipla,Urbano,Automóvel,Ileso       ,30.0,Masculino
1302097,21/05/2013,RN,304,MOSSORO,Falta de atenção,Colisão traseira,Sem Vítimas        ,Pleno dia,Ceu Claro,Simples ,Urbano,Automóvel,Ileso       ,34.0,Feminino
1302097,21/05/2013,RN,304,MOSSORO,Falta de atenção,Colisão traseira,Sem Vítimas        ,Pleno dia,Ceu Claro,Simples ,Urbano,Automóvel,Ileso       ,29.0,Masculino
1302128,09/05/2013,RN,101,NATAL,Outras,Colisão traseira,Sem Vítimas        ,Plena noite,Ceu Claro,Simples ,Urbano,Ônibus,Ileso       ,31.0,Masculino
1302128,09/05/2013,RN,101,NATAL,Outras,Colisão traseira,Sem Vítimas        ,Plena noite,Ceu Claro,Simples ,Urbano,Caminhonete,Ileso       ,44.0,Masculino
1302174,18/05/2013,RN,101,NATAL,Outras,Colisão traseira,Sem Vítimas        ,Pleno dia,Nublado,Dupla   ,Urbano,Automóvel,Ileso       ,33.0,Masculino
1302174,18/05/2013,RN,101,NATAL,Outras,Colisão traseira,Sem Vítimas        ,Pleno dia,Nublado,Dupla   ,Urbano,Automóvel,Ignorado    ,-1.0,Inválido
1302194,21/05/2013,RN,101,SAO JOSE DE MIPIBU,Não guardar distância de segurança,Colisão traseira,Sem Vítimas        ,Pleno dia,Sol,Dupla   ,Urbano,Caminhonete,Ileso       ,27.0,Masculino
1302194,21/05/2013,RN,101,SAO JOSE DE MIPIBU,Não guardar distância de segurança,Colisão traseira,Sem Vítimas        ,Pleno dia,Sol,Dupla   ,Urbano,Caminhão,Ileso       ,27.0,Masculino
1302286,21/05/2013,RN,101,NATAL,Falta de atenção,Colisão traseira,Sem Vítimas        ,Plena noite,Ceu Claro,Dupla   ,Urbano,Automóvel,Ileso       ,21.0,Feminino
1302286,21/05/2013,RN,101,NATAL,Falta de atenção,Colisão traseira,Sem Vítimas        ,Plena noite,Ceu Claro,Dupla   ,Urbano,Automóvel,Ileso       ,32.0,Masculino
1302286,21/05/2013,RN,101,NATAL,Falta de atenção,Colisão traseira,Sem Vítimas        ,Plena noite,Ceu Claro,Dupla   ,Urbano,Automóvel,Ileso       ,29.0,Feminino
1302286,21/05/2013,RN,101,NATAL,Falta de atenção,Colisão traseira,Sem Vítimas        ,Plena noite,Ceu Claro,Dupla   ,Urbano,Automóvel,Ileso       ,21.0,Masculino
1302286,21/05/2013,RN,101,NATAL,Falta de atenção,Colisão traseira,Sem Vítimas        ,Plena noite,Ceu Claro,Dupla   ,Urbano,Automóvel,Ileso       ,24.0,Feminino
1302300,21/05/2013,RN,101,NATAL,Outras,Atropelamento de pessoa,Com Vítimas Feridas,Plena noite,Vento,Dupla   ,Urbano,Caminhonete,Ileso       ,28.0,Masculino
1302300,21/05/2013,RN,101,NATAL,Outras,Atropelamento de pessoa,Com Vítimas Feridas,Plena noite,Vento,Dupla   ,Urbano,(null),Ferido Leve ,40.0,Masculino
1302372,21/05/2013,RN,304,ASSU,Outras,Derramamento de Carga,Sem Vítimas        ,Pleno dia,Sol,Simples ,Rural ,Caminhão,Ileso       ,31.0,Masculino
1302372,21/05/2013,RN,304,ASSU,Outras,Derramamento de Carga,Sem Vítimas        ,Pleno dia,Sol,Simples ,Rural ,Não identificado,Ignorado    ,-1.0,Inválido
1302435,20/05/2013,RN,101,NATAL,Outras,Colisão traseira,Sem Vítimas        ,Pleno dia,Ceu Claro,Dupla   ,Urbano,Automóvel,Ileso       ,47.0,Masculino
1302435,20/05/2013,RN,101,NATAL,Outras,Colisão traseira,Sem Vítimas        ,Pleno dia,Ceu Claro,Dupla   ,Urbano,Automóvel,Ileso       ,48.0,Masculino
1302448,20/05/2013,RN,101,NATAL,Outras,Colisão lateral,Sem Vítimas        ,Pleno dia,Ceu Claro,Dupla   ,Urbano,Automóvel,Ileso       ,34.0,Masculino
1302448,20/05/2013,RN,101,NATAL,Outras,Colisão lateral,Sem Vítimas        ,Pleno dia,Ceu Claro,Dupla   ,Urbano,Ônibus,Ileso       ,-1.0,Masculino
1302461,18/05/2013,RN,101,SAO GONCALO DO AMARANTE,Outras,Atropelamento de pessoa,Com Vítimas Feridas,Plena noite,Ceu Claro,Dupla   ,Urbano,Ônibus,Ileso       ,27.0,Masculino
1302461,18/05/2013,RN,101,SAO GONCALO DO AMARANTE,Outras,Atropelamento de pessoa,Com Vítimas Feridas,Plena noite,Ceu Claro,Dupla   ,Urbano,(null),Ferido Grave,-1.0,Masculino
1302552,19/05/2013,RN,101,SAO JOSE DE MIPIBU,Outras,Capotamento,Sem Vítimas        ,Plena noite,Nublado,Dupla   ,Rural ,Automóvel,Ileso       ,32.0,Feminino
1302727,10/05/2013,RN,101,PARNAMIRIM,Outras,Colisão com objeto fixo,Sem Vítimas        ,Amanhecer,Nublado,Dupla   ,Urbano,Automóvel,Ileso       ,-1.0,Masculino
1302764,22/05/2013,RN,304,ITAJA,Animais na Pista,Tombamento,Com Vítimas Feridas,Pleno dia,Ceu Claro,Simples ,Rural ,Caminhão,Ferido Leve ,32.0,Masculino
1302766,22/05/2013,RN,101,SAO GONCALO DO AMARANTE,Não guardar distância de segurança,Colisão traseira,Sem Vítimas        ,Pleno dia,Ceu Claro,Dupla   ,Urbano,Automóvel,Ileso       ,26.0,Masculino
1302766,22/05/2013,RN,101,SAO GONCALO DO AMARANTE,Não guardar distância de segurança,Colisão traseira,Sem Vítimas        ,Pleno dia,Ceu Claro,Dupla   ,Urbano,Camioneta,Ileso       ,27.0,Masculino
1302798,22/05/2013,RN,101,GOIANINHA,Defeito mecânico em veículo,Tombamento,Sem Vítimas        ,Pleno dia,Sol,Dupla   ,Rural ,Caminhonete,Ileso       ,31.0,Masculino
1302860,18/05/2013,RN,304,MACAIBA,Ingestão de álcool,Colisão traseira,Sem Vítimas        ,Plena noite,Nublado,Simples ,Urbano,Camioneta,Ileso       ,24.0,Masculino
1302860,18/05/2013,RN,304,MACAIBA,Ingestão de álcool,Colisão traseira,Sem Vítimas        ,Plena noite,Nublado,Simples ,Urbano,Automóvel,Ileso       ,50.0,Masculino
1303043,23/05/2013,RN,101,PARNAMIRIM,Outras,Colisão Transversal,Com Vítimas Feridas,Pleno dia,Sol,Múltipla,Urbano,Bicicleta,Ferido Leve ,69.0,Masculino
1303043,23/05/2013,RN,101,PARNAMIRIM,Outras,Colisão Transversal,Com Vítimas Feridas,Pleno dia,Sol,Múltipla,Urbano,Caminhão,Ileso       ,38.0,Masculino
1303048,17/05/2013,RN,101,NATAL,Outras,Colisão Transversal,Com Vítimas Feridas,Plena noite,Chuva,Dupla   ,Urbano,Automóvel,Ileso       ,31.0,Feminino
1303048,17/05/2013,RN,101,NATAL,Outras,Colisão Transversal,Com Vítimas Feridas,Plena noite,Chuva,Dupla   ,Urbano,Motoneta,Ferido Leve ,20.0,Masculino
1303064,23/05/2013,RN,101,NATAL,Outras,Colisão frontal,Com Vítimas Feridas,Pleno dia,Sol,Dupla   ,Urbano,Automóvel,Ferido Leve ,35.0,Masculino
1303064,23/05/2013,RN,101,NATAL,Outras,Colisão frontal,Com Vítimas Feridas,Pleno dia,Sol,Dupla   ,Urbano,Automóvel,Ileso       ,28.0,Masculino
1303073,01/05/2013,RN,101,PARNAMIRIM,Falta de atenção,Colisão lateral,Sem Vítimas        ,Pleno dia,Ceu Claro,Dupla   ,Urbano,Automóvel,Ileso       ,28.0,Masculino
1303073,01/05/2013,RN,101,PARNAMIRIM,Falta de atenção,Colisão lateral,Sem Vítimas        ,Pleno dia,Ceu Claro,Dupla   ,Urbano,Motocicletas,Ileso       ,34.0,Feminino
1303250,23/05/2013,RN,304,MOSSORO,Falta de atenção,Colisão Transversal,Sem Vítimas        ,Pleno dia,Ceu Claro,Simples ,Rural ,Caminhão,Ileso       ,0.0,Masculino
1303250,23/05/2013,RN,304,MOSSORO,Falta de atenção,Colisão Transversal,Sem Vítimas        ,Pleno dia,Ceu Claro,Simples ,Rural ,Utilitário,Ileso       ,40.0,Masculino
1303374,12/05/2013,RN,101,PARNAMIRIM,Falta de atenção,Tombamento,Com Vítimas Feridas,Plena noite,Ceu Claro,Simples ,Urbano,Motocicletas,Ileso       ,36.0,Masculino
1303374,12/05/2013,RN,101,PARNAMIRIM,Falta de atenção,Tombamento,Com Vítimas Feridas,Plena noite,Ceu Claro,Simples ,Urbano,Motocicletas,Ferido Grave,-1.0,Feminino
1303432,23/05/2013,RN,304,ASSU,Outras,Colisão lateral,Com Vítimas Feridas,Plena noite,Ceu Claro,Simples ,Rural ,Motocicletas,Ferido Grave,21.0,Masculino
1303432,23/05/2013,RN,304,ASSU,Outras,Colisão lateral,Com Vítimas Feridas,Plena noite,Ceu Claro,Simples ,Rural ,Motocicletas,Ferido Grave,30.0,Masculino
1303432,23/05/2013,RN,304,ASSU,Outras,Colisão lateral,Com Vítimas Feridas,Plena noite,Ceu Claro,Simples ,Rural ,Caminhão,Ileso       ,-1.0,Inválido
1303490,21/05/2013,RN,101,NATAL,Falta de atenção,Colisão traseira,Com Vítimas Feridas,Amanhecer,Nublado,Dupla   ,Urbano,Automóvel,Ileso       ,41.0,Feminino
1303490,21/05/2013,RN,101,NATAL,Falta de atenção,Colisão traseira,Com Vítimas Feridas,Amanhecer,Nublado,Dupla   ,Urbano,Motocicletas,Ferido Leve ,44.0,Masculino
1303490,21/05/2013,RN,101,NATAL,Falta de atenção,Colisão traseira,Com Vítimas Feridas,Amanhecer,Nublado,Dupla   ,Urbano,Motocicletas,Ferido Leve ,38.0,Feminino
1303538,16/05/2013,RN,406,SAO GONCALO DO AMARANTE,Falta de atenção,Colisão Transversal,Sem Vítimas        ,Pleno dia,Sol,Simples ,Urbano,Ônibus,Ileso       ,45.0,Masculino
1303538,16/05/2013,RN,406,SAO GONCALO DO AMARANTE,Falta de atenção,Colisão Transversal,Sem Vítimas        ,Pleno dia,Sol,Simples ,Urbano,Automóvel,Ileso       ,28.0,Masculino
1303551,23/05/2013,RN,405,ITAU,Falta de atenção,Colisão Transversal,Com Vítimas Feridas,Pleno dia,Ceu Claro,Simples ,Rural ,Motocicletas,Ferido Leve ,23.0,Feminino
1303551,23/05/2013,RN,405,ITAU,Falta de atenção,Colisão Transversal,Com Vítimas Feridas,Pleno dia,Ceu Claro,Simples ,Rural ,Automóvel,Ileso       ,22.0,Feminino
1303557,23/05/2013,RN,406,MACAU,Outras,Colisão com objeto fixo,Sem Vítimas        ,Pleno dia,Ceu Claro,Simples ,Rural ,Camioneta,Ileso       ,34.0,Masculino
1303627,24/05/2013,RN,304,PARNAMIRIM,Falta de atenção,Colisão lateral,Sem Vítimas        ,Pleno dia,Ceu Claro,Dupla   ,Urbano,Camioneta,Ileso       ,59.0,Masculino
1303627,24/05/2013,RN,304,PARNAMIRIM,Falta de atenção,Colisão lateral,Sem Vítimas        ,Pleno dia,Ceu Claro,Dupla   ,Urbano,Automóvel,Ileso       ,69.0,Masculino
1303629,23/05/2013,RN,101,NATAL,Ultrapassagem indevida,Colisão traseira,Com Vítimas Feridas,Plena noite,Nublado,Dupla   ,Urbano,Automóvel,Ileso       ,29.0,Masculino
1303629,23/05/2013,RN,101,NATAL,Ultrapassagem indevida,Colisão traseira,Com Vítimas Feridas,Plena noite,Nublado,Dupla   ,Urbano,Motocicletas,Ferido Leve ,22.0,Masculino
1303629,23/05/2013,RN,101,NATAL,Ultrapassagem indevida,Colisão traseira,Com Vítimas Feridas,Plena noite,Nublado,Dupla   ,Urbano,Motocicletas,Ignorado    ,-1.0,Masculino