id,data_inversa,uf,br,municipio,causa_acidente,tipo_acidente,classificacao_acidente,fase_dia,condicao_metereologica,tipo_pista,uso_solo,tipo_veiculo,estado_fisico,idade,sexo
1303638,24/05/2013,RN,304,MOSSORO,Outras,Tombamento,Sem Vítimas        ,Pleno dia,Chuva,Dupla   ,Urbano,Automóvel,Ileso       ,-1.0,Inválido
1303639,06/04/2013,RN,226,NATAL,Falta de atenção,Colisão Transversal,Com Vítimas Feridas,Pleno dia,Ceu Claro,Dupla   ,Urbano,Motocicletas,Ferido Grave,-1.0,Masculino
1303639,06/04/2013,RN,226,NATAL,Falta de atenção,Colisão Transversal,Com Vítimas Feridas,Pleno dia,Ceu Claro,Dupla   ,Urbano,Motocicletas,Ferido Leve ,48.0,Masculino
1303707,24/05/2013,RN,101,NATAL,Outras,Colisão lateral,Sem Vítimas        ,Pleno dia,Nublado,Dupla   ,Urbano,Caminhão-Trator,Ileso       ,42.0,Masculino
1303707,24/05/2013,RN,101,NATAL,Outras,Colisão lateral,Sem Vítimas        ,Pleno dia,Nublado,Dupla   ,Urbano,Automóvel,Ileso       ,52.0,Masculino
1303800,24/05/2013,RN,101,PARNAMIRIM,Outras,Colisão lateral,Sem Vítimas        ,Pleno dia,Ceu Claro,Dupla   ,Urbano,Automóvel,Ileso       ,-1.0,Masculino
1303800,24/05/2013,RN,101,PARNAMIRIM,Outras,Colisão lateral,Sem Vítimas        ,Pleno dia,Ceu Claro,Dupla   ,Urbano,Automóvel,Ileso       ,-1.0,Feminino
1303806,22/05/2013,RN,101,PARNAMIRIM,Ingestão de álcool,Colisão Transversal,Com Vítimas Feridas,Pleno dia,Sol,Dupla   ,Urbano,Automóvel,Ferido Leve ,67.0,Masculino
1303806,22/05/2013,RN,101,PARNAMIRIM,Ingestão de álcool,Colisão Transversal,Com Vítimas Feridas,Pleno dia,Sol,Dupla   ,Urbano,Automóvel,Ferido Leve ,35.0,Masculino
1303806,22/05/2013,RN,101,PARNAMIRIM,Ingestão de álcool,Colisão Transversal,Com Vítimas Feridas,Pleno dia,Sol,Dupla   ,Urbano,Automóvel,Ferido Leve ,55.0,Feminino
1303806,22/05/2013,RN,101,PARNAMIRIM,Ingestão de álcool,Colisão Transversal,Com Vítimas Feridas,Pleno dia,Sol,Dupla   ,Urbano,Automóvel,Ferido Leve ,34.0,Feminino
1303806,22/05/2013,RN,101,PARNAMIRIM,Ingestão de álcool,Colisão Transversal,Com Vítimas Feridas,Pleno dia,Sol,Dupla   ,Urbano,Automóvel,Ferido Leve ,29.0,Feminino
1303912,24/05/2013,RN,304,MOSSORO,Falta de atenção,Colisão traseira,Sem Vítimas        ,Anoitecer,Nublado,Simples ,Urbano,Caminhão-Trator,Ileso       ,37.0,Masculino
1303912,24/05/2013,RN,304,MOSSORO,Falta de atenção,Colisão traseira,Sem Vítimas        ,Anoitecer,Nublado,Simples ,Urbano,Caminhão-Trator,Ileso       ,51.0,Masculino
1304001,24/05/2013,RN,406,CEARA-MIRIM,Outras,Colisão Transversal,Com Vítimas Feridas,Plena noite,Nublado,Simples ,Urbano,Automóvel,Ignorado    ,-1.0,Masculino
1304001,24/05/2013,RN,406,CEARA-MIRIM,Outras,Colisão Transversal,Com Vítimas Feridas,Plena noite,Nublado,Simples ,Urbano,Motocicletas,Ferido Grave,28.0,Masculino
1304011,24/05/2013,RN,101,NATAL,Outras,Capotamento,Sem Vítimas        ,Plena noite,Ceu Claro,Múltipla,Urbano,Camioneta,Ileso       ,18.0,Masculino
1304064,21/05/2013,RN,101,NATAL,Não guardar distância de segurança,Colisão traseira,Com Vítimas Feridas,Plena noite,Ceu Claro,Dupla   ,Urbano,Automóvel,Ileso       ,45.0,Masculino
1304064,21/05/2013,RN,101,NATAL,Não guardar distância de segurança,Colisão traseira,Com Vítimas Feridas,Plena noite,Ceu Claro,Dupla   ,Urbano,Motocicletas,Ferido Leve ,27.0,Masculino
1304064,21/05/2013,RN,101,NATAL,Não guardar distância de segurança,Colisão traseira,Com Vítimas Feridas,Plena noite,Ceu Claro,Dupla   ,Urbano,Motocicletas,Ferido Leve ,24.0,Feminino
1304077,21/05/2013,RN,101,SAO JOSE DE MIPIBU,Dormindo,Colisão traseira,Sem Vítimas        ,Pleno dia,Ceu Claro,Dupla   ,Urbano,Caminhão,Ileso       ,49.0,Masculino
1304077,21/05/2013,RN,101,SAO JOSE DE MIPIBU,Dormindo,Colisão traseira,Sem Vítimas        ,Pleno dia,Ceu Claro,Dupla   ,Urbano,Caminhão,Ileso       ,21.0,Masculino
1304118,20/05/2013,RN,110,MOSSORO,Desobediência à sinalização,Colisão Transversal,Sem Vítimas        ,Plena noite,Ceu Claro,Simples ,Urbano,Automóvel,Ileso       ,-1.0,Feminino
1304118,20/05/2013,RN,110,MOSSORO,Desobediência à sinalização,Colisão Transversal,Sem Vítimas        ,Plena noite,Ceu Claro,Simples ,Urbano,Ciclomotor,Ignorado    ,-1.0,Masculino
1304140,25/05/2013,RN,101,PARNAMIRIM,Falta de atenção,Colisão traseira,Sem Vítimas        ,Pleno dia,Ceu Claro,Múltipla,Urbano,Automóvel,Ileso       ,52.0,Feminino
1304140,25/05/2013,RN,101,PARNAMIRIM,Falta de atenção,Colisão traseira,Sem Vítimas        ,Pleno dia,Ceu Claro,Múltipla,Urbano,Automóvel,Ileso       ,53.0,Masculino
1304164,25/05/2013,RN,304,MOSSORO,Outras,Colisão com objeto fixo,Sem Vítimas        ,Pleno dia,Sol,Dupla   ,Urbano,Automóvel,Ileso       ,24.0,Masculino
1304164,25/05/2013,RN,304,MOSSORO,Outras,Colisão com objeto fixo,Sem Vítimas        ,Pleno dia,Sol,Dupla   ,Urbano,Ciclomotor,Ignorado    ,-1.0,Inválido
1304216,25/05/2013,RN,427,JARDIM DO SERIDO,Velocidade incompatível,Colisão Transversal,Sem Vítimas        ,Pleno dia,Ceu Claro,Simples ,Urbano,Motocicletas,Ileso       ,-1.0,Masculino
1304216,25/05/2013,RN,427,JARDIM DO SERIDO,Velocidade incompatível,Colisão Transversal,Sem Vítimas        ,Pleno dia,Ceu Claro,Simples ,Urbano,Automóvel,Ileso       ,26.0,Feminino
1304265,25/05/2013,RN,427,ACARI,Outras,Colisão lateral,Com Vítimas Feridas,Pleno dia,Ceu Claro,Simples ,Rural ,Automóvel,Ileso       ,21.0,Masculino
1304265,25/05/2013,RN,427,ACARI,Outras,Colisão lateral,Com Vítimas Feridas,Pleno dia,Ceu Claro,Simples ,Rural ,Motoneta,Ferido Grave,26.0,Masculino
1304305,25/05/2013,RN,101,SAO GONCALO DO AMARANTE,Não guardar distância de segurança,Colisão traseira,Com Vítimas Feridas,Pleno dia,Nublado,Dupla   ,Urbano,Automóvel,Ferido Leve ,32.0,Masculino
1304305,25/05/2013,RN,101,SAO GONCALO DO AMARANTE,Não guardar distância de segurança,Colisão traseira,Com Vítimas Feridas,Pleno dia,Nublado,Dupla   ,Urbano,Caminhão-Trator,Ileso       ,37.0,Masculino
1304335,25/05/2013,RN,101,RIO DO FOGO,Animais na Pista,Atropelamento de animal,Sem Vítimas        ,Plena noite,Ceu Claro,Simples ,Rural ,Automóvel,Ignorado    ,-1.0,Inválido
1304335,25/05/2013,RN,101,RIO DO FOGO,Animais na Pista,Atropelamento de animal,Sem Vítimas        ,Plena noite,Ceu Claro,Simples ,Rural ,Automóvel,Ileso       ,35.0,Masculino
1304353,25/05/2013,RN,304,MOSSORO,Outras,Colisão lateral,Sem Vítimas        ,Anoitecer,Nublado,Simples ,Rural ,Caminhão-Trator,Ileso       ,48.0,Masculino
1304353,25/05/2013,RN,304,MOSSORO,Outras,Colisão lateral,Sem Vítimas        ,Anoitecer,Nublado,Simples ,Rural ,Caminhonete,Ignorado    ,-1.0,Masculino
1304354,25/05/2013,RN,101,PARNAMIRIM,Falta de atenção,Colisão traseira,Sem Vítimas        ,Pleno dia,Ceu Claro,Múltipla,Urbano,Automóvel,Ileso       ,-1.0,Masculino
1304354,25/05/2013,RN,101,PARNAMIRIM,Falta de atenção,Colisão traseira,Sem Vítimas        ,Pleno dia,Ceu Claro,Múltipla,Urbano,Caminhão,Ileso       ,31.0,Masculino
1304354,25/05/2013,RN,101,PARNAMIRIM,Falta de atenção,Colisão traseira,Sem Vítimas        ,Pleno dia,Ceu Claro,Múltipla,Urbano,Ônibus,Ileso       ,37.0,Masculino
1304375,25/05/2013,RN,304,MOSSORO,Outras,Queda de motocicleta / bicicleta / veículo,Com Vítimas Feridas,Plena noite,Ceu Claro,Dupla   ,Urbano,Motoneta,Ferido Grave,68.0,Masculino
1304375,25/05/2013,RN,304,MOSSORO,Outras,Queda de motocicleta / bicicleta / veículo,Com Vítimas Feridas,Plena noite,Ceu Claro,Dupla   ,Urbano,Motoneta,Ferido Grave,50.0,Masculino
1304398,25/05/2013,RN,101,ARES,Não guardar distância de segurança,Queda de motocicleta / bicicleta / veículo,Com Vítimas Feridas,Anoitecer,Ignorada,Dupla   ,Rural ,Caminhão-Trator,Ignorado    ,-1.0,Inválido
1304398,25/05/2013,RN,101,ARES,Não guardar distância de segurança,Queda de motocicleta / bicicleta / veículo,Com Vítimas Feridas,Anoitecer,Ignorada,Dupla   ,Rural ,Motocicletas,Ferido Grave,29.0,Masculino
1304398,25/05/2013,RN,101,ARES,Não guardar distância de segurança,Queda de motocicleta / bicicleta / veículo,Com Vítimas Feridas,Anoitecer,Ignorada,Dupla   ,Rural ,Motocicletas,Ferido Leve ,-1.0,Masculino
1304420,25/05/2013,RN,405,APODI,Ingestão de álcool,Colisão traseira,Sem Vítimas        ,Plena noite,Ceu Claro,Dupla   ,Urbano,Automóvel,Ileso       ,28.0,Masculino
1304420,25/05/2013,RN,405,APODI,Ingestão de álcool,Colisão traseira,Sem Vítimas        ,Plena noite,Ceu Claro,Dupla   ,Urbano,Caminhonete,Ileso       ,53.0,Masculino
1304502,22/05/2013,RN,226,NATAL,Defeito mecânico em veículo,Colisão frontal,Com Vítimas Fatais ,Plena noite,Ceu Claro,Simples ,Urbano,Caminhão,Ileso       ,52.0,Masculino
1304502,22/05/2013,RN,226,NATAL,Defeito mecânico em veículo,Colisão frontal,Com Vítimas Fatais ,Plena noite,Ceu Claro,Simples ,Urbano,Motocicletas,Morto       ,26.0,Masculino
1304502,22/05/2013,RN,226,NATAL,Defeito mecânico em veículo,Colisão frontal,Com Vítimas Fatais ,Plena noite,Ceu Claro,Simples ,Urbano,Motocicletas,Morto       ,-1.0,Masculino
1304656,26/05/2013,RN,304,MACAIBA,Outras,Capotamento,Sem Vítimas        ,Pleno dia,Chuva,Dupla   ,Rural ,Automóvel,Ileso       ,-1.0,Masculino
1304666,26/05/2013,RN,406,CEARA-MIRIM,Ingestão de álcool,Atropelamento de pessoa,Com Vítimas Feridas,Pleno dia,Ceu Claro,Simples ,Rural ,Motocicletas,Ferido Leve ,20.0,Masculino
1304666,26/05/2013,RN,406,CEARA-MIRIM,Ingestão de álcool,Atropelamento de pessoa,Com Vítimas Feridas,Pleno dia,Ceu Claro,Simples ,Rural ,Motocicletas,Ferido Leve ,25.0,Masculino
1304666,26/05/2013,RN,406,CEARA-MIRIM,Ingestão de álcool,Atropelamento de pessoa,Com Vítimas Feridas,Pleno dia,Ceu Claro,Simples ,Rural ,(null),Ferido Grave,39.0,Masculino
1304679,26/05/2013,RN,101,PARNAMIRIM,Outras,Colisão traseira,Sem Vítimas        ,Pleno dia,Nublado,Dupla   ,Urbano,Automóvel,Ileso       ,46.0,Masculino
1304679,26/05/2013,RN,101,PARNAMIRIM,Outras,Colisão traseira,Sem Vítimas        ,Pleno dia,Nublado,Dupla   ,Urbano,Automóvel,Ileso       ,42.0,Masculino
1304703,26/05/2013,RN,304,ASSU,Falta de atenção,Colisão Transversal,Com Vítimas Feridas,Pleno dia,Ceu Claro,Simples ,Urbano,Automóvel,Ileso       ,23.0,Masculino
1304703,26/05/2013,RN,304,ASSU,Falta de atenção,Colisão Transversal,Com Vítimas Feridas,Pleno dia,Ceu Claro,Simples ,Urbano,Motocicletas,Ferido Grave,21.0,Masculino
1304869,26/05/2013,RN,304,ASSU,Outras,Colisão com objeto fixo,Ignorado           ,Plena noite,Ceu Claro,Simples ,Rural ,Automóvel,Ignorado    ,-1.0,Inválido
1304876,27/05/2013,RN,110,MOSSORO,Outras,Colisão com objeto fixo,Com Vítimas Fatais ,Plena noite,Ceu Claro,Simples ,Rural ,Motocicletas,Morto       ,-1.0,Masculino
1304945,23/05/2013,RN,110,MOSSORO,Outras,Colisão Transversal,Com Vítimas Feridas,Pleno dia,Sol,Simples ,Urbano,Automóvel,Ileso       ,29.0,Masculino
1304945,23/05/2013,RN,110,MOSSORO,Outras,Colisão Transversal,Com Vítimas Feridas,Pleno dia,Sol,Simples ,Urbano,Motocicletas,Ferido Leve ,20.0,Masculino
1305000,27/05/2013,RN,101,NATAL,Outras,Colisão traseira,Sem Vítimas        ,Pleno dia,Sol,Múltipla,Urbano,Caminhão-Trator,Ileso       ,36.0,Masculino
1305000,27/05/2013,RN,101,NATAL,Outras,Colisão traseira,Sem Vítimas        ,Pleno dia,Sol,Múltipla,Urbano,Automóvel,Ileso       ,35.0,Feminino
1305054,27/05/2013,RN,406,JOAO CAMARA,Falta de atenção,Colisão Transversal,Sem Vítimas        ,Pleno dia,Ceu Claro,Simples ,Urbano,Automóvel,Ileso       ,51.0,Masculino
1305054,27/05/2013,RN,406,JOAO CAMARA,Falta de atenção,Colisão Transversal,Sem Vítimas        ,Pleno dia,Ceu Claro,Simples ,Urbano,Automóvel,Ignorado    ,-1.0,Inválido
1305100,27/05/2013,RN,405,MOSSORO,Falta de atenção,Colisão traseira,Sem Vítimas        ,Pleno dia,Sol,Simples ,Rural ,Automóvel,Ileso       ,73.0,Masculino
1305100,27/05/2013,RN,405,MOSSORO,Falta de atenção,Colisão traseira,Sem Vítimas        ,Pleno dia,Sol,Simples ,Rural ,Caminhão-Trator,Ileso       ,61.0,Masculino
1305142,24/05/2013,RN,304,MOSSORO,Outras,Colisão Transversal,Sem Vítimas        ,Plena noite,Nublado,Simples ,Urbano,Automóvel,Ileso       ,50.0,Masculino
1305142,24/05/2013,RN,304,MOSSORO,Outras,Colisão Transversal,Sem Vítimas        ,Plena noite,Nublado,Simples ,Urbano,Caminhão,Ileso       ,30.0,Masculino
1305163,27/05/2013,RN,101,PARNAMIRIM,Falta de atenção,Colisão lateral,Sem Vítimas        ,Pleno dia,Ceu Claro,Dupla   ,Urbano,Caminhão,Ileso       ,28.0,Masculino
1305163,27/05/2013,RN,101,PARNAMIRIM,Falta de atenção,Colisão lateral,Sem Vítimas        ,Pleno dia,Ceu Claro,Dupla   ,Urbano,Automóvel,Ileso       ,68.0,Masculino
1305184,23/05/2013,RN,101,SAO GONCALO DO AMARANTE,Desobediência à sinalização,Colisão Transversal,Sem Vítimas        ,Anoitecer,Ceu Claro,Dupla   ,Urbano,Caminhonete,Ileso       ,48.0,Masculino
1305184,23/05/2013,RN,101,SAO GONCALO DO AMARANTE,Desobediência à sinalização,Colisão Transversal,Sem Vítimas        ,Anoitecer,Ceu Claro,Dupla   ,Urbano,Caminhão,Ileso       ,58.0,Masculino
1305203,18/05/2013,RN,101,NATAL,Não guardar distância de segurança,Colisão traseira,Sem Vítimas        ,Plena noite,Nevoeiro/neblina,Dupla   ,Urbano,Automóvel,Ileso       ,24.0,Masculino
1305203,18/05/2013,RN,101,NATAL,Não guardar distância de segurança,Colisão traseira,Sem Vítimas        ,Plena noite,Nevoeiro/neblina,Dupla   ,Urbano,Automóvel,Ileso       ,38.0,Feminino
1305243,27/05/2013,RN,101,PARNAMIRIM,Falta de atenção,Colisão traseira,Sem Vítimas        ,Pleno dia,Sol,Simples ,Urbano,Automóvel,Ileso       ,52.0,Masculino
1305243,27/05/2013,RN,101,PARNAMIRIM,Falta de atenção,Colisão traseira,Sem Vítimas        ,Pleno dia,Sol,Simples ,Urbano,Automóvel,Ileso       ,26.0,Masculino
1305262,27/05/2013,RN,101,NATAL,Outras,Colisão lateral,Sem Vítimas        ,Pleno dia,Sol,Dupla   ,Urbano,Microônibus,Ileso       ,45.0,Masculino
1305262,27/05/2013,RN,101,NATAL,Outras,Colisão lateral,Sem Vítimas        ,Pleno dia,Sol,Dupla   ,Urbano,Motocicletas,Ileso       ,52.0,Masculino
1305509,04/05/2013,RN,110,AREIA BRANCA,Outras,Colisão lateral,Com Vítimas Feridas,Pleno dia,Ceu Claro,Simples ,Urbano,Motocicletas,Ferido Grave,42.0,Masculino
1305509,04/05/2013,RN,110,AREIA BRANCA,Outras,Colisão lateral,Com Vítimas Feridas,Pleno dia,Ceu Claro,Simples ,Urbano,Automóvel,Ignorado    ,-1.0,Inválido
1305538,26/05/2013,RN,101,NATAL,Falta de atenção,Colisão lateral,Sem Vítimas        ,Anoitecer,Ignorada,Simples ,Urbano,Automóvel,Ileso       ,38.0,Masculino
1305538,26/05/2013,RN,101,NATAL,Falta de atenção,Colisão lateral,Sem Vítimas        ,Anoitecer,Ignorada,Simples ,Urbano,Automóvel,Ileso       ,48.0,Feminino
1305562,28/05/2013,RN,101,ARES,Defeito na via,Capotamento,Sem Vítimas        ,Pleno dia,Chuva,Dupla   ,Rural ,Microônibus,Ileso       ,25.0,Masculino
1305579,31/01/2013,RN,110,MOSSORO,Outras,Queda de motocicleta / bicicleta / veículo,Com Vítimas Feridas,Plena noite,Ceu Claro,Dupla   ,Urbano,Motocicletas,Ferido Leve ,66.0,Masculino
1305646,27/05/2013,RN,101,PARNAMIRIM,Falta de atenção,Colisão traseira,Sem Vítimas        ,Pleno dia,Ceu Claro,Dupla   ,Urbano,Automóvel,Ileso       ,-1.0,Masculino
1305646,27/05/2013,RN,101,PARNAMIRIM,Falta de atenção,Colisão traseira,Sem Vítimas        ,Pleno dia,Ceu Claro,Dupla   ,Urbano,Automóvel,Ileso       ,-1.0,Feminino
1305700,28/05/2013,RN,110,MOSSORO,Falta de atenção,Colisão traseira,Com Vítimas Feridas,Pleno dia,Sol,Simples ,Urbano,Automóvel,Ileso       ,55.0,Feminino
1305700,28/05/2013,RN,110,MOSSORO,Falta de atenção,Colisão traseira,Com Vítimas Feridas,Pleno dia,Sol,Simples ,Urbano,Motocicletas,Ferido Leve ,-1.0,Feminino
1305754,24/05/2013,RN,101,NATAL,Outras,Colisão lateral,Sem Vítimas        ,Plena noite,Nublado,Dupla   ,Urbano,Automóvel,Ileso       ,56.0,Feminino
1305754,24/05/2013,RN,101,NATAL,Outras,Colisão lateral,Sem Vítimas        ,Plena noite,Nublado,Dupla   ,Urbano,Caminhão,Ileso       ,37.0,Masculino
1305980,28/05/2013,RN,101,NATAL,Falta de atenção,Colisão lateral,Sem Vítimas        ,Pleno dia,Ceu Claro,Simples ,Urbano,Ônibus,Ileso       ,-1.0,Masculino
1305980,28/05/2013,RN,101,NATAL,Falta de atenção,Colisão lateral,Sem Vítimas        ,Pleno dia,Ceu Claro,Simples ,Urbano,Automóvel,Ileso       ,51.0,Masculino
1305992,29/05/2013,RN,101,SAO JOSE DE MIPIBU,Falta de atenção,Capotamento,Sem Vítimas        ,Plena noite,Nublado,Dupla   ,Rural ,Automóvel,Ileso       ,29.0,Masculino
1305995,28/05/2013,RN,101,PARNAMIRIM,Outras,Colisão com bicicleta,Com Vítimas Feridas,Plena noite,Ceu Claro,Dupla   ,Urbano,Não identificado,Ignorado    ,-1.0,Inválido
1305995,28/05/2013,RN,101,PARNAMIRIM,Outras,Colisão com bicicleta,Com Vítimas Feridas,Plena noite,Ceu Claro,Dupla   ,Urbano,Bicicleta,Ferido Leve ,21.0,Masculino
1306054,29/05/2013,RN,304,ANGICOS,Animais na Pista,Capotamento,Com Vítimas Feridas,Amanhecer,Vento,Simples ,Rural ,Caminhão,Ignorado    ,-1.0,Inválido
1306054,29/05/2013,RN,304,ANGICOS,Animais na Pista,Capotamento,Com Vítimas Feridas,Amanhecer,Vento,Simples ,Rural ,Camioneta,Ferido Leve ,43.0,Masculino
1306093,26/05/2013,RN,101,SAO JOSE DE MIPIBU,Dormindo,Atropelamento de pessoa,Com Vítimas Feridas,Plena noite,Nublado,Dupla   ,Urbano,(null),Ferido Leve ,33.0,Masculino
1306093,26/05/2013,RN,101,SAO JOSE DE MIPIBU,Dormindo,Atropelamento de pessoa,Com Vítimas Feridas,Plena noite,Nublado,Dupla   ,Urbano,Não identificado,Ignorado    ,-1.0,Inválido
1306151,29/05/2013,RN,101,PARNAMIRIM,Não guardar distância de segurança,Colisão traseira,Sem Vítimas        ,Pleno dia,Sol,Dupla   ,Urbano,Automóvel,Ileso       ,29.0,Masculino
1306151,29/05/2013,RN,101,PARNAMIRIM,Não guardar distância de segurança,Colisão traseira,Sem Vítimas        ,Pleno dia,Sol,Dupla   ,Urbano,Automóvel,Ileso       ,27.0,Feminino
1306190,20/05/2013,RN,304,MOSSORO,Outras,Colisão com bicicleta,Com Vítimas Feridas,Pleno dia,Ceu Claro,Simples ,Urbano,Não identificado,Ignorado    ,-1.0,Inválido
1306190,20/05/2013,RN,304,MOSSORO,Outras,Colisão com bicicleta,Com Vítimas Feridas,Pleno dia,Ceu Claro,Simples ,Urbano,Bicicleta,Ferido Leve ,46.0,Feminino
1306267,14/05/2013,RN,101,NATAL,Falta de atenção,Danos Eventuais,Sem Vítimas        ,Pleno dia,Chuva,Dupla   ,Urbano,Automóvel,Ileso       ,-1.0,Masculino
1306267,14/05/2013,RN,101,NATAL,Falta de atenção,Danos Eventuais,Sem Vítimas        ,Pleno dia,Chuva,Dupla   ,Urbano,Ônibus,Ileso       ,-1.0,Masculino
1306267,14/05/2013,RN,101,NATAL,Falta de atenção,Danos Eventuais,Sem Vítimas        ,Pleno dia,Chuva,Dupla   ,Urbano,Caminhão-Trator,Ileso       ,-1.0,Masculino
1306317,27/05/2013,RN,304,MOSSORO,Falta de atenção,Tombamento,Sem Vítimas        ,Pleno dia,Ceu Claro,Simples ,Rural ,Caminhão-Trator,Ileso       ,35.0,Masculino
1306359,29/05/2013,RN,101,NATAL,Não guardar distância de segurança,Colisão traseira,Sem Vítimas        ,Plena noite,Ceu Claro,Dupla   ,Urbano,Automóvel,Ignorado    ,62.0,Masculino
1306359,29/05/2013,RN,101,NATAL,Não guardar distância de segurança,Colisão traseira,Sem Vítimas        ,Plena noite,Ceu Claro,Dupla   ,Urbano,Automóvel,Ileso       ,25.0,Feminino
1306359,29/05/2013,RN,101,NATAL,Não guardar distância de segurança,Colisão traseira,Sem Vítimas        ,Plena noite,Ceu Claro,Dupla   ,Urbano,Automóvel,Ileso       ,26.0,Masculino
1306431,27/05/2013,RN,101,NATAL,Falta de atenção,Colisão lateral,Sem Vítimas        ,Pleno dia,Ceu Claro,Dupla   ,Urbano,Caminhão,Ileso       ,42.0,Masculino
1306431,27/05/2013,RN,101,NATAL,Falta de atenção,Colisão lateral,Sem Vítimas        ,Pleno dia,Ceu Claro,Dupla   ,Urbano,Automóvel,Ileso       ,38.0,Feminino
1306483,29/05/2013,RN,101,NATAL,Falta de atenção,Colisão traseira,Sem Vítimas        ,Plena noite,Ignorada,Múltipla,Urbano,Automóvel,Ileso       ,-1.0,Masculino
1306483,29/05/2013,RN,101,NATAL,Falta de atenção,Colisão traseira,Sem Vítimas        ,Plena noite,Ignorada,Múltipla,Urbano,Automóvel,Ileso       ,53.0,Feminino
1306505,29/05/2013,RN,101,NATAL,Falta de atenção,Colisão lateral,Sem Vítimas        ,Pleno dia,Ceu Claro,Simples ,Urbano,Automóvel,Ileso       ,50.0,Feminino
1306505,29/05/2013,RN,101,NATAL,Falta de atenção,Colisão lateral,Sem Vítimas        ,Pleno dia,Ceu Claro,Simples ,Urbano,Automóvel,Ileso       ,34.0,Masculino
1306511,29/05/2013,RN,304,MOSSORO,Animais na Pista,Atropelamento de animal,Sem Vítimas        ,Plena noite,Ceu Claro,Simples ,Rural ,Caminhão,Ileso       ,44.0,Masculino
1306566,29/05/2013,RN,304,MOSSORO,Falta de atenção,Colisão lateral,Sem Vítimas        ,Plena noite,Ceu Claro,Simples ,Rural ,Caminhão,Ileso       ,31.0,Masculino
1306566,29/05/2013,RN,304,MOSSORO,Falta de atenção,Colisão lateral,Sem Vítimas        ,Plena noite,Ceu Claro,Simples ,Rural ,Caminhão,Ileso       ,75.0,Masculino
1306629,26/05/2013,RN,304,MACAIBA,Ingestão de álcool,Capotamento,Com Vítimas Feridas,Anoitecer,Ceu Claro,Simples ,Rural ,Automóvel,Ferido Grave,31.0,Masculino
1306629,26/05/2013,RN,304,MACAIBA,Ingestão de álcool,Capotamento,Com Vítimas Feridas,Anoitecer,Ceu Claro,Simples ,Rural ,Automóvel,Ferido Leve ,-1.0,Masculino
1306682,30/05/2013,RN,101,PARNAMIRIM,Ingestão de álcool,Colisão traseira,Sem Vítimas        ,Pleno dia,Ceu Claro,Dupla   ,Urbano,Motocicletas,Ileso       ,37.0,Masculino
1306682,30/05/2013,RN,101,PARNAMIRIM,Ingestão de álcool,Colisão traseira,Sem Vítimas        ,Pleno dia,Ceu Claro,Dupla   ,Urbano,Motocicletas,Ileso       ,38.0,Masculino
1306701,30/05/2013,RN,101,SAO JOSE DE MIPIBU,Outras,Colisão lateral,Com Vítimas Feridas,Pleno dia,Sol,Dupla   ,Rural ,Ônibus,Ileso       ,34.0,Masculino
1306701,30/05/2013,RN,101,SAO JOSE DE MIPIBU,Outras,Colisão lateral,Com Vítimas Feridas,Pleno dia,Sol,Dupla   ,Rural ,Camioneta,Ignorado    ,-1.0,Masculino
1306701,30/05/2013,RN,101,SAO JOSE DE MIPIBU,Outras,Colisão lateral,Com Vítimas Feridas,Pleno dia,Sol,Dupla   ,Rural ,Ônibus,Ferido Grave,66.0,Masculino
1306781,28/05/2013,RN,101,NATAL,Falta de atenção,Colisão traseira,Sem Vítimas        ,Pleno dia,Ceu Claro,Múltipla,Urbano,Caminhão,Ileso       ,23.0,Masculino
1306781,28/05/2013,RN,101,NATAL,Falta de atenção,Colisão traseira,Sem Vítimas        ,Pleno dia,Ceu Claro,Múltipla,Urbano,Automóvel,Ileso       ,50.0,Masculino
1306970,30/05/2013,RN,406,JOAO CAMARA,Ingestão de álcool,Colisão Transversal,Com Vítimas Feridas,Pleno dia,Ceu Claro,Simples ,Urbano,Automóvel,Ileso       ,45.0,Masculino
1306970,30/05/2013,RN,406,JOAO CAMARA,Ingestão de álcool,Colisão Transversal,Com Vítimas Feridas,Pleno dia,Ceu Claro,Simples ,Urbano,Motoneta,Ferido Leve ,27.0,Masculino
1307156,30/05/2013,RN,101,NATAL,Desobediência à sinalização,Colisão Transversal,Com Vítimas Feridas,Plena noite,Ceu Claro,Múltipla,Urbano,Motocicletas,Ferido Leve ,39.0,Masculino
1307156,30/05/2013,RN,101,NATAL,Desobediência à sinalização,Colisão Transversal,Com Vítimas Feridas,Plena noite,Ceu Claro,Múltipla,Urbano,Automóvel,Ignorado    ,-1.0,Masculino
1307195,29/05/2013,RN,304,MACAIBA,Falta de atenção,Colisão lateral,Sem Vítimas        ,Plena noite,Ceu Claro,Simples ,Rural ,Automóvel,Ileso       ,29.0,Masculino
1307195,29/05/2013,RN,304,MACAIBA,Falta de atenção,Colisão lateral,Sem Vítimas        ,Plena noite,Ceu Claro,Simples ,Rural ,Caminhão,Ileso       ,31.0,Masculino
1307228,27/05/2013,RN,304,MACAIBA,Falta de atenção,Colisão lateral,Sem Vítimas        ,Pleno dia,Sol,Simples ,Urbano,Automóvel,Ileso       ,35.0,Feminino
1307228,27/05/2013,RN,304,MACAIBA,Falta de atenção,Colisão lateral,Sem Vítimas        ,Pleno dia,Sol,Simples ,Urbano,Caminhão-Trator,Ileso       ,63.0,Masculino