id,data_inversa,uf,br,municipio,causa_acidente,tipo_acidente,classificacao_acidente,fase_dia,condicao_metereologica,tipo_pista,uso_solo,tipo_veiculo,estado_fisico,idade,sexo
1313315,11/06/2013,RN,304,MOSSORO,Falta de atenção,Colisão traseira,Sem Vítimas        ,Pleno dia,Nublado,Simples ,Urbano,Caminhão,Ileso       ,35.0,Masculino
1313315,11/06/2013,RN,304,MOSSORO,Falta de atenção,Colisão traseira,Sem Vítimas        ,Pleno dia,Nublado,Simples ,Urbano,Caminhão-Trator,Ileso       ,41.0,Masculino
1313355,08/06/2013,RN,304,MOSSORO,Falta de atenção,Colisão Transversal,Sem Vítimas        ,Pleno dia,Ceu Claro,Dupla   ,Urbano,Motocicletas,Ileso       ,32.0,Masculino
1313355,08/06/2013,RN,304,MOSSORO,Falta de atenção,Colisão Transversal,Sem Vítimas        ,Pleno dia,Ceu Claro,Dupla   ,Urbano,Motocicletas,Ileso       ,-1.0,Masculino
1313355,08/06/2013,RN,304,MOSSORO,Falta de atenção,Colisão Transversal,Sem Vítimas        ,Pleno dia,Ceu Claro,Dupla   ,Urbano,Motocicletas,Ignorado    ,-1.0,Inválido
1313407,11/06/2013,RN,226,SANTA CRUZ,Outras,Colisão com objeto fixo,Sem Vítimas        ,Pleno dia,Chuva,Simples ,Rural ,Automóvel,Ileso       ,30.0,Masculino
1313407,11/06/2013,RN,226,SANTA CRUZ,Outras,Colisão com objeto fixo,Sem Vítimas        ,Pleno dia,Chuva,Simples ,Rural ,Automóvel,Ileso       ,-1.0,Masculino
1313407,11/06/2013,RN,226,SANTA CRUZ,Outras,Colisão com objeto fixo,Sem Vítimas        ,Pleno dia,Chuva,Simples ,Rural ,Automóvel,Ileso       ,17.0,Masculino
1313407,11/06/2013,RN,226,SANTA CRUZ,Outras,Colisão com objeto fixo,Sem Vítimas        ,Pleno dia,Chuva,Simples ,Rural ,Automóvel,Ileso       ,14.0,Masculino
1313593,12/06/2013,RN,101,PARNAMIRIM,Outras,Colisão traseira,Sem Vítimas        ,Pleno dia,Ceu Claro,Dupla   ,Urbano,Automóvel,Ileso       ,47.0,Masculino
1313593,12/06/2013,RN,101,PARNAMIRIM,Outras,Colisão traseira,Sem Vítimas        ,Pleno dia,Ceu Claro,Dupla   ,Urbano,Caminhonete,Ileso       ,20.0,Masculino
1313630,11/06/2013,RN,304,MOSSORO,Animais na Pista,Atropelamento de animal,Sem Vítimas        ,Plena noite,Ceu Claro,Simples ,Rural ,Automóvel,Ileso       ,26.0,Masculino
1313630,11/06/2013,RN,304,MOSSORO,Animais na Pista,Atropelamento de animal,Sem Vítimas        ,Plena noite,Ceu Claro,Simples ,Rural ,Automóvel,Ileso       ,26.0,Masculino
1313663,09/06/2013,RN,304,SANTA MARIA,Falta de atenção,Colisão Transversal,Com Vítimas Feridas,Plena noite,Ceu Claro,Simples ,Rural ,Automóvel,Ileso       ,46.0,Masculino
1313663,09/06/2013,RN,304,SANTA MARIA,Falta de atenção,Colisão Transversal,Com Vítimas Feridas,Plena noite,Ceu Claro,Simples ,Rural ,Automóvel,Ferido Leve ,29.0,Masculino
1313693,04/05/2013,RN,101,NATAL,Falta de atenção,Colisão traseira,Sem Vítimas        ,Pleno dia,Ceu Claro,Dupla   ,Urbano,Automóvel,Ileso       ,37.0,Feminino
1313693,04/05/2013,RN,101,NATAL,Falta de atenção,Colisão traseira,Sem Vítimas        ,Pleno dia,Ceu Claro,Dupla   ,Urbano,Automóvel,Ileso       ,28.0,Masculino
1313835,09/06/2013,RN,304,ANGICOS,Ultrapassagem indevida,Colisão frontal,Com Vítimas Feridas,Plena noite,Ceu Claro,Simples ,Rural ,Automóvel,Ileso       ,28.0,Masculino
1313835,09/06/2013,RN,304,ANGICOS,Ultrapassagem indevida,Colisão frontal,Com Vítimas Feridas,Plena noite,Ceu Claro,Simples ,Rural ,Automóvel,Ileso       ,53.0,Masculino
1313835,09/06/2013,RN,304,ANGICOS,Ultrapassagem indevida,Colisão frontal,Com Vítimas Feridas,Plena noite,Ceu Claro,Simples ,Rural ,Automóvel,Ileso       ,35.0,Feminino
1313835,09/06/2013,RN,304,ANGICOS,Ultrapassagem indevida,Colisão frontal,Com Vítimas Feridas,Plena noite,Ceu Claro,Simples ,Rural ,Automóvel,Ferido Leve ,26.0,Feminino
1313835,09/06/2013,RN,304,ANGICOS,Ultrapassagem indevida,Colisão frontal,Com Vítimas Feridas,Plena noite,Ceu Claro,Simples ,Rural ,Automóvel,Ferido Leve ,22.0,Feminino
1313835,09/06/2013,RN,304,ANGICOS,Ultrapassagem indevida,Colisão frontal,Com Vítimas Feridas,Plena noite,Ceu Claro,Simples ,Rural ,Automóvel,Ileso       ,6.0,Masculino
1313835,09/06/2013,RN,304,ANGICOS,Ultrapassagem indevida,Colisão frontal,Com Vítimas Feridas,Plena noite,Ceu Claro,Simples ,Rural ,Automóvel,Ferido Grave,35.0,Feminino
1313983,12/06/2013,RN,101,NATAL,Falta de atenção,Colisão traseira,Sem Vítimas        ,Pleno dia,Ceu Claro,Dupla   ,Urbano,Automóvel,Ileso       ,61.0,Masculino
1313983,12/06/2013,RN,101,NATAL,Falta de atenção,Colisão traseira,Sem Vítimas        ,Pleno dia,Ceu Claro,Dupla   ,Urbano,Automóvel,Ileso       ,21.0,Masculino
1313985,12/06/2013,RN,101,SAO GONCALO DO AMARANTE,Falta de atenção,Colisão traseira,Sem Vítimas        ,Plena noite,Nublado,Dupla   ,Urbano,Ônibus,Ileso       ,37.0,Masculino
1313985,12/06/2013,RN,101,SAO GONCALO DO AMARANTE,Falta de atenção,Colisão traseira,Sem Vítimas        ,Plena noite,Nublado,Dupla   ,Urbano,Caminhonete,Ileso       ,58.0,Masculino
1314078,12/06/2013,RN,304,MOSSORO,Falta de atenção,Capotamento,Com Vítimas Feridas,Pleno dia,Chuva,Dupla   ,Urbano,Automóvel,Ferido Leve ,25.0,Feminino
1314290,13/06/2013,RN,101,SAO JOSE DE MIPIBU,Outras,Saída de Pista,Sem Vítimas        ,Pleno dia,Chuva,Dupla   ,Rural ,Automóvel,Ileso       ,37.0,Masculino
1314374,09/06/2013,RN,304,MOSSORO,Defeito na via,Saída de Pista,Com Vítimas Feridas,Plena noite,Ceu Claro,Simples ,Urbano,Caminhonete,Ferido Leve ,23.0,Masculino
1314409,13/06/2013,RN,304,MOSSORO,Outras,Queda de motocicleta / bicicleta / veículo,Com Vítimas Feridas,Pleno dia,Chuva,Dupla   ,Urbano,Ciclomotor,Ferido Leve ,19.0,Feminino
1314409,13/06/2013,RN,304,MOSSORO,Outras,Queda de motocicleta / bicicleta / veículo,Com Vítimas Feridas,Pleno dia,Chuva,Dupla   ,Urbano,Ciclomotor,Ferido Grave,-1.0,Feminino
1314433,13/06/2013,RN,304,MOSSORO,Desobediência à sinalização,Colisão lateral,Com Vítimas Feridas,Pleno dia,Sol,Dupla   ,Urbano,Caminhão,Ileso       ,71.0,Masculino
1314433,13/06/2013,RN,304,MOSSORO,Desobediência à sinalização,Colisão lateral,Com Vítimas Feridas,Pleno dia,Sol,Dupla   ,Urbano,Motocicletas,Ferido Leve ,20.0,Masculino
1314473,05/06/2013,RN,101,PARNAMIRIM,Falta de atenção,Colisão traseira,Sem Vítimas        ,Anoitecer,Nublado,Dupla   ,Urbano,Automóvel,Ileso       ,31.0,Masculino
1314473,05/06/2013,RN,101,PARNAMIRIM,Falta de atenção,Colisão traseira,Sem Vítimas        ,Anoitecer,Nublado,Dupla   ,Urbano,Automóvel,Ileso       ,25.0,Masculino
1314502,13/06/2013,RN,304,MOSSORO,Desobediência à sinalização,Colisão lateral,Sem Vítimas        ,Pleno dia,Nublado,Dupla   ,Urbano,Automóvel,Ileso       ,28.0,Masculino
1314502,13/06/2013,RN,304,MOSSORO,Desobediência à sinalização,Colisão lateral,Sem Vítimas        ,Pleno dia,Nublado,Dupla   ,Urbano,Automóvel,Ignorado    ,-1.0,Inválido
1314515,13/06/2013,RN,405,GOVERNADOR DIX-SEPT ROSADO,Velocidade incompatível,Saída de Pista,Sem Vítimas        ,Pleno dia,Chuva,Simples ,Rural ,Automóvel,Ileso       ,26.0,Masculino
1314632,13/06/2013,RN,304,MOSSORO,Velocidade incompatível,Colisão Transversal,Com Vítimas Feridas,Anoitecer,Ceu Claro,Simples ,Rural ,Automóvel,Ileso       ,26.0,Masculino
1314632,13/06/2013,RN,304,MOSSORO,Velocidade incompatível,Colisão Transversal,Com Vítimas Feridas,Anoitecer,Ceu Claro,Simples ,Rural ,Automóvel,Ileso       ,49.0,Feminino
1314632,13/06/2013,RN,304,MOSSORO,Velocidade incompatível,Colisão Transversal,Com Vítimas Feridas,Anoitecer,Ceu Claro,Simples ,Rural ,Camioneta,Ileso       ,44.0,Masculino
1314632,13/06/2013,RN,304,MOSSORO,Velocidade incompatível,Colisão Transversal,Com Vítimas Feridas,Anoitecer,Ceu Claro,Simples ,Rural ,Camioneta,Ferido Leve ,44.0,Feminino
1314632,13/06/2013,RN,304,MOSSORO,Velocidade incompatível,Colisão Transversal,Com Vítimas Feridas,Anoitecer,Ceu Claro,Simples ,Rural ,Automóvel,Ileso       ,-1.0,Feminino
1314632,13/06/2013,RN,304,MOSSORO,Velocidade incompatível,Colisão Transversal,Com Vítimas Feridas,Anoitecer,Ceu Claro,Simples ,Rural ,Automóvel,Ileso       ,-1.0,Feminino
1314654,13/06/2013,RN,405,PAU DOS FERROS,Outras,Colisão Transversal,Com Vítimas Fatais ,Plena noite,Chuva,Simples ,Urbano,Motocicletas,Morto       ,-1.0,Masculino
1314654,13/06/2013,RN,405,PAU DOS FERROS,Outras,Colisão Transversal,Com Vítimas Fatais ,Plena noite,Chuva,Simples ,Urbano,Não identificado,Ignorado    ,-1.0,Inválido
1314675,09/06/2013,RN,101,SAO GONCALO DO AMARANTE,Falta de atenção,Colisão Transversal,Sem Vítimas        ,Plena noite,Vento,Dupla   ,Urbano,Automóvel,Ileso       ,63.0,Masculino
1314675,09/06/2013,RN,101,SAO GONCALO DO AMARANTE,Falta de atenção,Colisão Transversal,Sem Vítimas        ,Plena noite,Vento,Dupla   ,Urbano,Automóvel,Ileso       ,24.0,Masculino
1314680,13/06/2013,RN,226,SERRA CAIADA,Dormindo,Colisão Transversal,Sem Vítimas        ,Pleno dia,Chuva,Simples ,Rural ,Automóvel,Ileso       ,34.0,Masculino
1314680,13/06/2013,RN,226,SERRA CAIADA,Dormindo,Colisão Transversal,Sem Vítimas        ,Pleno dia,Chuva,Simples ,Rural ,Automóvel,Ileso       ,34.0,Masculino
1314745,13/06/2013,RN,226,BOM JESUS,Defeito mecânico em veículo,Capotamento,Com Vítimas Feridas,Pleno dia,Chuva,Simples ,Rural ,Caminhonete,Ferido Leve ,34.0,Masculino
1314745,13/06/2013,RN,226,BOM JESUS,Defeito mecânico em veículo,Capotamento,Com Vítimas Feridas,Pleno dia,Chuva,Simples ,Rural ,Caminhonete,Ferido Leve ,34.0,Feminino
1314771,12/06/2013,RN,101,NATAL,Não guardar distância de segurança,Colisão traseira,Com Vítimas Feridas,Plena noite,Nublado,Múltipla,Urbano,Caminhão-Trator,Ileso       ,24.0,Masculino
1314771,12/06/2013,RN,101,NATAL,Não guardar distância de segurança,Colisão traseira,Com Vítimas Feridas,Plena noite,Nublado,Múltipla,Urbano,Automóvel,Ileso       ,29.0,Feminino
1314771,12/06/2013,RN,101,NATAL,Não guardar distância de segurança,Colisão traseira,Com Vítimas Feridas,Plena noite,Nublado,Múltipla,Urbano,Motoneta,Ferido Leve ,36.0,Feminino
1314771,12/06/2013,RN,101,NATAL,Não guardar distância de segurança,Colisão traseira,Com Vítimas Feridas,Plena noite,Nublado,Múltipla,Urbano,Automóvel,Ileso       ,29.0,Masculino
1314771,12/06/2013,RN,101,NATAL,Não guardar distância de segurança,Colisão traseira,Com Vítimas Feridas,Plena noite,Nublado,Múltipla,Urbano,Automóvel,Ileso       ,35.0,Feminino
1314771,12/06/2013,RN,101,NATAL,Não guardar distância de segurança,Colisão traseira,Com Vítimas Feridas,Plena noite,Nublado,Múltipla,Urbano,Automóvel,Ileso       ,-1.0,Masculino
1314823,10/06/2013,RN,101,PARNAMIRIM,Falta de atenção,Colisão lateral,Sem Vítimas        ,Anoitecer,Ceu Claro,Dupla   ,Urbano,Automóvel,Ileso       ,75.0,Masculino
1314823,10/06/2013,RN,101,PARNAMIRIM,Falta de atenção,Colisão lateral,Sem Vítimas        ,Anoitecer,Ceu Claro,Dupla   ,Urbano,Caminhão-Trator,Ileso       ,33.0,Masculino
1314892,11/06/2013,RN,226,SANTA CRUZ,Falta de atenção,Colisão lateral,Sem Vítimas        ,Pleno dia,Ceu Claro,Simples ,Urbano,Automóvel,Ileso       ,39.0,Feminino
1314892,11/06/2013,RN,226,SANTA CRUZ,Falta de atenção,Colisão lateral,Sem Vítimas        ,Pleno dia,Ceu Claro,Simples ,Urbano,Automóvel,Ileso       ,12.0,Masculino
1314892,11/06/2013,RN,226,SANTA CRUZ,Falta de atenção,Colisão lateral,Sem Vítimas        ,Pleno dia,Ceu Claro,Simples ,Urbano,Camioneta,Ileso       ,47.0,Masculino
1314944,14/06/2013,RN,101,NATAL,Falta de atenção,Colisão traseira,Sem Vítimas        ,Pleno dia,Ceu Claro,Múltipla,Urbano,Automóvel,Ileso       ,57.0,Masculino
1314944,14/06/2013,RN,101,NATAL,Falta de atenção,Colisão traseira,Sem Vítimas        ,Pleno dia,Ceu Claro,Múltipla,Urbano,Caminhão-Trator,Ileso       ,49.0,Masculino
1314953,14/06/2013,RN,101,NATAL,Não guardar distância de segurança,Colisão traseira,Sem Vítimas        ,Pleno dia,Ceu Claro,Dupla   ,Urbano,Automóvel,Ileso       ,34.0,Masculino
1314953,14/06/2013,RN,101,NATAL,Não guardar distância de segurança,Colisão traseira,Sem Vítimas        ,Pleno dia,Ceu Claro,Dupla   ,Urbano,Automóvel,Ileso       ,22.0,Masculino
1314953,14/06/2013,RN,101,NATAL,Não guardar distância de segurança,Colisão traseira,Sem Vítimas        ,Pleno dia,Ceu Claro,Dupla   ,Urbano,Automóvel,Ileso       ,32.0,Feminino
1314953,14/06/2013,RN,101,NATAL,Não guardar distância de segurança,Colisão traseira,Sem Vítimas        ,Pleno dia,Ceu Claro,Dupla   ,Urbano,Automóvel,Ileso       ,30.0,Masculino
1315175,14/06/2013,RN,101,ARES,Outras,Colisão lateral,Com Vítimas Feridas,Plena noite,Chuva,Dupla   ,Rural ,Motocicletas,Ferido Leve ,31.0,Masculino
1315175,14/06/2013,RN,101,ARES,Outras,Colisão lateral,Com Vítimas Feridas,Plena noite,Chuva,Dupla   ,Rural ,Motocicletas,Ferido Grave,40.0,Feminino
1315242,15/06/2013,RN,406,CEARA-MIRIM,Animais na Pista,Atropelamento de animal,Sem Vítimas        ,Amanhecer,Vento,Simples ,Rural ,Automóvel,Ileso       ,59.0,Masculino
1315397,07/06/2013,RN,101,PARNAMIRIM,Desobediência à sinalização,Colisão lateral,Com Vítimas Feridas,Plena noite,Ceu Claro,Múltipla,Urbano,Motocicletas,Ferido Leve ,32.0,Masculino
1315397,07/06/2013,RN,101,PARNAMIRIM,Desobediência à sinalização,Colisão lateral,Com Vítimas Feridas,Plena noite,Ceu Claro,Múltipla,Urbano,Automóvel,Ileso       ,27.0,Masculino
1315406,14/06/2013,RN,226,SANTA CRUZ,Outras,Colisão frontal,Sem Vítimas        ,Pleno dia,Nublado,Simples ,Urbano,Automóvel,Ileso       ,19.0,Masculino
1315406,14/06/2013,RN,226,SANTA CRUZ,Outras,Colisão frontal,Sem Vítimas        ,Pleno dia,Nublado,Simples ,Urbano,Camioneta,Ileso       ,-1.0,Masculino
1315446,15/06/2013,RN,101,PARNAMIRIM,Falta de atenção,Colisão lateral,Sem Vítimas        ,Pleno dia,Ceu Claro,Dupla   ,Urbano,Automóvel,Ileso       ,26.0,Masculino
1315446,15/06/2013,RN,101,PARNAMIRIM,Falta de atenção,Colisão lateral,Sem Vítimas        ,Pleno dia,Ceu Claro,Dupla   ,Urbano,Caminhão,Ileso       ,59.0,Masculino
1315463,15/06/2013,RN,304,MOSSORO,Falta de atenção,Colisão Transversal,Sem Vítimas        ,Pleno dia,Sol,Simples ,Urbano,Automóvel,Ileso       ,41.0,Masculino
1315463,15/06/2013,RN,304,MOSSORO,Falta de atenção,Colisão Transversal,Sem Vítimas        ,Pleno dia,Sol,Simples ,Urbano,Caminhão,Ileso       ,29.0,Masculino
1315463,15/06/2013,RN,304,MOSSORO,Falta de atenção,Colisão Transversal,Sem Vítimas        ,Pleno dia,Sol,Simples ,Urbano,Automóvel,Ileso       ,14.0,Masculino
1315463,15/06/2013,RN,304,MOSSORO,Falta de atenção,Colisão Transversal,Sem Vítimas        ,Pleno dia,Sol,Simples ,Urbano,Automóvel,Ileso       ,16.0,Feminino
1315463,15/06/2013,RN,304,MOSSORO,Falta de atenção,Colisão Transversal,Sem Vítimas        ,Pleno dia,Sol,Simples ,Urbano,Caminhão,Ileso       ,38.0,Masculino
1315463,15/06/2013,RN,304,MOSSORO,Falta de atenção,Colisão Transversal,Sem Vítimas        ,Pleno dia,Sol,Simples ,Urbano,Caminhão,Ileso       ,17.0,Masculino
1315503,13/06/2013,RN,101,NATAL,Não guardar distância de segurança,Colisão traseira,Sem Vítimas        ,Pleno dia,Nublado,Múltipla,Urbano,Automóvel,Ileso       ,34.0,Masculino
1315503,13/06/2013,RN,101,NATAL,Não guardar distância de segurança,Colisão traseira,Sem Vítimas        ,Pleno dia,Nublado,Múltipla,Urbano,Automóvel,Ileso       ,30.0,Masculino
1315558,15/06/2013,RN,406,MACAU,Outras,Capotamento,Sem Vítimas        ,Pleno dia,Ceu Claro,Simples ,Rural ,Caminhonete,Ileso       ,41.0,Masculino
1315585,13/06/2013,RN,101,NATAL,Não guardar distância de segurança,Colisão lateral,Sem Vítimas        ,Pleno dia,Nublado,Múltipla,Urbano,Caminhão,Ileso       ,31.0,Masculino
1315585,13/06/2013,RN,101,NATAL,Não guardar distância de segurança,Colisão lateral,Sem Vítimas        ,Pleno dia,Nublado,Múltipla,Urbano,Automóvel,Ileso       ,27.0,Feminino
1315595,12/06/2013,RN,304,MOSSORO,Falta de atenção,Colisão traseira,Sem Vítimas        ,Pleno dia,Ceu Claro,Simples ,Urbano,Automóvel,Ileso       ,35.0,Masculino
1315595,12/06/2013,RN,304,MOSSORO,Falta de atenção,Colisão traseira,Sem Vítimas        ,Pleno dia,Ceu Claro,Simples ,Urbano,Automóvel,Ileso       ,31.0,Feminino
1315595,12/06/2013,RN,304,MOSSORO,Falta de atenção,Colisão traseira,Sem Vítimas        ,Pleno dia,Ceu Claro,Simples ,Urbano,Automóvel,Ileso       ,23.0,Masculino
1315650,20/04/2013,RN,101,NATAL,Outras,Atropelamento de pessoa,Com Vítimas Fatais ,Anoitecer,Ceu Claro,Dupla   ,Urbano,Automóvel,Ileso       ,22.0,Masculino
1315650,20/04/2013,RN,101,NATAL,Outras,Atropelamento de pessoa,Com Vítimas Fatais ,Anoitecer,Ceu Claro,Dupla   ,Urbano,(null),Morto       ,49.0,Masculino
1315694,15/06/2013,RN,101,SAO GONCALO DO AMARANTE,Ingestão de álcool,Atropelamento de pessoa,Com Vítimas Feridas,Plena noite,Ceu Claro,Dupla   ,Urbano,Automóvel,Ferido Grave,40.0,Masculino
1315694,15/06/2013,RN,101,SAO GONCALO DO AMARANTE,Ingestão de álcool,Atropelamento de pessoa,Com Vítimas Feridas,Plena noite,Ceu Claro,Dupla   ,Urbano,(null),Ferido Grave,37.0,Masculino
1315736,15/06/2013,RN,405,PAU DOS FERROS,Falta de atenção,Colisão traseira,Com Vítimas Feridas,Anoitecer,Nublado,Dupla   ,Urbano,Automóvel,Ileso       ,37.0,Masculino
1315736,15/06/2013,RN,405,PAU DOS FERROS,Falta de atenção,Colisão traseira,Com Vítimas Feridas,Anoitecer,Nublado,Dupla   ,Urbano,Motocicletas,Ferido Leve ,17.0,Masculino
1315749,12/06/2013,RN,101,SAO JOSE DE MIPIBU,Outras,Saída de Pista,Com Vítimas Feridas,Pleno dia,Nublado,Dupla   ,Rural ,Automóvel,Ileso       ,-1.0,Masculino
1315749,12/06/2013,RN,101,SAO JOSE DE MIPIBU,Outras,Saída de Pista,Com Vítimas Feridas,Pleno dia,Nublado,Dupla   ,Rural ,Automóvel,Ferido Leve ,-1.0,Feminino
1315752,12/06/2013,RN,101,NATAL,Outras,Colisão lateral,Sem Vítimas        ,Anoitecer,Ceu Claro,Dupla   ,Urbano,Caminhonete,Ileso       ,32.0,Masculino
1315752,12/06/2013,RN,101,NATAL,Outras,Colisão lateral,Sem Vítimas        ,Anoitecer,Ceu Claro,Dupla   ,Urbano,Caminhonete,Ileso       ,32.0,Masculino
1315937,12/06/2013,RN,101,SAO GONCALO DO AMARANTE,Outras,Colisão com objeto fixo,Com Vítimas Feridas,Pleno dia,Ceu Claro,Dupla   ,Urbano,Motocicletas,Ileso       ,25.0,Masculino
1315937,12/06/2013,RN,101,SAO GONCALO DO AMARANTE,Outras,Colisão com objeto fixo,Com Vítimas Feridas,Pleno dia,Ceu Claro,Dupla   ,Urbano,Motocicletas,Ferido Leve ,35.0,Masculino
1315986,12/06/2013,RN,101,SAO GONCALO DO AMARANTE,Defeito mecânico em veículo,Colisão traseira,Sem Vítimas        ,Pleno dia,Nublado,Dupla   ,Urbano,Caminhão,Ileso       ,37.0,Masculino
1315986,12/06/2013,RN,101,SAO GONCALO DO AMARANTE,Defeito mecânico em veículo,Colisão traseira,Sem Vítimas        ,Pleno dia,Nublado,Dupla   ,Urbano,Caminhonete,Ileso       ,38.0,Masculino
1315986,12/06/2013,RN,101,SAO GONCALO DO AMARANTE,Defeito mecânico em veículo,Colisão traseira,Sem Vítimas        ,Pleno dia,Nublado,Dupla   ,Urbano,Ônibus,Ileso       ,32.0,Masculino
1315986,12/06/2013,RN,101,SAO GONCALO DO AMARANTE,Defeito mecânico em veículo,Colisão traseira,Sem Vítimas        ,Pleno dia,Nublado,Dupla   ,Urbano,Caminhão,Ileso       ,24.0,Masculino
1316006,16/06/2013,RN,101,SAO GONCALO DO AMARANTE,Defeito mecânico em veículo,Colisão lateral,Sem Vítimas        ,Pleno dia,Ceu Claro,Dupla   ,Urbano,Automóvel,Ileso       ,65.0,Masculino
1316006,16/06/2013,RN,101,SAO GONCALO DO AMARANTE,Defeito mecânico em veículo,Colisão lateral,Sem Vítimas        ,Pleno dia,Ceu Claro,Dupla   ,Urbano,Caminhão,Ileso       ,58.0,Masculino
1316172,16/06/2013,RN,226,CURRAIS NOVOS,Ultrapassagem indevida,Colisão frontal,Com Vítimas Fatais ,Pleno dia,Ceu Claro,Simples ,Rural ,Automóvel,Ferido Grave,35.0,Feminino
1316172,16/06/2013,RN,226,CURRAIS NOVOS,Ultrapassagem indevida,Colisão frontal,Com Vítimas Fatais ,Pleno dia,Ceu Claro,Simples ,Rural ,Automóvel,Ferido Grave,16.0,Masculino
1316172,16/06/2013,RN,226,CURRAIS NOVOS,Ultrapassagem indevida,Colisão frontal,Com Vítimas Fatais ,Pleno dia,Ceu Claro,Simples ,Rural ,Automóvel,Ferido Grave,39.0,Feminino
1316172,16/06/2013,RN,226,CURRAIS NOVOS,Ultrapassagem indevida,Colisão frontal,Com Vítimas Fatais ,Pleno dia,Ceu Claro,Simples ,Rural ,Automóvel,Morto       ,52.0,Feminino
1316172,16/06/2013,RN,226,CURRAIS NOVOS,Ultrapassagem indevida,Colisão frontal,Com Vítimas Fatais ,Pleno dia,Ceu Claro,Simples ,Rural ,Automóvel,Ferido Grave,43.0,Feminino
1316172,16/06/2013,RN,226,CURRAIS NOVOS,Ultrapassagem indevida,Colisão frontal,Com Vítimas Fatais ,Pleno dia,Ceu Claro,Simples ,Rural ,Automóvel,Ferido Grave,36.0,Masculino
1316269,15/06/2013,RN,226,CURRAIS NOVOS,Falta de atenção,Queda de motocicleta / bicicleta / veículo,Com Vítimas Fatais ,Pleno dia,Ceu Claro,Simples ,Rural ,Motocicletas,Morto       ,31.0,Masculino
1316343,09/06/2013,RN,406,SAO GONCALO DO AMARANTE,Ingestão de álcool,Colisão traseira,Com Vítimas Feridas,Pleno dia,Ceu Claro,Simples ,Rural ,Motocicletas,Ferido Grave,43.0,Masculino
1316343,09/06/2013,RN,406,SAO GONCALO DO AMARANTE,Ingestão de álcool,Colisão traseira,Com Vítimas Feridas,Pleno dia,Ceu Claro,Simples ,Rural ,Motocicletas,Ferido Grave,27.0,Masculino
1316343,09/06/2013,RN,406,SAO GONCALO DO AMARANTE,Ingestão de álcool,Colisão traseira,Com Vítimas Feridas,Pleno dia,Ceu Claro,Simples ,Rural ,Motocicletas,Ferido Grave,32.0,Feminino
1316343,09/06/2013,RN,406,SAO GONCALO DO AMARANTE,Ingestão de álcool,Colisão traseira,Com Vítimas Feridas,Pleno dia,Ceu Claro,Simples ,Rural ,Motocicletas,Ferido Grave,24.0,Masculino
1316499,20/05/2013,RN,101,EXTREMOZ,Falta de atenção,Colisão frontal,Com Vítimas Feridas,Plena noite,Ceu Claro,Simples ,Rural ,Automóvel,Ileso       ,48.0,Masculino
1316499,20/05/2013,RN,101,EXTREMOZ,Falta de atenção,Colisão frontal,Com Vítimas Feridas,Plena noite,Ceu Claro,Simples ,Rural ,Automóvel,Ferido Leve ,53.0,Masculino
1316517,17/06/2013,RN,110,MOSSORO,Outras,Colisão lateral,Com Vítimas Feridas,Pleno dia,Ceu Claro,Simples ,Urbano,Caminhão-Trator,Ileso       ,61.0,Masculino
1316517,17/06/2013,RN,110,MOSSORO,Outras,Colisão lateral,Com Vítimas Feridas,Pleno dia,Ceu Claro,Simples ,Urbano,Motoneta,Ferido Leve ,48.0,Feminino
1316559,17/06/2013,RN,304,ANGICOS,Ultrapassagem indevida,Colisão lateral,Sem Vítimas        ,Pleno dia,Sol,Simples ,Rural ,Caminhão,Ileso       ,37.0,Masculino
1316559,17/06/2013,RN,304,ANGICOS,Ultrapassagem indevida,Colisão lateral,Sem Vítimas        ,Pleno dia,Sol,Simples ,Rural ,Caminhão-Trator,Ileso       ,35.0,Masculino
1316559,17/06/2013,RN,304,ANGICOS,Ultrapassagem indevida,Colisão lateral,Sem Vítimas        ,Pleno dia,Sol,Simples ,Rural ,Caminhão-Trator,Ileso       ,-1.0,Masculino
1316563,17/06/2013,RN,304,MOSSORO,Outras,Colisão Transversal,Com Vítimas Feridas,Pleno dia,Ceu Claro,Dupla   ,Urbano,Motocicletas,Ferido Leve ,42.0,Masculino
1316563,17/06/2013,RN,304,MOSSORO,Outras,Colisão Transversal,Com Vítimas Feridas,Pleno dia,Ceu Claro,Dupla   ,Urbano,Caminhonete,Ileso       ,43.0,Masculino
1316567,11/06/2013,RN,101,SAO GONCALO DO AMARANTE,Falta de atenção,Colisão lateral,Sem Vítimas        ,Pleno dia,Ceu Claro,Simples ,Urbano,Microônibus,Ileso       ,29.0,Masculino
1316567,11/06/2013,RN,101,SAO GONCALO DO AMARANTE,Falta de atenção,Colisão lateral,Sem Vítimas        ,Pleno dia,Ceu Claro,Simples ,Urbano,Ônibus,Ignorado    ,-1.0,Masculino
1316594,17/06/2013,RN,406,TAIPU,Falta de atenção,Capotamento,Com Vítimas Feridas,Pleno dia,Ceu Claro,Simples ,Rural ,Caminhonete,Ferido Leve ,,
1316603,13/06/2013,RN,101,NATAL,Falta de atenção,Colisão traseira,Sem Vítimas        ,Pleno dia,Nublado,Múltipla,Urbano,Automóvel,Ileso       ,-1.0,Masculino