id,data_inversa,uf,br,municipio,causa_acidente,tipo_acidente,classificacao_acidente,fase_dia,condicao_metereologica,tipo_pista,uso_solo,tipo_veiculo,estado_fisico,idade,sexo
1333445,19/07/2013,RN,405,MOSSORO,Falta de atenção,Colisão traseira,Sem Vítimas        ,Pleno dia,Sol,Dupla   ,Urbano,Automóvel,Ileso       ,-1.0,Feminino
1333445,19/07/2013,RN,405,MOSSORO,Falta de atenção,Colisão traseira,Sem Vítimas        ,Pleno dia,Sol,Dupla   ,Urbano,Automóvel,Ileso       ,-1.0,Inválido
1333445,19/07/2013,RN,405,MOSSORO,Falta de atenção,Colisão traseira,Sem Vítimas        ,Pleno dia,Sol,Dupla   ,Urbano,Automóvel,Ileso       ,22.0,Masculino
1333445,19/07/2013,RN,405,MOSSORO,Falta de atenção,Colisão traseira,Sem Vítimas        ,Pleno dia,Sol,Dupla   ,Urbano,Automóvel,Ileso       ,-1.0,Feminino
1333445,19/07/2013,RN,405,MOSSORO,Falta de atenção,Colisão traseira,Sem Vítimas        ,Pleno dia,Sol,Dupla   ,Urbano,Automóvel,Ileso       ,-1.0,Feminino
1333445,19/07/2013,RN,405,MOSSORO,Falta de atenção,Colisão traseira,Sem Vítimas        ,Pleno dia,Sol,Dupla   ,Urbano,Automóvel,Ileso       ,-1.0,Inválido
1333476,19/07/2013,RN,101,SAO JOSE DE MIPIBU,Outras,Colisão com bicicleta,Com Vítimas Feridas,Plena noite,Ceu Claro,Dupla   ,Rural ,Ciclomotor,Ferido Leve ,30.0,Masculino
1333476,19/07/2013,RN,101,SAO JOSE DE MIPIBU,Outras,Colisão com bicicleta,Com Vítimas Feridas,Plena noite,Ceu Claro,Dupla   ,Rural ,Bicicleta,Ferido Leve ,-1.0,Masculino
1333589,19/07/2013,RN,226,BOM JESUS,Falta de atenção,Colisão Transversal,Com Vítimas Feridas,Plena noite,Ceu Claro,Simples ,Rural ,Ônibus,Ileso       ,41.0,Masculino
1333589,19/07/2013,RN,226,BOM JESUS,Falta de atenção,Colisão Transversal,Com Vítimas Feridas,Plena noite,Ceu Claro,Simples ,Rural ,Caminhonete,Ferido Grave,60.0,Feminino
1333589,19/07/2013,RN,226,BOM JESUS,Falta de atenção,Colisão Transversal,Com Vítimas Feridas,Plena noite,Ceu Claro,Simples ,Rural ,Caminhonete,Ferido Leve ,38.0,Feminino
1333706,16/07/2013,RN,226,NATAL,Falta de atenção,Colisão Transversal,Com Vítimas Feridas,Plena noite,Ceu Claro,Simples ,Urbano,Automóvel,Ileso       ,19.0,Masculino
1333706,16/07/2013,RN,226,NATAL,Falta de atenção,Colisão Transversal,Com Vítimas Feridas,Plena noite,Ceu Claro,Simples ,Urbano,Automóvel,Ileso       ,37.0,Masculino
1333706,16/07/2013,RN,226,NATAL,Falta de atenção,Colisão Transversal,Com Vítimas Feridas,Plena noite,Ceu Claro,Simples ,Urbano,Automóvel,Ferido Grave,40.0,Masculino
1333737,20/07/2013,RN,226,MACAIBA,Falta de atenção,Colisão frontal,Sem Vítimas        ,Pleno dia,Ceu Claro,Simples ,Urbano,Automóvel,Ileso       ,42.0,Masculino
1333737,20/07/2013,RN,226,MACAIBA,Falta de atenção,Colisão frontal,Sem Vítimas        ,Pleno dia,Ceu Claro,Simples ,Urbano,Automóvel,Ileso       ,26.0,Feminino
1333842,20/07/2013,RN,101,SAO GONCALO DO AMARANTE,Não guardar distância de segurança,Colisão traseira,Sem Vítimas        ,Pleno dia,Sol,Dupla   ,Urbano,Bicicleta,Ileso       ,-1.0,Inválido
1333842,20/07/2013,RN,101,SAO GONCALO DO AMARANTE,Não guardar distância de segurança,Colisão traseira,Sem Vítimas        ,Pleno dia,Sol,Dupla   ,Urbano,Automóvel,Ileso       ,46.0,Masculino
1333842,20/07/2013,RN,101,SAO GONCALO DO AMARANTE,Não guardar distância de segurança,Colisão traseira,Sem Vítimas        ,Pleno dia,Sol,Dupla   ,Urbano,Automóvel,Ileso       ,26.0,Feminino
1333848,20/07/2013,RN,406,CEARA-MIRIM,Defeito mecânico em veículo,Queda de motocicleta / bicicleta / veículo,Com Vítimas Feridas,Pleno dia,Sol,Simples ,Rural ,Motoneta,Ferido Leve ,36.0,Feminino
1333848,20/07/2013,RN,406,CEARA-MIRIM,Defeito mecânico em veículo,Queda de motocicleta / bicicleta / veículo,Com Vítimas Feridas,Pleno dia,Sol,Simples ,Rural ,Motoneta,Ferido Grave,14.0,Masculino
1333889,20/07/2013,RN,304,MACAIBA,Falta de atenção,Colisão Transversal,Sem Vítimas        ,Pleno dia,Nublado,Dupla   ,Urbano,Automóvel,Ileso       ,62.0,Masculino
1333889,20/07/2013,RN,304,MACAIBA,Falta de atenção,Colisão Transversal,Sem Vítimas        ,Pleno dia,Nublado,Dupla   ,Urbano,Automóvel,Ileso       ,33.0,Masculino
1333889,20/07/2013,RN,304,MACAIBA,Falta de atenção,Colisão Transversal,Sem Vítimas        ,Pleno dia,Nublado,Dupla   ,Urbano,Automóvel,Ileso       ,-1.0,Feminino
1333915,20/07/2013,RN,101,BAIA FORMOSA,Outras,Colisão lateral,Com Vítimas Feridas,Pleno dia,Sol,Dupla   ,Rural ,Motocicletas,Ferido Leve ,27.0,Masculino
1333915,20/07/2013,RN,101,BAIA FORMOSA,Outras,Colisão lateral,Com Vítimas Feridas,Pleno dia,Sol,Dupla   ,Rural ,Automóvel,Ferido Grave,52.0,Masculino
1333915,20/07/2013,RN,101,BAIA FORMOSA,Outras,Colisão lateral,Com Vítimas Feridas,Pleno dia,Sol,Dupla   ,Rural ,Motocicletas,Ferido Grave,27.0,Masculino
1333930,18/07/2013,RN,110,MOSSORO,Falta de atenção,Colisão traseira,Sem Vítimas        ,Pleno dia,Ceu Claro,Simples ,Urbano,Automóvel,Ileso       ,55.0,Masculino
1333930,18/07/2013,RN,110,MOSSORO,Falta de atenção,Colisão traseira,Sem Vítimas        ,Pleno dia,Ceu Claro,Simples ,Urbano,Automóvel,Ileso       ,53.0,Masculino
1333930,18/07/2013,RN,110,MOSSORO,Falta de atenção,Colisão traseira,Sem Vítimas        ,Pleno dia,Ceu Claro,Simples ,Urbano,Automóvel,Ileso       ,19.0,Feminino
1334011,16/07/2013,RN,304,MOSSORO,Outras,Colisão lateral,Com Vítimas Feridas,Plena noite,Ceu Claro,Simples ,Urbano,Automóvel,Ferido Leve ,26.0,Masculino
1334011,16/07/2013,RN,304,MOSSORO,Outras,Colisão lateral,Com Vítimas Feridas,Plena noite,Ceu Claro,Simples ,Urbano,Automóvel,Ileso       ,23.0,Feminino
1334011,16/07/2013,RN,304,MOSSORO,Outras,Colisão lateral,Com Vítimas Feridas,Plena noite,Ceu Claro,Simples ,Urbano,Automóvel,Ileso       ,3.0,Feminino
1334011,16/07/2013,RN,304,MOSSORO,Outras,Colisão lateral,Com Vítimas Feridas,Plena noite,Ceu Claro,Simples ,Urbano,Automóvel,Ignorado    ,-1.0,Masculino
1334042,20/07/2013,RN,226,NATAL,Falta de atenção,Colisão Transversal,Sem Vítimas        ,Plena noite,Nublado,Simples ,Urbano,Automóvel,Ileso       ,59.0,Masculino
1334042,20/07/2013,RN,226,NATAL,Falta de atenção,Colisão Transversal,Sem Vítimas        ,Plena noite,Nublado,Simples ,Urbano,Motocicletas,Ileso       ,25.0,Masculino
1334042,20/07/2013,RN,226,NATAL,Falta de atenção,Colisão Transversal,Sem Vítimas        ,Plena noite,Nublado,Simples ,Urbano,Motocicletas,Ileso       ,-1.0,Feminino
1334095,20/07/2013,RN,405,PAU DOS FERROS,Outras,Queda de motocicleta / bicicleta / veículo,Com Vítimas Feridas,Plena noite,Ceu Claro,Simples ,Urbano,Motocicletas,Ferido Grave,36.0,Masculino
1334098,20/07/2013,RN,304,MOSSORO,Outras,Colisão com objeto fixo,Sem Vítimas        ,Plena noite,Ceu Claro,Dupla   ,Urbano,Automóvel,Ileso       ,-1.0,Masculino
1334169,17/07/2013,RN,304,PARNAMIRIM,Outras,Colisão Transversal,Com Vítimas Fatais ,Pleno dia,Chuva,Dupla   ,Urbano,Automóvel,Morto       ,47.0,Masculino
1334169,17/07/2013,RN,304,PARNAMIRIM,Outras,Colisão Transversal,Com Vítimas Fatais ,Pleno dia,Chuva,Dupla   ,Urbano,Automóvel,Ferido Grave,33.0,Feminino
1334296,21/07/2013,RN,110,MOSSORO,Falta de atenção,Colisão Transversal,Com Vítimas Feridas,Pleno dia,Sol,Simples ,Urbano,Motocicletas,Ferido Leve ,42.0,Masculino
1334296,21/07/2013,RN,110,MOSSORO,Falta de atenção,Colisão Transversal,Com Vítimas Feridas,Pleno dia,Sol,Simples ,Urbano,Motocicletas,Ileso       ,43.0,Feminino
1334296,21/07/2013,RN,110,MOSSORO,Falta de atenção,Colisão Transversal,Com Vítimas Feridas,Pleno dia,Sol,Simples ,Urbano,Motocicletas,Ferido Leve ,6.0,Masculino
1334296,21/07/2013,RN,110,MOSSORO,Falta de atenção,Colisão Transversal,Com Vítimas Feridas,Pleno dia,Sol,Simples ,Urbano,Ciclomotor,Ileso       ,22.0,Masculino
1334361,17/07/2013,RN,101,PARNAMIRIM,Não guardar distância de segurança,Colisão traseira,Sem Vítimas        ,Pleno dia,Nublado,Múltipla,Urbano,Caminhão,Ileso       ,37.0,Masculino
1334361,17/07/2013,RN,101,PARNAMIRIM,Não guardar distância de segurança,Colisão traseira,Sem Vítimas        ,Pleno dia,Nublado,Múltipla,Urbano,Automóvel,Ileso       ,26.0,Masculino
1334373,21/07/2013,RN,101,SAO JOSE DE MIPIBU,Outras,Colisão Transversal,Com Vítimas Feridas,Pleno dia,Nublado,Dupla   ,Rural ,Motocicletas,Ferido Grave,25.0,Masculino
1334373,21/07/2013,RN,101,SAO JOSE DE MIPIBU,Outras,Colisão Transversal,Com Vítimas Feridas,Pleno dia,Nublado,Dupla   ,Rural ,Motocicletas,Ferido Leve ,21.0,Masculino
1334373,21/07/2013,RN,101,SAO JOSE DE MIPIBU,Outras,Colisão Transversal,Com Vítimas Feridas,Pleno dia,Nublado,Dupla   ,Rural ,Automóvel,Ignorado    ,-1.0,Masculino
1334387,21/07/2013,RN,101,GOIANINHA,Outras,Capotamento,Com Vítimas Feridas,Pleno dia,Chuva,Dupla   ,Rural ,Caminhonete,Ileso       ,35.0,Masculino
1334387,21/07/2013,RN,101,GOIANINHA,Outras,Capotamento,Com Vítimas Feridas,Pleno dia,Chuva,Dupla   ,Rural ,Caminhonete,Ferido Leve ,19.0,Feminino
1334387,21/07/2013,RN,101,GOIANINHA,Outras,Capotamento,Com Vítimas Feridas,Pleno dia,Chuva,Dupla   ,Rural ,Caminhonete,Ferido Leve ,17.0,Feminino
1334387,21/07/2013,RN,101,GOIANINHA,Outras,Capotamento,Com Vítimas Feridas,Pleno dia,Chuva,Dupla   ,Rural ,Caminhonete,Ferido Leve ,17.0,Feminino
1334418,17/07/2013,RN,101,NATAL,Outras,Queda de motocicleta / bicicleta / veículo,Com Vítimas Feridas,Plena noite,Nublado,Múltipla,Urbano,Motocicletas,Ferido Grave,28.0,Masculino
1334418,17/07/2013,RN,101,NATAL,Outras,Queda de motocicleta / bicicleta / veículo,Com Vítimas Feridas,Plena noite,Nublado,Múltipla,Urbano,Motocicletas,Ferido Leve ,27.0,Feminino
1334501,15/07/2013,RN,304,MACAIBA,Não guardar distância de segurança,Colisão traseira,Sem Vítimas        ,Pleno dia,Sol,Simples ,Urbano,Automóvel,Ileso       ,28.0,Masculino
1334501,15/07/2013,RN,304,MACAIBA,Não guardar distância de segurança,Colisão traseira,Sem Vítimas        ,Pleno dia,Sol,Simples ,Urbano,Automóvel,Ileso       ,36.0,Masculino
1334501,15/07/2013,RN,304,MACAIBA,Não guardar distância de segurança,Colisão traseira,Sem Vítimas        ,Pleno dia,Sol,Simples ,Urbano,Automóvel,Ileso       ,31.0,Masculino
1334509,21/07/2013,RN,101,SAO GONCALO DO AMARANTE,Outras,Colisão traseira,Sem Vítimas        ,Plena noite,Chuva,Dupla   ,Rural ,Automóvel,Ileso       ,29.0,Masculino
1334509,21/07/2013,RN,101,SAO GONCALO DO AMARANTE,Outras,Colisão traseira,Sem Vítimas        ,Plena noite,Chuva,Dupla   ,Rural ,Automóvel,Ileso       ,41.0,Masculino
1334509,21/07/2013,RN,101,SAO GONCALO DO AMARANTE,Outras,Colisão traseira,Sem Vítimas        ,Plena noite,Chuva,Dupla   ,Rural ,Camioneta,Ignorado    ,-1.0,Inválido
1334610,16/07/2013,RN,304,RIACHUELO,Ingestão de álcool,Colisão lateral,Sem Vítimas        ,Amanhecer,Ceu Claro,Simples ,Rural ,Automóvel,Ileso       ,36.0,Masculino
1334610,16/07/2013,RN,304,RIACHUELO,Ingestão de álcool,Colisão lateral,Sem Vítimas        ,Amanhecer,Ceu Claro,Simples ,Rural ,Automóvel,Ileso       ,31.0,Masculino
1334635,17/07/2013,RN,427,ACARI,Outras,Tombamento,Com Vítimas Fatais ,Plena noite,Ceu Claro,Simples ,Rural ,Caminhão,Morto       ,23.0,Masculino
1334649,21/07/2013,RN,405,RAFAEL FERNANDES,Outras,Colisão frontal,Com Vítimas Fatais ,Anoitecer,Nublado,Simples ,Rural ,Motocicletas,Morto       ,26.0,Masculino
1334649,21/07/2013,RN,405,RAFAEL FERNANDES,Outras,Colisão frontal,Com Vítimas Fatais ,Anoitecer,Nublado,Simples ,Rural ,Automóvel,Ignorado    ,-1.0,Inválido
1334722,18/07/2013,RN,101,NATAL,Falta de atenção,Colisão traseira,Sem Vítimas        ,Anoitecer,Chuva,Dupla   ,Rural ,Automóvel,Ileso       ,23.0,Masculino
1334722,18/07/2013,RN,101,NATAL,Falta de atenção,Colisão traseira,Sem Vítimas        ,Anoitecer,Chuva,Dupla   ,Rural ,Automóvel,Ileso       ,43.0,Masculino
1334822,22/07/2013,RN,101,PARNAMIRIM,Não guardar distância de segurança,Colisão traseira,Sem Vítimas        ,Pleno dia,Ceu Claro,Dupla   ,Urbano,Automóvel,Ileso       ,50.0,Masculino
1334822,22/07/2013,RN,101,PARNAMIRIM,Não guardar distância de segurança,Colisão traseira,Sem Vítimas        ,Pleno dia,Ceu Claro,Dupla   ,Urbano,Automóvel,Ileso       ,41.0,Masculino
1334888,18/07/2013,RN,406,TAIPU,Defeito mecânico em veículo,Capotamento,Sem Vítimas        ,Plena noite,Chuva,Simples ,Rural ,Caminhonete,Ileso       ,26.0,Masculino
1335053,22/07/2013,RN,406,CEARA-MIRIM,Falta de atenção,Colisão Transversal,Com Vítimas Feridas,Plena noite,Ceu Claro,Simples ,Urbano,Motocicletas,Ferido Grave,30.0,Masculino
1335053,22/07/2013,RN,406,CEARA-MIRIM,Falta de atenção,Colisão Transversal,Com Vítimas Feridas,Plena noite,Ceu Claro,Simples ,Urbano,Bicicleta,Ileso       ,13.0,Masculino
1335063,19/07/2013,RN,101,NATAL,Falta de atenção,Colisão lateral,Sem Vítimas        ,Pleno dia,Nublado,Dupla   ,Urbano,Camioneta,Ileso       ,42.0,Masculino
1335063,19/07/2013,RN,101,NATAL,Falta de atenção,Colisão lateral,Sem Vítimas        ,Pleno dia,Nublado,Dupla   ,Urbano,Automóvel,Ileso       ,42.0,Masculino
1335205,22/07/2013,RN,101,PARNAMIRIM,Não guardar distância de segurança,Colisão lateral,Sem Vítimas        ,Plena noite,Ignorada,Múltipla,Urbano,Automóvel,Ileso       ,26.0,Masculino
1335205,22/07/2013,RN,101,PARNAMIRIM,Não guardar distância de segurança,Colisão lateral,Sem Vítimas        ,Plena noite,Ignorada,Múltipla,Urbano,Ônibus,Ileso       ,29.0,Masculino
1335269,23/07/2013,RN,101,NATAL,Não guardar distância de segurança,Colisão traseira,Sem Vítimas        ,Pleno dia,Sol,Dupla   ,Urbano,Ônibus,Ileso       ,58.0,Masculino
1335269,23/07/2013,RN,101,NATAL,Não guardar distância de segurança,Colisão traseira,Sem Vítimas        ,Pleno dia,Sol,Dupla   ,Urbano,Motocicletas,Ileso       ,30.0,Masculino
1335311,23/07/2013,RN,101,SAO GONCALO DO AMARANTE,Falta de atenção,Colisão traseira,Sem Vítimas        ,Pleno dia,Sol,Dupla   ,Urbano,Automóvel,Ileso       ,45.0,Masculino
1335311,23/07/2013,RN,101,SAO GONCALO DO AMARANTE,Falta de atenção,Colisão traseira,Sem Vítimas        ,Pleno dia,Sol,Dupla   ,Urbano,Caminhão,Ileso       ,55.0,Masculino
1335440,15/07/2013,RN,304,LAJES,Outras,Colisão frontal,Com Vítimas Fatais ,Pleno dia,Sol,Simples ,Urbano,Automóvel,Ileso       ,35.0,Masculino
1335440,15/07/2013,RN,304,LAJES,Outras,Colisão frontal,Com Vítimas Fatais ,Pleno dia,Sol,Simples ,Urbano,Automóvel,Ileso       ,36.0,Feminino
1335440,15/07/2013,RN,304,LAJES,Outras,Colisão frontal,Com Vítimas Fatais ,Pleno dia,Sol,Simples ,Urbano,Automóvel,Morto       ,13.0,Feminino
1335440,15/07/2013,RN,304,LAJES,Outras,Colisão frontal,Com Vítimas Fatais ,Pleno dia,Sol,Simples ,Urbano,Automóvel,Ileso       ,9.0,Feminino
1335440,15/07/2013,RN,304,LAJES,Outras,Colisão frontal,Com Vítimas Fatais ,Pleno dia,Sol,Simples ,Urbano,Automóvel,Ferido Grave,63.0,Masculino
1335440,15/07/2013,RN,304,LAJES,Outras,Colisão frontal,Com Vítimas Fatais ,Pleno dia,Sol,Simples ,Urbano,Automóvel,Morto       ,62.0,Feminino
1335446,15/04/2013,RN,226,NATAL,Outras,Colisão Transversal,Com Vítimas Feridas,Anoitecer,Ceu Claro,Simples ,Urbano,Automóvel,Ileso       ,65.0,Masculino
1335446,15/04/2013,RN,226,NATAL,Outras,Colisão Transversal,Com Vítimas Feridas,Anoitecer,Ceu Claro,Simples ,Urbano,Ciclomotor,Ferido Leve ,19.0,Masculino
1335446,15/04/2013,RN,226,NATAL,Outras,Colisão Transversal,Com Vítimas Feridas,Anoitecer,Ceu Claro,Simples ,Urbano,Ciclomotor,Ferido Leve ,20.0,Masculino
1335548,23/07/2013,RN,226,TANGARA,Outras,Colisão frontal,Com Vítimas Fatais ,Pleno dia,Sol,Simples ,Rural ,Caminhão,Ileso       ,36.0,Masculino
1335548,23/07/2013,RN,226,TANGARA,Outras,Colisão frontal,Com Vítimas Fatais ,Pleno dia,Sol,Simples ,Rural ,Automóvel,Morto       ,76.0,Masculino
1335561,23/07/2013,RN,101,NATAL,Falta de atenção,Colisão lateral,Sem Vítimas        ,Pleno dia,Sol,Simples ,Urbano,Automóvel,Ileso       ,22.0,Feminino
1335561,23/07/2013,RN,101,NATAL,Falta de atenção,Colisão lateral,Sem Vítimas        ,Pleno dia,Sol,Simples ,Urbano,Motoneta,Ileso       ,22.0,Feminino
1335563,23/07/2013,RN,101,ARES,Velocidade incompatível,Atropelamento de pessoa,Com Vítimas Fatais ,Pleno dia,Sol,Dupla   ,Rural ,(null),Morto       ,62.0,Feminino
1335563,23/07/2013,RN,101,ARES,Velocidade incompatível,Atropelamento de pessoa,Com Vítimas Fatais ,Pleno dia,Sol,Dupla   ,Rural ,Automóvel,Ferido Leve ,29.0,Masculino
1335563,23/07/2013,RN,101,ARES,Velocidade incompatível,Atropelamento de pessoa,Com Vítimas Fatais ,Pleno dia,Sol,Dupla   ,Rural ,Automóvel,Ferido Leve ,-1.0,Feminino
1335613,20/07/2013,RN,304,MOSSORO,Defeito mecânico em veículo,Queda de motocicleta / bicicleta / veículo,Com Vítimas Feridas,Amanhecer,Ceu Claro,Simples ,Rural ,Motocicletas,Ferido Leve ,36.0,Masculino
1335613,20/07/2013,RN,304,MOSSORO,Defeito mecânico em veículo,Queda de motocicleta / bicicleta / veículo,Com Vítimas Feridas,Amanhecer,Ceu Claro,Simples ,Rural ,Motocicletas,Ferido Leve ,-1.0,Masculino
1335655,19/07/2013,RN,101,NATAL,Falta de atenção,Colisão traseira,Sem Vítimas        ,Anoitecer,Ceu Claro,Dupla   ,Urbano,Caminhão,Ileso       ,-1.0,Masculino
1335655,19/07/2013,RN,101,NATAL,Falta de atenção,Colisão traseira,Sem Vítimas        ,Anoitecer,Ceu Claro,Dupla   ,Urbano,Ônibus,Ileso       ,40.0,Masculino
1335743,19/07/2013,RN,427,CAICO,Ingestão de álcool,Colisão lateral,Com Vítimas Feridas,Plena noite,Ceu Claro,Simples ,Urbano,Motocicletas,Ileso       ,53.0,Masculino
1335743,19/07/2013,RN,427,CAICO,Ingestão de álcool,Colisão lateral,Com Vítimas Feridas,Plena noite,Ceu Claro,Simples ,Urbano,Motocicletas,Ileso       ,22.0,Masculino
1335743,19/07/2013,RN,427,CAICO,Ingestão de álcool,Colisão lateral,Com Vítimas Feridas,Plena noite,Ceu Claro,Simples ,Urbano,Motocicletas,Ferido Grave,27.0,Feminino
1335771,16/07/2013,RN,101,SAO GONCALO DO AMARANTE,Falta de atenção,Colisão com objeto fixo,Sem Vítimas        ,Amanhecer,Vento,Dupla   ,Urbano,Automóvel,Ileso       ,11.0,Masculino
1335985,24/07/2013,RN,101,NATAL,Não guardar distância de segurança,Colisão lateral,Sem Vítimas        ,Pleno dia,Ceu Claro,Dupla   ,Urbano,Automóvel,Ileso       ,24.0,Masculino
1335985,24/07/2013,RN,101,NATAL,Não guardar distância de segurança,Colisão lateral,Sem Vítimas        ,Pleno dia,Ceu Claro,Dupla   ,Urbano,Automóvel,Ileso       ,23.0,Feminino
1336038,22/07/2013,RN,304,ASSU,Outras,Colisão frontal,Com Vítimas Fatais ,Pleno dia,Ceu Claro,Simples ,Rural ,Caminhão,Ileso       ,36.0,Masculino
1336038,22/07/2013,RN,304,ASSU,Outras,Colisão frontal,Com Vítimas Fatais ,Pleno dia,Ceu Claro,Simples ,Rural ,Caminhão,Ignorado    ,-1.0,Inválido
1336038,22/07/2013,RN,304,ASSU,Outras,Colisão frontal,Com Vítimas Fatais ,Pleno dia,Ceu Claro,Simples ,Rural ,Automóvel,Morto       ,58.0,Masculino
1336038,22/07/2013,RN,304,ASSU,Outras,Colisão frontal,Com Vítimas Fatais ,Pleno dia,Ceu Claro,Simples ,Rural ,Automóvel,Morto       ,56.0,Feminino
1336062,20/07/2013,RN,226,NATAL,Ultrapassagem indevida,Colisão frontal,Com Vítimas Feridas,Plena noite,Ceu Claro,Simples ,Urbano,Motocicletas,Ferido Grave,33.0,Masculino
1336062,20/07/2013,RN,226,NATAL,Ultrapassagem indevida,Colisão frontal,Com Vítimas Feridas,Plena noite,Ceu Claro,Simples ,Urbano,Automóvel,Ileso       ,26.0,Masculino
1336101,21/07/2013,RN,304,MOSSORO,Falta de atenção,Colisão Transversal,Sem Vítimas        ,Plena noite,Ceu Claro,Dupla   ,Urbano,Motoneta,Ileso       ,27.0,Feminino
1336101,21/07/2013,RN,304,MOSSORO,Falta de atenção,Colisão Transversal,Sem Vítimas        ,Plena noite,Ceu Claro,Dupla   ,Urbano,Carroça,Ignorado    ,-1.0,Inválido
1336134,24/07/2013,RN,101,NATAL,Não guardar distância de segurança,Colisão traseira,Sem Vítimas        ,Pleno dia,Ceu Claro,Dupla   ,Urbano,Automóvel,Ileso       ,44.0,Masculino
1336134,24/07/2013,RN,101,NATAL,Não guardar distância de segurança,Colisão traseira,Sem Vítimas        ,Pleno dia,Ceu Claro,Dupla   ,Urbano,Caminhonete,Ileso       ,31.0,Masculino
1336200,24/07/2013,RN,110,MOSSORO,Defeito mecânico em veículo,Saída de Pista,Sem Vítimas        ,Pleno dia,Sol,Simples ,Rural ,Automóvel,Ileso       ,49.0,Masculino
1336217,24/07/2013,RN,101,NATAL,Falta de atenção,Colisão traseira,Sem Vítimas        ,Pleno dia,Ceu Claro,Dupla   ,Urbano,Automóvel,Ileso       ,32.0,Feminino
1336217,24/07/2013,RN,101,NATAL,Falta de atenção,Colisão traseira,Sem Vítimas        ,Pleno dia,Ceu Claro,Dupla   ,Urbano,Motocicletas,Ileso       ,21.0,Masculino
1336227,24/07/2013,RN,101,PARNAMIRIM,Falta de atenção,Colisão frontal,Com Vítimas Feridas,Pleno dia,Sol,Dupla   ,Urbano,Motocicletas,Ferido Grave,26.0,Masculino
1336227,24/07/2013,RN,101,PARNAMIRIM,Falta de atenção,Colisão frontal,Com Vítimas Feridas,Pleno dia,Sol,Dupla   ,Urbano,Automóvel,Ileso       ,33.0,Feminino
1336280,04/07/2013,RN,101,NATAL,Animais na Pista,Atropelamento de animal,Com Vítimas Feridas,Pleno dia,Ceu Claro,Dupla   ,Urbano,Camioneta,Ferido Leve ,71.0,Masculino
1336433,25/07/2013,RN,304,MACAIBA,Falta de atenção,Colisão traseira,Sem Vítimas        ,Pleno dia,Ceu Claro,Simples ,Urbano,Utilitário,Ignorado    ,-1.0,Inválido
1336433,25/07/2013,RN,304,MACAIBA,Falta de atenção,Colisão traseira,Sem Vítimas        ,Pleno dia,Ceu Claro,Simples ,Urbano,Automóvel,Ignorado    ,-1.0,Inválido
1336433,25/07/2013,RN,304,MACAIBA,Falta de atenção,Colisão traseira,Sem Vítimas        ,Pleno dia,Ceu Claro,Simples ,Urbano,Automóvel,Ileso       ,33.0,Masculino
1336571,25/07/2013,RN,226,LAJES PINTADAS,Ultrapassagem indevida,Colisão lateral,Sem Vítimas        ,Pleno dia,Ceu Claro,Simples ,Rural ,Automóvel,Ileso       ,32.0,Masculino
1336571,25/07/2013,RN,226,LAJES PINTADAS,Ultrapassagem indevida,Colisão lateral,Sem Vítimas        ,Pleno dia,Ceu Claro,Simples ,Rural ,Automóvel,Ileso       ,60.0,Masculino
1336586,25/07/2013,RN,101,PARNAMIRIM,Falta de atenção,Colisão traseira,Sem Vítimas        ,Pleno dia,Nublado,Dupla   ,Urbano,Automóvel,Ileso       ,27.0,Masculino
1336586,25/07/2013,RN,101,PARNAMIRIM,Falta de atenção,Colisão traseira,Sem Vítimas        ,Pleno dia,Nublado,Dupla   ,Urbano,Automóvel,Ileso       ,39.0,Masculino
1336608,21/07/2013,RN,304,MACAIBA,Não guardar distância de segurança,Colisão traseira,Sem Vítimas        ,Anoitecer,Nublado,Simples ,Urbano,Automóvel,Ileso       ,34.0,Masculino
1336608,21/07/2013,RN,304,MACAIBA,Não guardar distância de segurança,Colisão traseira,Sem Vítimas        ,Anoitecer,Nublado,Simples ,Urbano,Automóvel,Ileso       ,41.0,Masculino
1336608,21/07/2013,RN,304,MACAIBA,Não guardar distância de segurança,Colisão traseira,Sem Vítimas        ,Anoitecer,Nublado,Simples ,Urbano,Automóvel,Ileso       ,46.0,Masculino
1336615,21/07/2013,RN,304,CAICARA DO RIO DO VENTO,Outras,Tombamento,Sem Vítimas        ,Plena noite,Chuva,Simples ,Rural ,Caminhão-Trator,Ileso       ,46.0,Masculino
1336647,18/07/2013,RN,101,NATAL,Outras,Colisão lateral,Com Vítimas Feridas,Plena noite,Chuva,Dupla   ,Urbano,Ciclomotor,Ferido Grave,-1.0,Masculino
1336647,18/07/2013,RN,101,NATAL,Outras,Colisão lateral,Com Vítimas Feridas,Plena noite,Chuva,Dupla   ,Urbano,Automóvel,Ignorado    ,-1.0,Inválido
1336677,21/07/2013,RN,304,MACAIBA,Não guardar distância de segurança,Colisão traseira,Sem Vítimas        ,Anoitecer,Nublado,Simples ,Urbano,Automóvel,Ileso       ,49.0,Masculino
1336677,21/07/2013,RN,304,MACAIBA,Não guardar distância de segurança,Colisão traseira,Sem Vítimas        ,Anoitecer,Nublado,Simples ,Urbano,Automóvel,Ileso       ,55.0,Masculino