id,data_inversa,uf,br,municipio,causa_acidente,tipo_acidente,classificacao_acidente,fase_dia,condicao_metereologica,tipo_pista,uso_solo,tipo_veiculo,estado_fisico,idade,sexo
1336677,21/07/2013,RN,304,MACAIBA,Não guardar distância de segurança,Colisão traseira,Sem Vítimas        ,Anoitecer,Nublado,Simples ,Urbano,Automóvel,Ileso       ,45.0,Masculino
1336679,25/07/2013,RN,101,SAO JOSE DE MIPIBU,Desobediência à sinalização,Colisão Transversal,Com Vítimas Feridas,Pleno dia,Nublado,Múltipla,Urbano,Automóvel,Ileso       ,41.0,Masculino
1336679,25/07/2013,RN,101,SAO JOSE DE MIPIBU,Desobediência à sinalização,Colisão Transversal,Com Vítimas Feridas,Pleno dia,Nublado,Múltipla,Urbano,Motocicletas,Ferido Leve ,35.0,Masculino
1336790,25/07/2013,RN,101,NATAL,Outras,Atropelamento de pessoa,Com Vítimas Feridas,Anoitecer,Ceu Claro,Dupla   ,Urbano,Ciclomotor,Ferido Leve ,20.0,Masculino
1336790,25/07/2013,RN,101,NATAL,Outras,Atropelamento de pessoa,Com Vítimas Feridas,Anoitecer,Ceu Claro,Dupla   ,Urbano,(null),Ferido Grave,55.0,Feminino
1336830,25/07/2013,RN,304,MOSSORO,Falta de atenção,Colisão Transversal,Sem Vítimas        ,Plena noite,Ceu Claro,Dupla   ,Urbano,Automóvel,Ileso       ,30.0,Feminino
1336830,25/07/2013,RN,304,MOSSORO,Falta de atenção,Colisão Transversal,Sem Vítimas        ,Plena noite,Ceu Claro,Dupla   ,Urbano,Automóvel,Ileso       ,35.0,Masculino
1336871,25/07/2013,RN,405,MOSSORO,Desobediência à sinalização,Colisão lateral,Com Vítimas Feridas,Plena noite,Ceu Claro,Simples ,Urbano,Automóvel,Ileso       ,-1.0,Inválido
1336871,25/07/2013,RN,405,MOSSORO,Desobediência à sinalização,Colisão lateral,Com Vítimas Feridas,Plena noite,Ceu Claro,Simples ,Urbano,Motocicletas,Ferido Leve ,20.0,Masculino
1336871,25/07/2013,RN,405,MOSSORO,Desobediência à sinalização,Colisão lateral,Com Vítimas Feridas,Plena noite,Ceu Claro,Simples ,Urbano,Motocicletas,Ferido Leve ,-1.0,Feminino
1336941,18/07/2013,RN,405,ITAU,Outras,Colisão frontal,Com Vítimas Feridas,Anoitecer,Ceu Claro,Simples ,Rural ,Camioneta,Ignorado    ,36.0,Feminino
1336941,18/07/2013,RN,405,ITAU,Outras,Colisão frontal,Com Vítimas Feridas,Anoitecer,Ceu Claro,Simples ,Rural ,Motocicletas,Ferido Grave,50.0,Masculino
1336986,26/07/2013,RN,101,NATAL,Ultrapassagem indevida,Colisão Transversal,Com Vítimas Feridas,Pleno dia,Chuva,Dupla   ,Urbano,Motocicletas,Ferido Leve ,50.0,Masculino
1336986,26/07/2013,RN,101,NATAL,Ultrapassagem indevida,Colisão Transversal,Com Vítimas Feridas,Pleno dia,Chuva,Dupla   ,Urbano,Automóvel,Ignorado    ,-1.0,Inválido
1337061,26/07/2013,RN,101,NATAL,Outras,Colisão Transversal,Sem Vítimas        ,Pleno dia,Chuva,Dupla   ,Urbano,Automóvel,Ileso       ,31.0,Masculino
1337061,26/07/2013,RN,101,NATAL,Outras,Colisão Transversal,Sem Vítimas        ,Pleno dia,Chuva,Dupla   ,Urbano,Caminhão,Ileso       ,33.0,Masculino
1337069,26/07/2013,RN,101,PARNAMIRIM,Falta de atenção,Colisão lateral,Sem Vítimas        ,Pleno dia,Chuva,Dupla   ,Urbano,Automóvel,Ileso       ,-1.0,Masculino
1337069,26/07/2013,RN,101,PARNAMIRIM,Falta de atenção,Colisão lateral,Sem Vítimas        ,Pleno dia,Chuva,Dupla   ,Urbano,Motocicletas,Ignorado    ,-1.0,Masculino
1337070,22/07/2013,RN,405,MOSSORO,Ingestão de álcool,Colisão Transversal,Com Vítimas Feridas,Pleno dia,Ceu Claro,Dupla   ,Urbano,Motocicletas,Ferido Leve ,53.0,Masculino
1337070,22/07/2013,RN,405,MOSSORO,Ingestão de álcool,Colisão Transversal,Com Vítimas Feridas,Pleno dia,Ceu Claro,Dupla   ,Urbano,Bicicleta,Ferido Grave,49.0,Feminino
1337119,24/07/2013,RN,304,MACAIBA,Falta de atenção,Colisão lateral,Com Vítimas Feridas,Pleno dia,Ceu Claro,Dupla   ,Urbano,Motocicletas,Ferido Leve ,-1.0,Masculino
1337119,24/07/2013,RN,304,MACAIBA,Falta de atenção,Colisão lateral,Com Vítimas Feridas,Pleno dia,Ceu Claro,Dupla   ,Urbano,Motocicletas,Ferido Leve ,-1.0,Feminino
1337119,24/07/2013,RN,304,MACAIBA,Falta de atenção,Colisão lateral,Com Vítimas Feridas,Pleno dia,Ceu Claro,Dupla   ,Urbano,Camioneta,Ileso       ,24.0,Masculino
1337143,23/07/2013,RN,304,MOSSORO,Falta de atenção,Colisão traseira,Com Vítimas Feridas,Pleno dia,Sol,Simples ,Urbano,Motocicletas,Ferido Leve ,36.0,Feminino
1337143,23/07/2013,RN,304,MOSSORO,Falta de atenção,Colisão traseira,Com Vítimas Feridas,Pleno dia,Sol,Simples ,Urbano,Automóvel,Ignorado    ,-1.0,Inválido
1337234,26/07/2013,RN,406,SAO GONCALO DO AMARANTE,Falta de atenção,Colisão lateral,Com Vítimas Feridas,Pleno dia,Ceu Claro,Simples ,Rural ,Motoneta,Ferido Grave,45.0,Masculino
1337234,26/07/2013,RN,406,SAO GONCALO DO AMARANTE,Falta de atenção,Colisão lateral,Com Vítimas Feridas,Pleno dia,Ceu Claro,Simples ,Rural ,Motocicletas,Ferido Grave,33.0,Feminino
1337273,26/07/2013,RN,405,FELIPE GUERRA,Animais na Pista,Atropelamento de animal,Sem Vítimas        ,Pleno dia,Ceu Claro,Simples ,Rural ,Automóvel,Ileso       ,28.0,Masculino
1337273,26/07/2013,RN,405,FELIPE GUERRA,Animais na Pista,Atropelamento de animal,Sem Vítimas        ,Pleno dia,Ceu Claro,Simples ,Rural ,Automóvel,Ileso       ,33.0,Masculino
1337305,26/07/2013,RN,101,NATAL,Não guardar distância de segurança,Colisão traseira,Sem Vítimas        ,Pleno dia,Ceu Claro,Dupla   ,Urbano,Automóvel,Ileso       ,65.0,Masculino
1337305,26/07/2013,RN,101,NATAL,Não guardar distância de segurança,Colisão traseira,Sem Vítimas        ,Pleno dia,Ceu Claro,Dupla   ,Urbano,Ônibus,Ileso       ,36.0,Masculino
1337349,26/07/2013,RN,101,NATAL,Falta de atenção,Colisão traseira,Sem Vítimas        ,Pleno dia,Sol,Dupla   ,Urbano,Automóvel,Ileso       ,-1.0,Feminino
1337349,26/07/2013,RN,101,NATAL,Falta de atenção,Colisão traseira,Sem Vítimas        ,Pleno dia,Sol,Dupla   ,Urbano,Caminhonete,Ileso       ,-1.0,Feminino
1337394,26/07/2013,RN,101,NATAL,Falta de atenção,Atropelamento de pessoa,Sem Vítimas        ,Anoitecer,Ceu Claro,Múltipla,Urbano,Motocicletas,Ileso       ,43.0,Masculino
1337394,26/07/2013,RN,101,NATAL,Falta de atenção,Atropelamento de pessoa,Sem Vítimas        ,Anoitecer,Ceu Claro,Múltipla,Urbano,(null),Ignorado    ,-1.0,Masculino
1337403,26/07/2013,RN,304,MACAIBA,Outras,Colisão Transversal,Sem Vítimas        ,Plena noite,Nublado,Dupla   ,Urbano,Automóvel,Ileso       ,35.0,Masculino
1337403,26/07/2013,RN,304,MACAIBA,Outras,Colisão Transversal,Sem Vítimas        ,Plena noite,Nublado,Dupla   ,Urbano,Caminhão-Trator,Ileso       ,27.0,Masculino
1337414,26/07/2013,RN,304,SANTA MARIA,Animais na Pista,Atropelamento de animal,Sem Vítimas        ,Plena noite,Ceu Claro,Simples ,Rural ,Utilitário,Ileso       ,33.0,Masculino
1337505,26/07/2013,RN,226,TRIUNFO POTIGUAR,Defeito na via,Saída de Pista,Com Vítimas Feridas,Pleno dia,Ceu Claro,Simples ,Rural ,Automóvel,Ferido Leve ,22.0,Feminino
1337590,27/07/2013,RN,304,MOSSORO,Defeito mecânico em veículo,Capotamento,Com Vítimas Feridas,Pleno dia,Ceu Claro,Simples ,Rural ,Automóvel,Ileso       ,34.0,Masculino
1337590,27/07/2013,RN,304,MOSSORO,Defeito mecânico em veículo,Capotamento,Com Vítimas Feridas,Pleno dia,Ceu Claro,Simples ,Rural ,Automóvel,Ferido Leve ,12.0,Masculino
1337590,27/07/2013,RN,304,MOSSORO,Defeito mecânico em veículo,Capotamento,Com Vítimas Feridas,Pleno dia,Ceu Claro,Simples ,Rural ,Automóvel,Ferido Leve ,8.0,Masculino
1337590,27/07/2013,RN,304,MOSSORO,Defeito mecânico em veículo,Capotamento,Com Vítimas Feridas,Pleno dia,Ceu Claro,Simples ,Rural ,Automóvel,Ferido Leve ,9.0,Masculino
1337650,27/07/2013,RN,101,PARNAMIRIM,Outras,Colisão lateral,Sem Vítimas        ,Pleno dia,Ceu Claro,Múltipla,Urbano,Automóvel,Ileso       ,45.0,Masculino
1337650,27/07/2013,RN,101,PARNAMIRIM,Outras,Colisão lateral,Sem Vítimas        ,Pleno dia,Ceu Claro,Múltipla,Urbano,Camioneta,Ileso       ,31.0,Masculino
1337655,23/07/2013,RN,406,SAO GONCALO DO AMARANTE,Falta de atenção,Colisão Transversal,Com Vítimas Feridas,Plena noite,Nublado,Simples ,Urbano,Motocicletas,Ferido Leve ,27.0,Masculino
1337655,23/07/2013,RN,406,SAO GONCALO DO AMARANTE,Falta de atenção,Colisão Transversal,Com Vítimas Feridas,Plena noite,Nublado,Simples ,Urbano,Motocicletas,Ferido Leve ,-1.0,Masculino
1337667,20/07/2013,RN,268,CEARA-MIRIM,Outras,Colisão frontal,Com Vítimas Feridas,Plena noite,Ceu Claro,Simples ,Rural ,Automóvel,Ileso       ,33.0,Masculino
1337667,20/07/2013,RN,268,CEARA-MIRIM,Outras,Colisão frontal,Com Vítimas Feridas,Plena noite,Ceu Claro,Simples ,Rural ,Motocicletas,Ferido Grave,-1.0,Masculino
1337694,20/07/2013,RN,101,SAO GONCALO DO AMARANTE,Outras,Colisão com objeto fixo,Com Vítimas Feridas,Amanhecer,Chuva,Dupla   ,Urbano,Automóvel,Ferido Grave,-1.0,Masculino
1337694,20/07/2013,RN,101,SAO GONCALO DO AMARANTE,Outras,Colisão com objeto fixo,Com Vítimas Feridas,Amanhecer,Chuva,Dupla   ,Urbano,Automóvel,Ferido Grave,-1.0,Masculino
1337713,27/07/2013,RN,405,MOSSORO,Falta de atenção,Colisão traseira,Sem Vítimas        ,Pleno dia,Sol,Dupla   ,Urbano,Ciclomotor,Ileso       ,15.0,Feminino
1337713,27/07/2013,RN,405,MOSSORO,Falta de atenção,Colisão traseira,Sem Vítimas        ,Pleno dia,Sol,Dupla   ,Urbano,Ciclomotor,Ileso       ,19.0,Feminino
1337713,27/07/2013,RN,405,MOSSORO,Falta de atenção,Colisão traseira,Sem Vítimas        ,Pleno dia,Sol,Dupla   ,Urbano,Automóvel,Ileso       ,42.0,Masculino
1337763,27/07/2013,RN,226,NATAL,Outras,Colisão frontal,Com Vítimas Feridas,Pleno dia,Sol,Simples ,Rural ,Automóvel,Ileso       ,35.0,Feminino
1337763,27/07/2013,RN,226,NATAL,Outras,Colisão frontal,Com Vítimas Feridas,Pleno dia,Sol,Simples ,Rural ,Motocicletas,Ferido Grave,31.0,Masculino
1337763,27/07/2013,RN,226,NATAL,Outras,Colisão frontal,Com Vítimas Feridas,Pleno dia,Sol,Simples ,Rural ,Motocicletas,Ferido Grave,29.0,Feminino
1337789,27/07/2013,RN,101,NATAL,Não guardar distância de segurança,Colisão traseira,Sem Vítimas        ,Pleno dia,Nublado,Simples ,Urbano,Automóvel,Ileso       ,52.0,Masculino
1337789,27/07/2013,RN,101,NATAL,Não guardar distância de segurança,Colisão traseira,Sem Vítimas        ,Pleno dia,Nublado,Simples ,Urbano,Camioneta,Ileso       ,41.0,Feminino
83039432,28/07/2013,RN,304,MOSSORO,Defeito mecânico em veículo,Saída de Pista,Sem Vítimas        ,Pleno dia,Ceu Claro,Simples ,Rural ,Automóvel,Ileso       ,45.0,Masculino
83039575,28/07/2013,RN,304,MACAIBA,Não guardar distância de segurança,Colisão traseira,Sem Vítimas        ,Pleno dia,Sol,Simples ,Urbano,Automóvel,Ileso       ,33.0,Masculino
83039575,28/07/2013,RN,304,MACAIBA,Não guardar distância de segurança,Colisão traseira,Sem Vítimas        ,Pleno dia,Sol,Simples ,Urbano,Automóvel,Ileso       ,-1.0,Feminino
83039575,28/07/2013,RN,304,MACAIBA,Não guardar distância de segurança,Colisão traseira,Sem Vítimas        ,Pleno dia,Sol,Simples ,Urbano,Automóvel,Ileso       ,36.0,Masculino
83039575,28/07/2013,RN,304,MACAIBA,Não guardar distância de segurança,Colisão traseira,Sem Vítimas        ,Pleno dia,Sol,Simples ,Urbano,Automóvel,Ileso       ,-1.0,Masculino
83039575,28/07/2013,RN,304,MACAIBA,Não guardar distância de segurança,Colisão traseira,Sem Vítimas        ,Pleno dia,Sol,Simples ,Urbano,Automóvel,Ileso       ,42.0,Masculino
83039575,28/07/2013,RN,304,MACAIBA,Não guardar distância de segurança,Colisão traseira,Sem Vítimas        ,Pleno dia,Sol,Simples ,Urbano,Automóvel,Ileso       ,-1.0,Feminino
83039700,28/07/2013,RN,304,MOSSORO,Falta de atenção,Colisão Transversal,Com Vítimas Feridas,Plena noite,Ceu Claro,Simples ,Urbano,Motoneta,Ferido Leve ,19.0,Feminino
83039700,28/07/2013,RN,304,MOSSORO,Falta de atenção,Colisão Transversal,Com Vítimas Feridas,Plena noite,Ceu Claro,Simples ,Urbano,Motocicletas,Ferido Leve ,52.0,Masculino
83039728,28/07/2013,RN,304,MOSSORO,Outras,Queda de motocicleta / bicicleta / veículo,Com Vítimas Feridas,Plena noite,Ceu Claro,Dupla   ,Urbano,Motoneta,Ferido Grave,32.0,Masculino
83039745,28/07/2013,RN,304,MACAIBA,Falta de atenção,Colisão traseira,Sem Vítimas        ,Pleno dia,Ceu Claro,Simples ,Urbano,Automóvel,Ileso       ,32.0,Feminino
83039745,28/07/2013,RN,304,MACAIBA,Falta de atenção,Colisão traseira,Sem Vítimas        ,Pleno dia,Ceu Claro,Simples ,Urbano,Caminhão,Ileso       ,39.0,Masculino
83039761,28/07/2013,RN,427,ACARI,Outras,Colisão com bicicleta,Com Vítimas Feridas,Plena noite,Ceu Claro,Simples ,Rural ,Bicicleta,Ferido Leve ,34.0,Masculino
83039761,28/07/2013,RN,427,ACARI,Outras,Colisão com bicicleta,Com Vítimas Feridas,Plena noite,Ceu Claro,Simples ,Rural ,Não identificado,Ignorado    ,-1.0,Inválido
83039793,28/07/2013,RN,304,ANGICOS,Ingestão de álcool,Tombamento,Com Vítimas Feridas,Plena noite,Ceu Claro,Simples ,Rural ,Motocicletas,Ferido Grave,52.0,Masculino
83039794,28/07/2013,RN,226,NATAL,Falta de atenção,Colisão Transversal,Com Vítimas Feridas,Plena noite,Ceu Claro,Simples ,Urbano,Motocicletas,Ferido Leve ,32.0,Masculino
83039794,28/07/2013,RN,226,NATAL,Falta de atenção,Colisão Transversal,Com Vítimas Feridas,Plena noite,Ceu Claro,Simples ,Urbano,Automóvel,Ileso       ,56.0,Masculino
83039794,28/07/2013,RN,226,NATAL,Falta de atenção,Colisão Transversal,Com Vítimas Feridas,Plena noite,Ceu Claro,Simples ,Urbano,Motocicletas,Ferido Grave,-1.0,Feminino
83039824,24/07/2013,RN,406,SAO GONCALO DO AMARANTE,Ultrapassagem indevida,Colisão lateral,Com Vítimas Feridas,Plena noite,Ceu Claro,Simples ,Urbano,Motocicletas,Ferido Grave,22.0,Masculino
83039824,24/07/2013,RN,406,SAO GONCALO DO AMARANTE,Ultrapassagem indevida,Colisão lateral,Com Vítimas Feridas,Plena noite,Ceu Claro,Simples ,Urbano,Motocicletas,Ferido Grave,25.0,Masculino
83039824,24/07/2013,RN,406,SAO GONCALO DO AMARANTE,Ultrapassagem indevida,Colisão lateral,Com Vítimas Feridas,Plena noite,Ceu Claro,Simples ,Urbano,Automóvel,Ignorado    ,-1.0,Inválido
83039918,26/07/2013,RN,405,SAO FRANCISCO DO OESTE,Dormindo,Colisão frontal,Com Vítimas Fatais ,Plena noite,Ceu Claro,Simples ,Rural ,Automóvel,Morto       ,31.0,Masculino
83039918,26/07/2013,RN,405,SAO FRANCISCO DO OESTE,Dormindo,Colisão frontal,Com Vítimas Fatais ,Plena noite,Ceu Claro,Simples ,Rural ,Caminhão,Ferido Leve ,54.0,Masculino
83039918,26/07/2013,RN,405,SAO FRANCISCO DO OESTE,Dormindo,Colisão frontal,Com Vítimas Fatais ,Plena noite,Ceu Claro,Simples ,Rural ,Automóvel,Ferido Grave,20.0,Masculino
83039932,23/07/2013,RN,304,MOSSORO,Falta de atenção,Colisão lateral,Sem Vítimas        ,Pleno dia,Ceu Claro,Múltipla,Urbano,Automóvel,Ileso       ,35.0,Masculino
83039932,23/07/2013,RN,304,MOSSORO,Falta de atenção,Colisão lateral,Sem Vítimas        ,Pleno dia,Ceu Claro,Múltipla,Urbano,Motocicletas,Ileso       ,35.0,Masculino
83040015,29/07/2013,RN,101,PARNAMIRIM,Outras,Colisão lateral,Com Vítimas Feridas,Pleno dia,Nublado,Dupla   ,Urbano,Motocicletas,Ferido Leve ,20.0,Masculino
83040015,29/07/2013,RN,101,PARNAMIRIM,Outras,Colisão lateral,Com Vítimas Feridas,Pleno dia,Nublado,Dupla   ,Urbano,Motocicletas,Ferido Leve ,-1.0,Masculino
83040015,29/07/2013,RN,101,PARNAMIRIM,Outras,Colisão lateral,Com Vítimas Feridas,Pleno dia,Nublado,Dupla   ,Urbano,Automóvel,Ileso       ,26.0,Masculino
83040268,29/07/2013,RN,101,NATAL,Outras,Colisão frontal,Sem Vítimas        ,Pleno dia,Nublado,Dupla   ,Urbano,Motocicletas,Ileso       ,20.0,Masculino
83040268,29/07/2013,RN,101,NATAL,Outras,Colisão frontal,Sem Vítimas        ,Pleno dia,Nublado,Dupla   ,Urbano,Automóvel,Ileso       ,51.0,Masculino
83040299,29/07/2013,RN,101,NATAL,Falta de atenção,Colisão traseira,Sem Vítimas        ,Plena noite,Ceu Claro,Dupla   ,Urbano,Caminhonete,Ileso       ,30.0,Masculino
83040299,29/07/2013,RN,101,NATAL,Falta de atenção,Colisão traseira,Sem Vítimas        ,Plena noite,Ceu Claro,Dupla   ,Urbano,Motocicletas,Ileso       ,55.0,Masculino
83040299,29/07/2013,RN,101,NATAL,Falta de atenção,Colisão traseira,Sem Vítimas        ,Plena noite,Ceu Claro,Dupla   ,Urbano,Automóvel,Ileso       ,30.0,Feminino
83040300,28/07/2013,RN,304,ASSU,Outras,Colisão frontal,Ignorado           ,Plena noite,Ceu Claro,Simples ,Rural ,Automóvel,Ignorado    ,-1.0,Inválido
83040300,28/07/2013,RN,304,ASSU,Outras,Colisão frontal,Ignorado           ,Plena noite,Ceu Claro,Simples ,Rural ,Automóvel,Ignorado    ,-1.0,Inválido
83040381,29/07/2013,RN,226,CURRAIS NOVOS,Falta de atenção,Colisão lateral,Com Vítimas Feridas,Plena noite,Ceu Claro,Simples ,Urbano,Microônibus,Ileso       ,36.0,Masculino
83040381,29/07/2013,RN,226,CURRAIS NOVOS,Falta de atenção,Colisão lateral,Com Vítimas Feridas,Plena noite,Ceu Claro,Simples ,Urbano,Motoneta,Ferido Leve ,-1.0,Feminino
83040397,29/07/2013,RN,101,NATAL,Outras,Colisão Transversal,Sem Vítimas        ,Pleno dia,Sol,Múltipla,Urbano,Utilitário,Ileso       ,-1.0,Masculino
83040397,29/07/2013,RN,101,NATAL,Outras,Colisão Transversal,Sem Vítimas        ,Pleno dia,Sol,Múltipla,Urbano,Automóvel,Ileso       ,38.0,Feminino
83040499,30/07/2013,RN,101,NATAL,Não guardar distância de segurança,Colisão traseira,Com Vítimas Feridas,Pleno dia,Ceu Claro,Dupla   ,Urbano,Motocicletas,Ileso       ,31.0,Masculino
83040499,30/07/2013,RN,101,NATAL,Não guardar distância de segurança,Colisão traseira,Com Vítimas Feridas,Pleno dia,Ceu Claro,Dupla   ,Urbano,Motocicletas,Ferido Leve ,29.0,Feminino
83040499,30/07/2013,RN,101,NATAL,Não guardar distância de segurança,Colisão traseira,Com Vítimas Feridas,Pleno dia,Ceu Claro,Dupla   ,Urbano,Automóvel,Ileso       ,37.0,Masculino
83040524,27/07/2013,RN,427,CAICO,Falta de atenção,Colisão Transversal,Com Vítimas Feridas,Pleno dia,Ceu Claro,Simples ,Urbano,Motocicletas,Ferido Leve ,44.0,Masculino
83040524,27/07/2013,RN,427,CAICO,Falta de atenção,Colisão Transversal,Com Vítimas Feridas,Pleno dia,Ceu Claro,Simples ,Urbano,Ciclomotor,Ferido Leve ,26.0,Feminino
83040586,30/07/2013,RN,101,NATAL,Falta de atenção,Colisão traseira,Sem Vítimas        ,Pleno dia,Ceu Claro,Dupla   ,Urbano,Ônibus,Ileso       ,33.0,Masculino
83040586,30/07/2013,RN,101,NATAL,Falta de atenção,Colisão traseira,Sem Vítimas        ,Pleno dia,Ceu Claro,Dupla   ,Urbano,Motocicletas,Ileso       ,27.0,Masculino
83040605,26/07/2013,RN,101,PARNAMIRIM,Não guardar distância de segurança,Colisão traseira,Sem Vítimas        ,Plena noite,Nublado,Dupla   ,Urbano,Caminhonete,Ileso       ,44.0,Masculino
83040605,26/07/2013,RN,101,PARNAMIRIM,Não guardar distância de segurança,Colisão traseira,Sem Vítimas        ,Plena noite,Nublado,Dupla   ,Urbano,Automóvel,Ileso       ,53.0,Masculino
83040720,30/07/2013,RN,101,PARNAMIRIM,Falta de atenção,Colisão Transversal,Com Vítimas Feridas,Pleno dia,Sol,Dupla   ,Urbano,Motocicletas,Ferido Leve ,29.0,Masculino
83040720,30/07/2013,RN,101,PARNAMIRIM,Falta de atenção,Colisão Transversal,Com Vítimas Feridas,Pleno dia,Sol,Dupla   ,Urbano,Automóvel,Ileso       ,41.0,Feminino
83040811,30/07/2013,RN,101,ARES,Falta de atenção,Colisão traseira,Sem Vítimas        ,Pleno dia,Ceu Claro,Dupla   ,Rural ,Caminhão,Ileso       ,-1.0,Masculino
83040811,30/07/2013,RN,101,ARES,Falta de atenção,Colisão traseira,Sem Vítimas        ,Pleno dia,Ceu Claro,Dupla   ,Rural ,Caminhão,Ileso       ,-1.0,Masculino
83040861,30/07/2013,RN,101,PARNAMIRIM,Falta de atenção,Colisão lateral,Com Vítimas Feridas,Plena noite,Nublado,Dupla   ,Urbano,Motocicletas,Ferido Leve ,31.0,Masculino
83040861,30/07/2013,RN,101,PARNAMIRIM,Falta de atenção,Colisão lateral,Com Vítimas Feridas,Plena noite,Nublado,Dupla   ,Urbano,Automóvel,Ileso       ,21.0,Masculino
83040936,30/07/2013,RN,304,MOSSORO,Não guardar distância de segurança,Colisão traseira,Sem Vítimas        ,Pleno dia,Sol,Simples ,Urbano,Caminhão,Ileso       ,51.0,Masculino
83040936,30/07/2013,RN,304,MOSSORO,Não guardar distância de segurança,Colisão traseira,Sem Vítimas        ,Pleno dia,Sol,Simples ,Urbano,Automóvel,Ileso       ,26.0,Feminino
83040950,30/07/2013,RN,226,CURRAIS NOVOS,Não guardar distância de segurança,Colisão lateral,Sem Vítimas        ,Pleno dia,Ceu Claro,Dupla   ,Urbano,Caminhão-Trator,Ileso       ,41.0,Masculino
83040950,30/07/2013,RN,226,CURRAIS NOVOS,Não guardar distância de segurança,Colisão lateral,Sem Vítimas        ,Pleno dia,Ceu Claro,Dupla   ,Urbano,Caminhão,Ileso       ,34.0,Masculino
83041024,28/07/2013,RN,101,SAO JOSE DE MIPIBU,Outras,Colisão com objeto fixo,Com Vítimas Feridas,Plena noite,Ceu Claro,Dupla   ,Rural ,Motocicletas,Ferido Leve ,36.0,Masculino
83041024,28/07/2013,RN,101,SAO JOSE DE MIPIBU,Outras,Colisão com objeto fixo,Com Vítimas Feridas,Plena noite,Ceu Claro,Dupla   ,Rural ,Motocicletas,Ferido Leve ,-1.0,Masculino
83041098,31/07/2013,RN,304,MOSSORO,Desobediência à sinalização,Colisão lateral,Com Vítimas Feridas,Pleno dia,Ceu Claro,Simples ,Urbano,Ciclomotor,Ferido Leve ,68.0,Masculino
83041098,31/07/2013,RN,304,MOSSORO,Desobediência à sinalização,Colisão lateral,Com Vítimas Feridas,Pleno dia,Ceu Claro,Simples ,Urbano,Caminhão-Trator,Ileso       ,50.0,Masculino
83041149,23/07/2013,RN,101,GOIANINHA,Animais na Pista,Colisão com objeto fixo,Com Vítimas Feridas,Plena noite,Nublado,Dupla   ,Urbano,Automóvel,Ferido Leve ,49.0,Masculino
83041182,31/07/2013,RN,406,POCO BRANCO,Outras,Atropelamento de pessoa,Com Vítimas Fatais ,Pleno dia,Ceu Claro,Simples ,Rural ,(null),Morto       ,3.0,Masculino
83041182,31/07/2013,RN,406,POCO BRANCO,Outras,Atropelamento de pessoa,Com Vítimas Fatais ,Pleno dia,Ceu Claro,Simples ,Rural ,Automóvel,Ignorado    ,-1.0,Inválido
83041187,31/07/2013,RN,304,MOSSORO,Falta de atenção,Colisão traseira,Com Vítimas Feridas,Pleno dia,Sol,Dupla   ,Urbano,Camioneta,Ileso       ,29.0,Masculino
83041187,31/07/2013,RN,304,MOSSORO,Falta de atenção,Colisão traseira,Com Vítimas Feridas,Pleno dia,Sol,Dupla   ,Urbano,Motocicletas,Ferido Leve ,22.0,Masculino
83041187,31/07/2013,RN,304,MOSSORO,Falta de atenção,Colisão traseira,Com Vítimas Feridas,Pleno dia,Sol,Dupla   ,Urbano,Motocicletas,Ileso       ,18.0,Masculino
83041205,31/07/2013,RN,304,ASSU,Falta de atenção,Colisão Transversal,Com Vítimas Feridas,Pleno dia,Ceu Claro,Simples ,Urbano,Motocicletas,Ferido Leve ,50.0,Masculino
83041205,31/07/2013,RN,304,ASSU,Falta de atenção,Colisão Transversal,Com Vítimas Feridas,Pleno dia,Ceu Claro,Simples ,Urbano,Automóvel,Ileso       ,28.0,Masculino
83041250,31/07/2013,RN,101,NATAL,Falta de atenção,Colisão lateral,Sem Vítimas        ,Pleno dia,Ceu Claro,Dupla   ,Urbano,Automóvel,Ileso       ,34.0,Masculino
83041250,31/07/2013,RN,101,NATAL,Falta de atenção,Colisão lateral,Sem Vítimas        ,Pleno dia,Ceu Claro,Dupla   ,Urbano,Caminhão,Ileso       ,47.0,Masculino
83041252,31/07/2013,RN,101,NATAL,Falta de atenção,Colisão traseira,Sem Vítimas        ,Pleno dia,Sol,Múltipla,Urbano,Automóvel,Ileso       ,48.0,Masculino
83041252,31/07/2013,RN,101,NATAL,Falta de atenção,Colisão traseira,Sem Vítimas        ,Pleno dia,Sol,Múltipla,Urbano,Automóvel,Ileso       ,35.0,Masculino
83041252,31/07/2013,RN,101,NATAL,Falta de atenção,Colisão traseira,Sem Vítimas        ,Pleno dia,Sol,Múltipla,Urbano,Automóvel,Ileso       ,27.0,Masculino
83041304,31/07/2013,RN,101,NATAL,Não guardar distância de segurança,Colisão traseira,Sem Vítimas        ,Pleno dia,Sol,Múltipla,Urbano,Automóvel,Ileso       ,67.0,Feminino
83041304,31/07/2013,RN,101,NATAL,Não guardar distância de segurança,Colisão traseira,Sem Vítimas        ,Pleno dia,Sol,Múltipla,Urbano,Caminhonete,Ignorado    ,-1.0,Masculino
83041313,31/07/2013,RN,226,NATAL,Outras,Colisão lateral,Com Vítimas Feridas,Pleno dia,Ceu Claro,Simples ,Urbano,Ciclomotor,Ferido Leve ,18.0,Masculino