id,data_inversa,uf,br,municipio,causa_acidente,tipo_acidente,classificacao_acidente,fase_dia,condicao_metereologica,tipo_pista,uso_solo,tipo_veiculo,estado_fisico,idade,sexo
83047149,12/08/2013,RN,304,MACAIBA,Não guardar distância de segurança,Colisão traseira,Sem Vítimas        ,Pleno dia,Sol,Simples ,Urbano,Automóvel,Ileso       ,52.0,Masculino
83047149,12/08/2013,RN,304,MACAIBA,Não guardar distância de segurança,Colisão traseira,Sem Vítimas        ,Pleno dia,Sol,Simples ,Urbano,Automóvel,Ignorado    ,-1.0,Inválido
83047165,12/08/2013,RN,101,NATAL,Não guardar distância de segurança,Colisão traseira,Sem Vítimas        ,Pleno dia,Ceu Claro,Dupla   ,Urbano,Automóvel,Ileso       ,30.0,Feminino
83047165,12/08/2013,RN,101,NATAL,Não guardar distância de segurança,Colisão traseira,Sem Vítimas        ,Pleno dia,Ceu Claro,Dupla   ,Urbano,Ônibus,Ileso       ,36.0,Masculino
83047184,12/08/2013,RN,101,PARNAMIRIM,Falta de atenção,Colisão traseira,Sem Vítimas        ,Pleno dia,Ceu Claro,Dupla   ,Urbano,Automóvel,Ignorado    ,-1.0,Inválido
83047184,12/08/2013,RN,101,PARNAMIRIM,Falta de atenção,Colisão traseira,Sem Vítimas        ,Pleno dia,Ceu Claro,Dupla   ,Urbano,Automóvel,Ileso       ,52.0,Masculino
83047184,12/08/2013,RN,101,PARNAMIRIM,Falta de atenção,Colisão traseira,Sem Vítimas        ,Pleno dia,Ceu Claro,Dupla   ,Urbano,Automóvel,Ileso       ,31.0,Feminino
83047261,12/08/2013,RN,101,PARNAMIRIM,Falta de atenção,Colisão lateral,Sem Vítimas        ,Pleno dia,Ceu Claro,Dupla   ,Urbano,Ônibus,Ileso       ,39.0,Masculino
83047261,12/08/2013,RN,101,PARNAMIRIM,Falta de atenção,Colisão lateral,Sem Vítimas        ,Pleno dia,Ceu Claro,Dupla   ,Urbano,Automóvel,Ileso       ,-1.0,Masculino
83047338,10/08/2013,RN,304,MACAIBA,Defeito mecânico em veículo,Capotamento,Com Vítimas Feridas,Pleno dia,Ceu Claro,Simples ,Rural ,Automóvel,Ferido Leve ,26.0,Masculino
83047338,10/08/2013,RN,304,MACAIBA,Defeito mecânico em veículo,Capotamento,Com Vítimas Feridas,Pleno dia,Ceu Claro,Simples ,Rural ,Automóvel,Ferido Grave,26.0,Masculino
83047340,12/08/2013,RN,427,CURRAIS NOVOS,Ingestão de álcool,Colisão com objeto móvel,Com Vítimas Feridas,Plena noite,Ceu Claro,Simples ,Urbano,Caminhonete,Ileso       ,33.0,Masculino
83047340,12/08/2013,RN,427,CURRAIS NOVOS,Ingestão de álcool,Colisão com objeto móvel,Com Vítimas Feridas,Plena noite,Ceu Claro,Simples ,Urbano,Automóvel,Ferido Leve ,27.0,Masculino
83047358,09/08/2013,RN,101,SAO GONCALO DO AMARANTE,Outras,Colisão lateral,Sem Vítimas        ,Pleno dia,Ceu Claro,Dupla   ,Urbano,Motocicletas,Ileso       ,-1.0,Masculino
83047358,09/08/2013,RN,101,SAO GONCALO DO AMARANTE,Outras,Colisão lateral,Sem Vítimas        ,Pleno dia,Ceu Claro,Dupla   ,Urbano,Caminhonete,Ileso       ,27.0,Masculino
83047397,13/08/2013,RN,101,SAO JOSE DE MIPIBU,Outras,Colisão com objeto fixo,Sem Vítimas        ,Pleno dia,Chuva,Dupla   ,Rural ,Caminhonete,Ileso       ,42.0,Masculino
83047409,08/08/2013,RN,304,ASSU,Defeito mecânico em veículo,Saída de Pista,Sem Vítimas        ,Pleno dia,Ceu Claro,Dupla   ,Rural ,Caminhonete,Ileso       ,39.0,Masculino
83047422,13/08/2013,RN,101,NATAL,Falta de atenção,Colisão traseira,Sem Vítimas        ,Pleno dia,Nublado,Dupla   ,Urbano,Automóvel,Ileso       ,38.0,Masculino
83047422,13/08/2013,RN,101,NATAL,Falta de atenção,Colisão traseira,Sem Vítimas        ,Pleno dia,Nublado,Dupla   ,Urbano,Utilitário,Ileso       ,39.0,Masculino
83047434,13/08/2013,RN,101,NATAL,Falta de atenção,Colisão traseira,Sem Vítimas        ,Pleno dia,Ceu Claro,Dupla   ,Urbano,Caminhonete,Ileso       ,49.0,Masculino
83047434,13/08/2013,RN,101,NATAL,Falta de atenção,Colisão traseira,Sem Vítimas        ,Pleno dia,Ceu Claro,Dupla   ,Urbano,Automóvel,Ileso       ,71.0,Masculino
83047443,13/08/2013,RN,304,MOSSORO,Outras,Queda de motocicleta / bicicleta / veículo,Com Vítimas Feridas,Pleno dia,Ceu Claro,Dupla   ,Urbano,Ciclomotor,Ferido Grave,53.0,Masculino
83047495,09/08/2013,RN,101,PARNAMIRIM,Falta de atenção,Colisão Transversal,Sem Vítimas        ,Pleno dia,Chuva,Dupla   ,Urbano,Motocicletas,Ileso       ,56.0,Masculino
83047495,09/08/2013,RN,101,PARNAMIRIM,Falta de atenção,Colisão Transversal,Sem Vítimas        ,Pleno dia,Chuva,Dupla   ,Urbano,Automóvel,Ignorado    ,-1.0,Masculino
83047621,13/08/2013,RN,406,JOAO CAMARA,Defeito mecânico em veículo,Colisão com objeto móvel,Sem Vítimas        ,Pleno dia,Ceu Claro,Simples ,Rural ,Automóvel,Ileso       ,37.0,Masculino
83047621,13/08/2013,RN,406,JOAO CAMARA,Defeito mecânico em veículo,Colisão com objeto móvel,Sem Vítimas        ,Pleno dia,Ceu Claro,Simples ,Rural ,Caminhão-Trator,Ileso       ,54.0,Masculino
83047621,13/08/2013,RN,406,JOAO CAMARA,Defeito mecânico em veículo,Colisão com objeto móvel,Sem Vítimas        ,Pleno dia,Ceu Claro,Simples ,Rural ,Automóvel,Ileso       ,31.0,Feminino
83047678,10/08/2013,RN,427,SERRA NEGRA DO NORTE,Outras,Colisão Transversal,Com Vítimas Feridas,Pleno dia,Ceu Claro,Simples ,Urbano,Automóvel,Ileso       ,53.0,Masculino
83047678,10/08/2013,RN,427,SERRA NEGRA DO NORTE,Outras,Colisão Transversal,Com Vítimas Feridas,Pleno dia,Ceu Claro,Simples ,Urbano,Motocicletas,Ferido Grave,74.0,Masculino
83047713,13/08/2013,RN,226,SANTA CRUZ,Animais na Pista,Atropelamento de animal,Com Vítimas Feridas,Anoitecer,Ceu Claro,Simples ,Urbano,Motocicletas,Ferido Leve ,20.0,Masculino
83047716,09/08/2013,RN,304,ASSU,Não guardar distância de segurança,Colisão traseira,Sem Vítimas        ,Plena noite,Ceu Claro,Simples ,Rural ,Caminhão,Ileso       ,47.0,Masculino
83047716,09/08/2013,RN,304,ASSU,Não guardar distância de segurança,Colisão traseira,Sem Vítimas        ,Plena noite,Ceu Claro,Simples ,Rural ,Caminhão-Trator,Ileso       ,41.0,Masculino
83047742,12/08/2013,RN,427,JARDIM DO SERIDO,Falta de atenção,Capotamento,Sem Vítimas        ,Plena noite,Ceu Claro,Simples ,Rural ,Automóvel,Ileso       ,25.0,Masculino
83047758,13/08/2013,RN,101,NATAL,Outras,Colisão traseira,Sem Vítimas        ,Pleno dia,Nublado,Múltipla,Urbano,Automóvel,Ileso       ,32.0,Feminino
83047758,13/08/2013,RN,101,NATAL,Outras,Colisão traseira,Sem Vítimas        ,Pleno dia,Nublado,Múltipla,Urbano,Automóvel,Ileso       ,26.0,Masculino
83047804,13/08/2013,RN,101,NATAL,Não guardar distância de segurança,Colisão traseira,Sem Vítimas        ,Plena noite,Ceu Claro,Dupla   ,Urbano,Automóvel,Ileso       ,37.0,Masculino
83047804,13/08/2013,RN,101,NATAL,Não guardar distância de segurança,Colisão traseira,Sem Vítimas        ,Plena noite,Ceu Claro,Dupla   ,Urbano,Caminhão,Ileso       ,36.0,Masculino
83047842,13/08/2013,RN,110,MOSSORO,Não guardar distância de segurança,Colisão traseira,Sem Vítimas        ,Plena noite,Ceu Claro,Dupla   ,Urbano,Automóvel,Ileso       ,36.0,Masculino
83047842,13/08/2013,RN,110,MOSSORO,Não guardar distância de segurança,Colisão traseira,Sem Vítimas        ,Plena noite,Ceu Claro,Dupla   ,Urbano,Automóvel,Ileso       ,45.0,Masculino
83047890,08/08/2013,RN,101,NATAL,Falta de atenção,Colisão Transversal,Sem Vítimas        ,Pleno dia,Ceu Claro,Dupla   ,Urbano,Automóvel,Ileso       ,59.0,Masculino
83047890,08/08/2013,RN,101,NATAL,Falta de atenção,Colisão Transversal,Sem Vítimas        ,Pleno dia,Ceu Claro,Dupla   ,Urbano,Automóvel,Ileso       ,22.0,Masculino
83047892,08/08/2013,RN,101,NATAL,Outras,Colisão lateral,Sem Vítimas        ,Pleno dia,Ceu Claro,Dupla   ,Urbano,Automóvel,Ileso       ,27.0,Masculino
83047892,08/08/2013,RN,101,NATAL,Outras,Colisão lateral,Sem Vítimas        ,Pleno dia,Ceu Claro,Dupla   ,Urbano,Automóvel,Ileso       ,37.0,Masculino
83047961,12/08/2013,RN,406,TAIPU,Outras,Colisão lateral,Sem Vítimas        ,Pleno dia,Sol,Simples ,Rural ,Automóvel,Ileso       ,22.0,Masculino
83047961,12/08/2013,RN,406,TAIPU,Outras,Colisão lateral,Sem Vítimas        ,Pleno dia,Sol,Simples ,Rural ,Automóvel,Ileso       ,59.0,Masculino
83047976,14/08/2013,RN,101,NATAL,Falta de atenção,Colisão lateral,Sem Vítimas        ,Pleno dia,Nublado,Múltipla,Urbano,Automóvel,Ileso       ,22.0,Feminino
83047976,14/08/2013,RN,101,NATAL,Falta de atenção,Colisão lateral,Sem Vítimas        ,Pleno dia,Nublado,Múltipla,Urbano,Ônibus,Ileso       ,41.0,Masculino
83048043,12/08/2013,RN,101,NATAL,Falta de atenção,Colisão lateral,Sem Vítimas        ,Plena noite,Ignorada,Múltipla,Urbano,Automóvel,Ileso       ,35.0,Masculino
83048043,12/08/2013,RN,101,NATAL,Falta de atenção,Colisão lateral,Sem Vítimas        ,Plena noite,Ignorada,Múltipla,Urbano,Automóvel,Ileso       ,37.0,Feminino
83048115,10/08/2013,RN,101,NATAL,Falta de atenção,Colisão lateral,Sem Vítimas        ,Pleno dia,Sol,Múltipla,Urbano,Automóvel,Ileso       ,33.0,Masculino
83048115,10/08/2013,RN,101,NATAL,Falta de atenção,Colisão lateral,Sem Vítimas        ,Pleno dia,Sol,Múltipla,Urbano,Ônibus,Ileso       ,-1.0,Masculino
83048307,14/08/2013,RN,101,PARNAMIRIM,Não guardar distância de segurança,Colisão lateral,Com Vítimas Feridas,Plena noite,Ceu Claro,Múltipla,Urbano,Automóvel,Ileso       ,24.0,Masculino
83048307,14/08/2013,RN,101,PARNAMIRIM,Não guardar distância de segurança,Colisão lateral,Com Vítimas Feridas,Plena noite,Ceu Claro,Múltipla,Urbano,Ciclomotor,Ferido Leve ,46.0,Masculino
83048438,14/08/2013,RN,304,MOSSORO,Falta de atenção,Colisão Transversal,Sem Vítimas        ,Pleno dia,Ceu Claro,Simples ,Urbano,Motocicletas,Ileso       ,25.0,Masculino
83048438,14/08/2013,RN,304,MOSSORO,Falta de atenção,Colisão Transversal,Sem Vítimas        ,Pleno dia,Ceu Claro,Simples ,Urbano,Automóvel,Ileso       ,-1.0,Inválido
83048510,14/08/2013,RN,110,MOSSORO,Falta de atenção,Colisão com bicicleta,Com Vítimas Feridas,Pleno dia,Ceu Claro,Simples ,Urbano,Caminhonete,Ileso       ,62.0,Masculino
83048510,14/08/2013,RN,110,MOSSORO,Falta de atenção,Colisão com bicicleta,Com Vítimas Feridas,Pleno dia,Ceu Claro,Simples ,Urbano,Bicicleta,Ferido Grave,18.0,Masculino
83048600,11/08/2013,RN,101,PARNAMIRIM,Falta de atenção,Colisão lateral,Sem Vítimas        ,Plena noite,Ceu Claro,Dupla   ,Urbano,Automóvel,Ileso       ,-1.0,Masculino
83048600,11/08/2013,RN,101,PARNAMIRIM,Falta de atenção,Colisão lateral,Sem Vítimas        ,Plena noite,Ceu Claro,Dupla   ,Urbano,Automóvel,Ileso       ,-1.0,Masculino
83048620,12/08/2013,RN,101,NATAL,Falta de atenção,Colisão traseira,Com Vítimas Feridas,Pleno dia,Sol,Dupla   ,Urbano,Motocicletas,Ileso       ,30.0,Masculino
83048620,12/08/2013,RN,101,NATAL,Falta de atenção,Colisão traseira,Com Vítimas Feridas,Pleno dia,Sol,Dupla   ,Urbano,Motocicletas,Ferido Leve ,29.0,Feminino
83048620,12/08/2013,RN,101,NATAL,Falta de atenção,Colisão traseira,Com Vítimas Feridas,Pleno dia,Sol,Dupla   ,Urbano,Camioneta,Ileso       ,78.0,Feminino
83048766,15/08/2013,RN,427,CAICO,Outras,Capotamento,Com Vítimas Fatais ,Pleno dia,Ceu Claro,Simples ,Rural ,Automóvel,Morto       ,73.0,Masculino
83048770,15/08/2013,RN,304,MOSSORO,Falta de atenção,Colisão traseira,Com Vítimas Feridas,Pleno dia,Sol,Dupla   ,Urbano,Ciclomotor,Ferido Leve ,39.0,Masculino
83048770,15/08/2013,RN,304,MOSSORO,Falta de atenção,Colisão traseira,Com Vítimas Feridas,Pleno dia,Sol,Dupla   ,Urbano,Ciclomotor,Ferido Leve ,51.0,Masculino
83048784,15/08/2013,RN,226,CURRAIS NOVOS,Falta de atenção,Colisão frontal,Com Vítimas Feridas,Pleno dia,Ceu Claro,Simples ,Urbano,Automóvel,Ferido Leve ,74.0,Masculino
83048784,15/08/2013,RN,226,CURRAIS NOVOS,Falta de atenção,Colisão frontal,Com Vítimas Feridas,Pleno dia,Ceu Claro,Simples ,Urbano,Automóvel,Ferido Leve ,41.0,Masculino
83048784,15/08/2013,RN,226,CURRAIS NOVOS,Falta de atenção,Colisão frontal,Com Vítimas Feridas,Pleno dia,Ceu Claro,Simples ,Urbano,Automóvel,Ferido Grave,27.0,Feminino
83048784,15/08/2013,RN,226,CURRAIS NOVOS,Falta de atenção,Colisão frontal,Com Vítimas Feridas,Pleno dia,Ceu Claro,Simples ,Urbano,Automóvel,Ferido Leve ,27.0,Feminino
83048855,15/08/2013,RN,101,NATAL,Falta de atenção,Colisão traseira,Sem Vítimas        ,Pleno dia,Ceu Claro,Múltipla,Urbano,Automóvel,Ileso       ,26.0,Masculino
83048855,15/08/2013,RN,101,NATAL,Falta de atenção,Colisão traseira,Sem Vítimas        ,Pleno dia,Ceu Claro,Múltipla,Urbano,Automóvel,Ileso       ,46.0,Masculino
83048867,12/08/2013,RN,304,MOSSORO,Falta de atenção,Colisão traseira,Sem Vítimas        ,Anoitecer,Ceu Claro,Dupla   ,Urbano,Automóvel,Ileso       ,21.0,Feminino
83048867,12/08/2013,RN,304,MOSSORO,Falta de atenção,Colisão traseira,Sem Vítimas        ,Anoitecer,Ceu Claro,Dupla   ,Urbano,Caminhão-Trator,Ileso       ,40.0,Masculino
83048890,15/08/2013,RN,406,CEARA-MIRIM,Outras,Colisão frontal,Com Vítimas Feridas,Plena noite,Ceu Claro,Simples ,Urbano,Motocicletas,Ferido Leve ,42.0,Masculino
83048890,15/08/2013,RN,406,CEARA-MIRIM,Outras,Colisão frontal,Com Vítimas Feridas,Plena noite,Ceu Claro,Simples ,Urbano,Motocicletas,Ferido Grave,-1.0,Feminino
83048890,15/08/2013,RN,406,CEARA-MIRIM,Outras,Colisão frontal,Com Vítimas Feridas,Plena noite,Ceu Claro,Simples ,Urbano,Automóvel,Ileso       ,-1.0,Masculino
83048954,15/08/2013,RN,304,ANGICOS,Defeito mecânico em veículo,Incêndio,Sem Vítimas        ,Pleno dia,Sol,Simples ,Rural ,Ônibus,Ileso       ,30.0,Masculino
83048957,15/08/2013,RN,226,NATAL,Outras,Colisão traseira,Sem Vítimas        ,Anoitecer,Ceu Claro,Simples ,Urbano,Automóvel,Ignorado    ,-1.0,Inválido
83048957,15/08/2013,RN,226,NATAL,Outras,Colisão traseira,Sem Vítimas        ,Anoitecer,Ceu Claro,Simples ,Urbano,Caminhonete,Ileso       ,25.0,Masculino
83048957,15/08/2013,RN,226,NATAL,Outras,Colisão traseira,Sem Vítimas        ,Anoitecer,Ceu Claro,Simples ,Urbano,Automóvel,Ileso       ,39.0,Masculino
83048957,15/08/2013,RN,226,NATAL,Outras,Colisão traseira,Sem Vítimas        ,Anoitecer,Ceu Claro,Simples ,Urbano,Automóvel,Ileso       ,-1.0,Feminino
83048976,16/08/2013,RN,226,CURRAIS NOVOS,Ingestão de álcool,Colisão Transversal,Com Vítimas Feridas,Plena noite,Ceu Claro,Dupla   ,Urbano,Motocicletas,Ferido Grave,21.0,Masculino
83048976,16/08/2013,RN,226,CURRAIS NOVOS,Ingestão de álcool,Colisão Transversal,Com Vítimas Feridas,Plena noite,Ceu Claro,Dupla   ,Urbano,Automóvel,Ileso       ,-1.0,Feminino
83048976,16/08/2013,RN,226,CURRAIS NOVOS,Ingestão de álcool,Colisão Transversal,Com Vítimas Feridas,Plena noite,Ceu Claro,Dupla   ,Urbano,Automóvel,Ileso       ,33.0,Masculino
83049122,12/08/2013,RN,406,JOAO CAMARA,Falta de atenção,Colisão Transversal,Com Vítimas Feridas,Pleno dia,Ceu Claro,Simples ,Urbano,Automóvel,Ileso       ,24.0,Masculino
83049122,12/08/2013,RN,406,JOAO CAMARA,Falta de atenção,Colisão Transversal,Com Vítimas Feridas,Pleno dia,Ceu Claro,Simples ,Urbano,Motocicletas,Ferido Leve ,20.0,Masculino
83049166,16/08/2013,RN,101,SAO JOSE DE MIPIBU,Falta de atenção,Colisão lateral,Sem Vítimas        ,Pleno dia,Ceu Claro,Dupla   ,Urbano,Caminhonete,Ileso       ,71.0,Masculino
83049166,16/08/2013,RN,101,SAO JOSE DE MIPIBU,Falta de atenção,Colisão lateral,Sem Vítimas        ,Pleno dia,Ceu Claro,Dupla   ,Urbano,Caminhão,Ileso       ,60.0,Masculino
83049256,14/08/2013,RN,304,SANTA MARIA,Falta de atenção,Atropelamento de pessoa,Com Vítimas Fatais ,Pleno dia,Ceu Claro,Simples ,Urbano,Automóvel,Ileso       ,27.0,Masculino
83049256,14/08/2013,RN,304,SANTA MARIA,Falta de atenção,Atropelamento de pessoa,Com Vítimas Fatais ,Pleno dia,Ceu Claro,Simples ,Urbano,(null),Morto       ,-1.0,Masculino
83049410,16/08/2013,RN,406,CEARA-MIRIM,Não guardar distância de segurança,Colisão traseira,Sem Vítimas        ,Plena noite,Ceu Claro,Simples ,Urbano,Automóvel,Ileso       ,47.0,Masculino
83049410,16/08/2013,RN,406,CEARA-MIRIM,Não guardar distância de segurança,Colisão traseira,Sem Vítimas        ,Plena noite,Ceu Claro,Simples ,Urbano,Automóvel,Ileso       ,50.0,Masculino
83049415,15/08/2013,RN,304,MOSSORO,Falta de atenção,Colisão traseira,Sem Vítimas        ,Anoitecer,Ceu Claro,Simples ,Urbano,Automóvel,Ileso       ,27.0,Masculino
83049415,15/08/2013,RN,304,MOSSORO,Falta de atenção,Colisão traseira,Sem Vítimas        ,Anoitecer,Ceu Claro,Simples ,Urbano,Automóvel,Ileso       ,36.0,Masculino
83049429,16/08/2013,RN,304,ANGICOS,Outras,Atropelamento de animal,Sem Vítimas        ,Anoitecer,Ceu Claro,Simples ,Rural ,Automóvel,Ileso       ,38.0,Masculino
83049456,16/08/2013,RN,101,PARNAMIRIM,Falta de atenção,Colisão lateral,Sem Vítimas        ,Plena noite,Ceu Claro,Dupla   ,Urbano,Caminhão-Trator,Ileso       ,41.0,Masculino
83049456,16/08/2013,RN,101,PARNAMIRIM,Falta de atenção,Colisão lateral,Sem Vítimas        ,Plena noite,Ceu Claro,Dupla   ,Urbano,Automóvel,Ileso       ,31.0,Masculino
83049497,16/08/2013,RN,304,MOSSORO,Falta de atenção,Queda de motocicleta / bicicleta / veículo,Com Vítimas Feridas,Plena noite,Ceu Claro,Dupla   ,Urbano,Ciclomotor,Ferido Leve ,65.0,Masculino
83049498,16/08/2013,RN,101,SAO GONCALO DO AMARANTE,Não guardar distância de segurança,Colisão traseira,Com Vítimas Feridas,Plena noite,Vento,Dupla   ,Urbano,Automóvel,Ileso       ,38.0,Masculino
83049498,16/08/2013,RN,101,SAO GONCALO DO AMARANTE,Não guardar distância de segurança,Colisão traseira,Com Vítimas Feridas,Plena noite,Vento,Dupla   ,Urbano,Motocicletas,Ferido Leve ,28.0,Feminino
83049498,16/08/2013,RN,101,SAO GONCALO DO AMARANTE,Não guardar distância de segurança,Colisão traseira,Com Vítimas Feridas,Plena noite,Vento,Dupla   ,Urbano,Motocicletas,Ileso       ,24.0,Masculino
83049498,16/08/2013,RN,101,SAO GONCALO DO AMARANTE,Não guardar distância de segurança,Colisão traseira,Com Vítimas Feridas,Plena noite,Vento,Dupla   ,Urbano,Motocicletas,Ileso       ,32.0,Masculino
83049576,16/08/2013,RN,101,PARNAMIRIM,Falta de atenção,Colisão traseira,Sem Vítimas        ,Pleno dia,Ceu Claro,Dupla   ,Urbano,Automóvel,Ileso       ,44.0,Masculino
83049576,16/08/2013,RN,101,PARNAMIRIM,Falta de atenção,Colisão traseira,Sem Vítimas        ,Pleno dia,Ceu Claro,Dupla   ,Urbano,Motocicletas,Ileso       ,35.0,Masculino
83049582,16/08/2013,RN,101,NATAL,Falta de atenção,Colisão traseira,Sem Vítimas        ,Pleno dia,Ceu Claro,Dupla   ,Urbano,Automóvel,Ileso       ,-1.0,Masculino
83049582,16/08/2013,RN,101,NATAL,Falta de atenção,Colisão traseira,Sem Vítimas        ,Pleno dia,Ceu Claro,Dupla   ,Urbano,Automóvel,Ileso       ,-1.0,Masculino
83049613,16/08/2013,RN,101,SAO JOSE DE MIPIBU,Falta de atenção,Colisão lateral,Sem Vítimas        ,Pleno dia,Sol,Dupla   ,Rural ,Automóvel,Ileso       ,19.0,Masculino
83049613,16/08/2013,RN,101,SAO JOSE DE MIPIBU,Falta de atenção,Colisão lateral,Sem Vítimas        ,Pleno dia,Sol,Dupla   ,Rural ,Automóvel,Ileso       ,62.0,Masculino
83049669,13/08/2013,RN,101,PARNAMIRIM,Falta de atenção,Atropelamento de pessoa,Sem Vítimas        ,Plena noite,Ceu Claro,Dupla   ,Urbano,Utilitário,Ileso       ,51.0,Masculino
83049669,13/08/2013,RN,101,PARNAMIRIM,Falta de atenção,Atropelamento de pessoa,Sem Vítimas        ,Plena noite,Ceu Claro,Dupla   ,Urbano,(null),Ileso       ,23.0,Masculino
83049789,15/08/2013,RN,101,NATAL,Não guardar distância de segurança,Colisão lateral,Sem Vítimas        ,Plena noite,Ceu Claro,Dupla   ,Urbano,Ônibus,Ileso       ,44.0,Masculino
83049789,15/08/2013,RN,101,NATAL,Não guardar distância de segurança,Colisão lateral,Sem Vítimas        ,Plena noite,Ceu Claro,Dupla   ,Urbano,Automóvel,Ileso       ,21.0,Feminino
83049806,17/08/2013,RN,406,SAO GONCALO DO AMARANTE,Falta de atenção,Colisão traseira,Sem Vítimas        ,Pleno dia,Ceu Claro,Simples ,Rural ,Automóvel,Ileso       ,39.0,Masculino
83049806,17/08/2013,RN,406,SAO GONCALO DO AMARANTE,Falta de atenção,Colisão traseira,Sem Vítimas        ,Pleno dia,Ceu Claro,Simples ,Rural ,Automóvel,Ileso       ,48.0,Masculino
83049811,17/08/2013,RN,304,MOSSORO,Velocidade incompatível,Colisão com objeto fixo,Com Vítimas Feridas,Plena noite,Ceu Claro,Dupla   ,Urbano,Automóvel,Ferido Grave,-1.0,Masculino
83049848,14/08/2013,RN,304,MOSSORO,Animais na Pista,Atropelamento de animal,Com Vítimas Feridas,Plena noite,Ceu Claro,Dupla   ,Urbano,Automóvel,Ileso       ,27.0,Masculino
83049848,14/08/2013,RN,304,MOSSORO,Animais na Pista,Atropelamento de animal,Com Vítimas Feridas,Plena noite,Ceu Claro,Dupla   ,Urbano,Automóvel,Ferido Leve ,32.0,Feminino
83049890,17/08/2013,RN,304,LAJES,Dormindo,Colisão frontal,Sem Vítimas        ,Pleno dia,Ceu Claro,Simples ,Urbano,Caminhonete,Ileso       ,28.0,Masculino
83049890,17/08/2013,RN,304,LAJES,Dormindo,Colisão frontal,Sem Vítimas        ,Pleno dia,Ceu Claro,Simples ,Urbano,Caminhão,Ileso       ,47.0,Masculino
83049994,14/08/2013,RN,110,MOSSORO,Falta de atenção,Colisão lateral,Sem Vítimas        ,Plena noite,Ceu Claro,Simples ,Urbano,Automóvel,Ileso       ,23.0,Masculino
83049994,14/08/2013,RN,110,MOSSORO,Falta de atenção,Colisão lateral,Sem Vítimas        ,Plena noite,Ceu Claro,Simples ,Urbano,Caminhonete,Ileso       ,40.0,Masculino
83049995,09/08/2013,RN,406,JOAO CAMARA,Outras,Tombamento,Sem Vítimas        ,Pleno dia,Ceu Claro,Simples ,Urbano,Caminhão,Ileso       ,54.0,Masculino
83050055,17/08/2013,RN,304,MOSSORO,Outras,Saída de Pista,Ignorado           ,Plena noite,Ceu Claro,Dupla   ,Urbano,Automóvel,Ignorado    ,-1.0,Inválido
83050058,13/08/2013,RN,101,NATAL,Não guardar distância de segurança,Colisão lateral,Sem Vítimas        ,Anoitecer,Ceu Claro,Dupla   ,Urbano,Automóvel,Ileso       ,24.0,Feminino
83050058,13/08/2013,RN,101,NATAL,Não guardar distância de segurança,Colisão lateral,Sem Vítimas        ,Anoitecer,Ceu Claro,Dupla   ,Urbano,Caminhão,Ileso       ,54.0,Masculino
83050089,18/08/2013,RN,304,MOSSORO,Falta de atenção,Colisão com objeto fixo,Com Vítimas Feridas,Plena noite,Ceu Claro,Dupla   ,Urbano,Motocicletas,Ferido Leve ,33.0,Masculino
83050124,17/08/2013,RN,427,CAICO,Ingestão de álcool,Colisão frontal,Com Vítimas Feridas,Plena noite,Ceu Claro,Simples ,Urbano,Motocicletas,Ferido Grave,41.0,Masculino
83050124,17/08/2013,RN,427,CAICO,Ingestão de álcool,Colisão frontal,Com Vítimas Feridas,Plena noite,Ceu Claro,Simples ,Urbano,Automóvel,Ileso       ,39.0,Masculino
83050126,18/08/2013,RN,101,NATAL,Outras,Colisão Transversal,Com Vítimas Feridas,Plena noite,Nublado,Dupla   ,Urbano,Motocicletas,Ferido Grave,36.0,Masculino
83050126,18/08/2013,RN,101,NATAL,Outras,Colisão Transversal,Com Vítimas Feridas,Plena noite,Nublado,Dupla   ,Urbano,Automóvel,Ileso       ,41.0,Masculino
83050158,18/08/2013,RN,101,GOIANINHA,Outras,Saída de Pista,Com Vítimas Feridas,Plena noite,Chuva,Dupla   ,Urbano,Automóvel,Ferido Grave,49.0,Masculino
83050158,18/08/2013,RN,101,GOIANINHA,Outras,Saída de Pista,Com Vítimas Feridas,Plena noite,Chuva,Dupla   ,Urbano,Automóvel,Ferido Grave,-1.0,Masculino
83050369,18/08/2013,RN,226,NATAL,Outras,Colisão frontal,Com Vítimas Fatais ,Pleno dia,Ceu Claro,Simples ,Urbano,Motocicletas,Morto       ,49.0,Masculino
83050369,18/08/2013,RN,226,NATAL,Outras,Colisão frontal,Com Vítimas Fatais ,Pleno dia,Ceu Claro,Simples ,Urbano,Ônibus,Ileso       ,53.0,Masculino
83050439,18/08/2013,RN,101,SAO GONCALO DO AMARANTE,Não guardar distância de segurança,Colisão traseira,Sem Vítimas        ,Pleno dia,Chuva,Dupla   ,Urbano,Automóvel,Ileso       ,33.0,Masculino
83050439,18/08/2013,RN,101,SAO GONCALO DO AMARANTE,Não guardar distância de segurança,Colisão traseira,Sem Vítimas        ,Pleno dia,Chuva,Dupla   ,Urbano,Automóvel,Ileso       ,26.0,Feminino