id,data_inversa,uf,br,municipio,causa_acidente,tipo_acidente,classificacao_acidente,fase_dia,condicao_metereologica,tipo_pista,uso_solo,tipo_veiculo,estado_fisico,idade,sexo
83062901,08/09/2013,RN,110,MOSSORO,Falta de atenção,Colisão Transversal,Com Vítimas Feridas,Anoitecer,Ceu Claro,Simples ,Urbano,Ciclomotor,Ferido Leve ,2.0,Masculino
83062974,08/09/2013,RN,427,ACARI,Falta de atenção,Colisão com objeto móvel,Com Vítimas Feridas,Plena noite,Ceu Claro,Simples ,Urbano,Motocicletas,Ferido Leve ,44.0,Masculino
83062974,08/09/2013,RN,427,ACARI,Falta de atenção,Colisão com objeto móvel,Com Vítimas Feridas,Plena noite,Ceu Claro,Simples ,Urbano,(null),Ferido Leve ,60.0,Masculino
83063065,10/09/2013,RN,304,MOSSORO,Falta de atenção,Colisão traseira,Com Vítimas Feridas,Pleno dia,Sol,Dupla   ,Urbano,Automóvel,Ileso       ,42.0,Masculino
83063065,10/09/2013,RN,304,MOSSORO,Falta de atenção,Colisão traseira,Com Vítimas Feridas,Pleno dia,Sol,Dupla   ,Urbano,Motocicletas,Ferido Leve ,45.0,Masculino
83063086,11/09/2013,RN,406,SAO GONCALO DO AMARANTE,Outras,Colisão traseira,Com Vítimas Feridas,Pleno dia,Ceu Claro,Simples ,Rural ,Motocicletas,Ileso       ,22.0,Masculino
83063086,11/09/2013,RN,406,SAO GONCALO DO AMARANTE,Outras,Colisão traseira,Com Vítimas Feridas,Pleno dia,Ceu Claro,Simples ,Rural ,Motocicletas,Ferido Leve ,27.0,Feminino
83063089,11/09/2013,RN,101,SAO GONCALO DO AMARANTE,Outras,Colisão Transversal,Sem Vítimas        ,Pleno dia,Ceu Claro,Dupla   ,Urbano,Automóvel,Ileso       ,26.0,Feminino
83063089,11/09/2013,RN,101,SAO GONCALO DO AMARANTE,Outras,Colisão Transversal,Sem Vítimas        ,Pleno dia,Ceu Claro,Dupla   ,Urbano,Microônibus,Ileso       ,57.0,Masculino
83063129,11/09/2013,RN,101,PARNAMIRIM,Não guardar distância de segurança,Colisão traseira,Sem Vítimas        ,Pleno dia,Ceu Claro,Dupla   ,Urbano,Automóvel,Ileso       ,32.0,Masculino
83063129,11/09/2013,RN,101,PARNAMIRIM,Não guardar distância de segurança,Colisão traseira,Sem Vítimas        ,Pleno dia,Ceu Claro,Dupla   ,Urbano,Caminhão,Ileso       ,20.0,Masculino
83063175,11/09/2013,RN,405,MOSSORO,Falta de atenção,Colisão com objeto fixo,Com Vítimas Feridas,Plena noite,Ceu Claro,Dupla   ,Urbano,Motocicletas,Ferido Leve ,18.0,Masculino
83063175,11/09/2013,RN,405,MOSSORO,Falta de atenção,Colisão com objeto fixo,Com Vítimas Feridas,Plena noite,Ceu Claro,Dupla   ,Urbano,Ônibus,Ileso       ,43.0,Masculino
83063195,11/09/2013,RN,406,CEARA-MIRIM,Não guardar distância de segurança,Colisão traseira,Sem Vítimas        ,Pleno dia,Ceu Claro,Simples ,Rural ,Camioneta,Ileso       ,13.0,Masculino
83063195,11/09/2013,RN,406,CEARA-MIRIM,Não guardar distância de segurança,Colisão traseira,Sem Vítimas        ,Pleno dia,Ceu Claro,Simples ,Rural ,Automóvel,Ileso       ,35.0,Masculino
83063201,11/09/2013,RN,406,SAO GONCALO DO AMARANTE,Outras,Colisão Transversal,Com Vítimas Feridas,Pleno dia,Ceu Claro,Simples ,Urbano,Caminhonete,Ileso       ,38.0,Masculino
83063201,11/09/2013,RN,406,SAO GONCALO DO AMARANTE,Outras,Colisão Transversal,Com Vítimas Feridas,Pleno dia,Ceu Claro,Simples ,Urbano,Automóvel,Ferido Grave,32.0,Masculino
83063206,11/09/2013,RN,304,ASSU,Animais na Pista,Saída de Pista,Sem Vítimas        ,Plena noite,Ceu Claro,Simples ,Rural ,Caminhão-Trator,Ileso       ,44.0,Masculino
83063248,08/09/2013,RN,101,NATAL,Falta de atenção,Colisão traseira,Sem Vítimas        ,Plena noite,Chuva,Simples ,Urbano,Motocicletas,Ileso       ,-1.0,Masculino
83063248,08/09/2013,RN,101,NATAL,Falta de atenção,Colisão traseira,Sem Vítimas        ,Plena noite,Chuva,Simples ,Urbano,Automóvel,Ileso       ,-1.0,Feminino
83063251,06/09/2013,RN,101,PARNAMIRIM,Falta de atenção,Colisão traseira,Sem Vítimas        ,Anoitecer,Ceu Claro,Múltipla,Urbano,Automóvel,Ileso       ,-1.0,Masculino
83063251,06/09/2013,RN,101,PARNAMIRIM,Falta de atenção,Colisão traseira,Sem Vítimas        ,Anoitecer,Ceu Claro,Múltipla,Urbano,Automóvel,Ileso       ,-1.0,Masculino
83063251,06/09/2013,RN,101,PARNAMIRIM,Falta de atenção,Colisão traseira,Sem Vítimas        ,Anoitecer,Ceu Claro,Múltipla,Urbano,Caminhonete,Ileso       ,-1.0,Masculino
83063251,06/09/2013,RN,101,PARNAMIRIM,Falta de atenção,Colisão traseira,Sem Vítimas        ,Anoitecer,Ceu Claro,Múltipla,Urbano,Automóvel,Ileso       ,-1.0,Masculino
83063251,06/09/2013,RN,101,PARNAMIRIM,Falta de atenção,Colisão traseira,Sem Vítimas        ,Anoitecer,Ceu Claro,Múltipla,Urbano,Camioneta,Ileso       ,-1.0,Masculino
83063260,11/09/2013,RN,101,NATAL,Não guardar distância de segurança,Colisão lateral,Sem Vítimas        ,Pleno dia,Ceu Claro,Múltipla,Urbano,Automóvel,Ileso       ,56.0,Masculino
83063260,11/09/2013,RN,101,NATAL,Não guardar distância de segurança,Colisão lateral,Sem Vítimas        ,Pleno dia,Ceu Claro,Múltipla,Urbano,Caminhonete,Ileso       ,26.0,Masculino
83063266,10/09/2013,RN,101,PARNAMIRIM,Não guardar distância de segurança,Colisão traseira,Sem Vítimas        ,Pleno dia,Ceu Claro,Dupla   ,Urbano,Caminhonete,Ileso       ,46.0,Masculino
83063266,10/09/2013,RN,101,PARNAMIRIM,Não guardar distância de segurança,Colisão traseira,Sem Vítimas        ,Pleno dia,Ceu Claro,Dupla   ,Urbano,Automóvel,Ileso       ,51.0,Masculino
83063266,10/09/2013,RN,101,PARNAMIRIM,Não guardar distância de segurança,Colisão traseira,Sem Vítimas        ,Pleno dia,Ceu Claro,Dupla   ,Urbano,Automóvel,Ileso       ,33.0,Masculino
83063276,12/07/2013,RN,101,SAO JOSE DE MIPIBU,Outras,Atropelamento de pessoa,Com Vítimas Fatais ,Plena noite,Nublado,Simples ,Rural ,(null),Morto       ,36.0,Masculino
83063276,12/07/2013,RN,101,SAO JOSE DE MIPIBU,Outras,Atropelamento de pessoa,Com Vítimas Fatais ,Plena noite,Nublado,Simples ,Rural ,Não identificado,Ignorado    ,-1.0,Inválido
83063293,07/09/2013,RN,101,CEARA-MIRIM,Desobediência à sinalização,Colisão Transversal,Sem Vítimas        ,Pleno dia,Ceu Claro,Simples ,Rural ,Automóvel,Ileso       ,50.0,Feminino
83063293,07/09/2013,RN,101,CEARA-MIRIM,Desobediência à sinalização,Colisão Transversal,Sem Vítimas        ,Pleno dia,Ceu Claro,Simples ,Rural ,Automóvel,Ileso       ,36.0,Masculino
83063295,07/09/2013,RN,101,NATAL,Falta de atenção,Colisão traseira,Com Vítimas Feridas,Pleno dia,Ceu Claro,Dupla   ,Urbano,Automóvel,Ignorado    ,-1.0,Masculino
83063295,07/09/2013,RN,101,NATAL,Falta de atenção,Colisão traseira,Com Vítimas Feridas,Pleno dia,Ceu Claro,Dupla   ,Urbano,Ônibus,Ileso       ,32.0,Masculino
83063295,07/09/2013,RN,101,NATAL,Falta de atenção,Colisão traseira,Com Vítimas Feridas,Pleno dia,Ceu Claro,Dupla   ,Urbano,Automóvel,Ferido Grave,-1.0,Feminino
83063328,02/09/2013,RN,101,PARNAMIRIM,Falta de atenção,Colisão lateral,Sem Vítimas        ,Anoitecer,Ceu Claro,Múltipla,Urbano,Caminhão,Ileso       ,29.0,Feminino
83063328,02/09/2013,RN,101,PARNAMIRIM,Falta de atenção,Colisão lateral,Sem Vítimas        ,Anoitecer,Ceu Claro,Múltipla,Urbano,Automóvel,Ileso       ,-1.0,Masculino
83063430,12/09/2013,RN,101,PARNAMIRIM,Falta de atenção,Colisão traseira,Sem Vítimas        ,Pleno dia,Ceu Claro,Múltipla,Urbano,Automóvel,Ileso       ,45.0,Masculino
83063430,12/09/2013,RN,101,PARNAMIRIM,Falta de atenção,Colisão traseira,Sem Vítimas        ,Pleno dia,Ceu Claro,Múltipla,Urbano,Automóvel,Ileso       ,56.0,Masculino
83063496,08/09/2013,RN,304,ASSU,Falta de atenção,Saída de Pista,Sem Vítimas        ,Plena noite,Ceu Claro,Simples ,Rural ,Automóvel,Ileso       ,28.0,Masculino
83063627,11/09/2013,RN,110,MOSSORO,Desobediência à sinalização,Colisão lateral,Com Vítimas Feridas,Anoitecer,Ceu Claro,Simples ,Urbano,Motocicletas,Ferido Leve ,52.0,Masculino
83063627,11/09/2013,RN,110,MOSSORO,Desobediência à sinalização,Colisão lateral,Com Vítimas Feridas,Anoitecer,Ceu Claro,Simples ,Urbano,Automóvel,Ileso       ,39.0,Masculino
83063736,13/09/2013,RN,101,NATAL,Não guardar distância de segurança,Colisão traseira,Sem Vítimas        ,Pleno dia,Sol,Dupla   ,Urbano,Motocicletas,Ileso       ,35.0,Masculino
83063736,13/09/2013,RN,101,NATAL,Não guardar distância de segurança,Colisão traseira,Sem Vítimas        ,Pleno dia,Sol,Dupla   ,Urbano,Motoneta,Ileso       ,23.0,Masculino
83063737,13/09/2013,RN,406,CEARA-MIRIM,Não guardar distância de segurança,Colisão traseira,Sem Vítimas        ,Pleno dia,Sol,Simples ,Rural ,Automóvel,Ileso       ,53.0,Masculino
83063737,13/09/2013,RN,406,CEARA-MIRIM,Não guardar distância de segurança,Colisão traseira,Sem Vítimas        ,Pleno dia,Sol,Simples ,Rural ,Automóvel,Ileso       ,25.0,Masculino
83063737,13/09/2013,RN,406,CEARA-MIRIM,Não guardar distância de segurança,Colisão traseira,Sem Vítimas        ,Pleno dia,Sol,Simples ,Rural ,Automóvel,Ileso       ,38.0,Masculino
83063891,13/09/2013,RN,226,NATAL,Falta de atenção,Colisão traseira,Sem Vítimas        ,Pleno dia,Sol,Dupla   ,Urbano,Caminhonete,Ileso       ,22.0,Masculino
83063891,13/09/2013,RN,226,NATAL,Falta de atenção,Colisão traseira,Sem Vítimas        ,Pleno dia,Sol,Dupla   ,Urbano,Automóvel,Ileso       ,-1.0,Masculino
83063996,12/09/2013,RN,226,MESSIAS TARGINO,Outras,Saída de Pista,Com Vítimas Feridas,Plena noite,Ceu Claro,Simples ,Rural ,Caminhão-Trator,Ferido Leve ,48.0,Masculino
83064067,13/09/2013,RN,406,JOAO CAMARA,Dormindo,Capotamento,Sem Vítimas        ,Anoitecer,Ceu Claro,Simples ,Rural ,Automóvel,Ileso       ,28.0,Feminino
83064073,13/09/2013,RN,226,NATAL,Outras,Colisão traseira,Sem Vítimas        ,Pleno dia,Sol,Dupla   ,Urbano,Camioneta,Ileso       ,30.0,Masculino
83064073,13/09/2013,RN,226,NATAL,Outras,Colisão traseira,Sem Vítimas        ,Pleno dia,Sol,Dupla   ,Urbano,Automóvel,Ileso       ,35.0,Masculino
83064073,13/09/2013,RN,226,NATAL,Outras,Colisão traseira,Sem Vítimas        ,Pleno dia,Sol,Dupla   ,Urbano,Camioneta,Ileso       ,46.0,Masculino
83064110,13/09/2013,RN,101,SAO JOSE DE MIPIBU,Outras,Saída de Pista,Sem Vítimas        ,Plena noite,Chuva,Múltipla,Rural ,Camioneta,Ileso       ,43.0,Masculino
83064117,13/09/2013,RN,101,SAO JOSE DE MIPIBU,Falta de atenção,Colisão lateral,Sem Vítimas        ,Pleno dia,Nublado,Dupla   ,Urbano,Automóvel,Ileso       ,43.0,Feminino
83064117,13/09/2013,RN,101,SAO JOSE DE MIPIBU,Falta de atenção,Colisão lateral,Sem Vítimas        ,Pleno dia,Nublado,Dupla   ,Urbano,Ônibus,Ileso       ,35.0,Masculino
83064120,13/09/2013,RN,101,NATAL,Não guardar distância de segurança,Colisão traseira,Sem Vítimas        ,Plena noite,Chuva,Múltipla,Urbano,Ônibus,Ileso       ,32.0,Masculino
83064120,13/09/2013,RN,101,NATAL,Não guardar distância de segurança,Colisão traseira,Sem Vítimas        ,Plena noite,Chuva,Múltipla,Urbano,Automóvel,Ileso       ,35.0,Masculino
83064326,14/09/2013,RN,226,MACAIBA,Falta de atenção,Colisão com bicicleta,Com Vítimas Feridas,Pleno dia,Ceu Claro,Simples ,Urbano,Bicicleta,Ferido Grave,-1.0,Masculino
83064326,14/09/2013,RN,226,MACAIBA,Falta de atenção,Colisão com bicicleta,Com Vítimas Feridas,Pleno dia,Ceu Claro,Simples ,Urbano,Caminhão,Ileso       ,63.0,Masculino
83064384,14/09/2013,RN,226,BOM JESUS,Outras,Colisão traseira,Sem Vítimas        ,Pleno dia,Nublado,Simples ,Urbano,Automóvel,Ileso       ,45.0,Masculino
83064384,14/09/2013,RN,226,BOM JESUS,Outras,Colisão traseira,Sem Vítimas        ,Pleno dia,Nublado,Simples ,Urbano,Automóvel,Ileso       ,59.0,Masculino
83064504,14/09/2013,RN,101,NATAL,Falta de atenção,Colisão traseira,Sem Vítimas        ,Pleno dia,Ceu Claro,Múltipla,Urbano,Automóvel,Ileso       ,35.0,Masculino
83064504,14/09/2013,RN,101,NATAL,Falta de atenção,Colisão traseira,Sem Vítimas        ,Pleno dia,Ceu Claro,Múltipla,Urbano,Automóvel,Ileso       ,30.0,Masculino
83064543,14/09/2013,RN,101,NATAL,Ingestão de álcool,Colisão lateral,Sem Vítimas        ,Pleno dia,Sol,Dupla   ,Urbano,Automóvel,Ignorado    ,-1.0,Inválido
83064543,14/09/2013,RN,101,NATAL,Ingestão de álcool,Colisão lateral,Sem Vítimas        ,Pleno dia,Sol,Dupla   ,Urbano,Automóvel,Ileso       ,43.0,Masculino
83064565,14/09/2013,RN,226,BOM JESUS,Falta de atenção,Colisão Transversal,Com Vítimas Feridas,Pleno dia,Ceu Claro,Simples ,Rural ,Automóvel,Ileso       ,59.0,Masculino
83064565,14/09/2013,RN,226,BOM JESUS,Falta de atenção,Colisão Transversal,Com Vítimas Feridas,Pleno dia,Ceu Claro,Simples ,Rural ,Motocicletas,Ferido Leve ,37.0,Masculino
83064565,14/09/2013,RN,226,BOM JESUS,Falta de atenção,Colisão Transversal,Com Vítimas Feridas,Pleno dia,Ceu Claro,Simples ,Rural ,Motocicletas,Ferido Leve ,22.0,Masculino
83064626,14/09/2013,RN,427,CAICO,Falta de atenção,Colisão frontal,Sem Vítimas        ,Plena noite,Ceu Claro,Simples ,Urbano,Motocicletas,Ignorado    ,-1.0,Masculino
83064626,14/09/2013,RN,427,CAICO,Falta de atenção,Colisão frontal,Sem Vítimas        ,Plena noite,Ceu Claro,Simples ,Urbano,Automóvel,Ileso       ,26.0,Masculino
83064640,14/09/2013,RN,405,MOSSORO,Defeito mecânico em veículo,Colisão Transversal,Com Vítimas Feridas,Plena noite,Ceu Claro,Dupla   ,Urbano,Motoneta,Ferido Grave,39.0,Masculino
83064640,14/09/2013,RN,405,MOSSORO,Defeito mecânico em veículo,Colisão Transversal,Com Vítimas Feridas,Plena noite,Ceu Claro,Dupla   ,Urbano,Automóvel,Ileso       ,36.0,Masculino
83064673,14/09/2013,RN,101,NATAL,Falta de atenção,Colisão lateral,Sem Vítimas        ,Plena noite,Ceu Claro,Múltipla,Urbano,Ônibus,Ileso       ,38.0,Masculino
83064673,14/09/2013,RN,101,NATAL,Falta de atenção,Colisão lateral,Sem Vítimas        ,Plena noite,Ceu Claro,Múltipla,Urbano,Camioneta,Ileso       ,37.0,Feminino
83064761,14/09/2013,RN,101,NATAL,Falta de atenção,Colisão lateral,Com Vítimas Feridas,Pleno dia,Sol,Dupla   ,Urbano,Motocicletas,Ferido Leve ,42.0,Feminino
83064761,14/09/2013,RN,101,NATAL,Falta de atenção,Colisão lateral,Com Vítimas Feridas,Pleno dia,Sol,Dupla   ,Urbano,Motocicletas,Ferido Leve ,18.0,Feminino
83064761,14/09/2013,RN,101,NATAL,Falta de atenção,Colisão lateral,Com Vítimas Feridas,Pleno dia,Sol,Dupla   ,Urbano,Automóvel,Ileso       ,-1.0,Inválido
83064791,12/09/2013,RN,226,MACAIBA,Desobediência à sinalização,Atropelamento de pessoa,Com Vítimas Feridas,Plena noite,Ceu Claro,Simples ,Urbano,Ciclomotor,Ignorado    ,-1.0,Inválido
83064791,12/09/2013,RN,226,MACAIBA,Desobediência à sinalização,Atropelamento de pessoa,Com Vítimas Feridas,Plena noite,Ceu Claro,Simples ,Urbano,(null),Ferido Leve ,-1.0,Feminino
83064817,15/09/2013,RN,110,MOSSORO,Outras,Colisão Transversal,Com Vítimas Feridas,Pleno dia,Ceu Claro,Simples ,Urbano,Caminhonete,Ileso       ,61.0,Masculino
83064817,15/09/2013,RN,110,MOSSORO,Outras,Colisão Transversal,Com Vítimas Feridas,Pleno dia,Ceu Claro,Simples ,Urbano,Motocicletas,Ferido Leve ,28.0,Masculino
83064819,20/07/2013,RN,304,MACAIBA,Falta de atenção,Colisão Transversal,Sem Vítimas        ,Pleno dia,Nublado,Dupla   ,Urbano,Automóvel,Ileso       ,62.0,Masculino
83064819,20/07/2013,RN,304,MACAIBA,Falta de atenção,Colisão Transversal,Sem Vítimas        ,Pleno dia,Nublado,Dupla   ,Urbano,Automóvel,Ileso       ,33.0,Masculino
83064819,20/07/2013,RN,304,MACAIBA,Falta de atenção,Colisão Transversal,Sem Vítimas        ,Pleno dia,Nublado,Dupla   ,Urbano,Automóvel,Ileso       ,-1.0,Feminino
83064869,11/09/2013,RN,101,PARNAMIRIM,Falta de atenção,Colisão traseira,Com Vítimas Feridas,Pleno dia,Ceu Claro,Dupla   ,Rural ,Motocicletas,Ignorado    ,-1.0,Masculino
83064869,11/09/2013,RN,101,PARNAMIRIM,Falta de atenção,Colisão traseira,Com Vítimas Feridas,Pleno dia,Ceu Claro,Dupla   ,Rural ,Automóvel,Ileso       ,29.0,Masculino
83064869,11/09/2013,RN,101,PARNAMIRIM,Falta de atenção,Colisão traseira,Com Vítimas Feridas,Pleno dia,Ceu Claro,Dupla   ,Rural ,Motocicletas,Ferido Leve ,28.0,Feminino
83064896,11/09/2013,RN,101,PARNAMIRIM,Defeito mecânico em veículo,Capotamento,Com Vítimas Feridas,Pleno dia,Ceu Claro,Múltipla,Urbano,Utilitário,Ferido Leve ,35.0,Masculino
83064941,13/09/2013,RN,101,SAO JOSE DE MIPIBU,Outras,Atropelamento de pessoa,Com Vítimas Fatais ,Plena noite,Ceu Claro,Múltipla,Urbano,Automóvel,Ileso       ,34.0,Masculino
83064941,13/09/2013,RN,101,SAO JOSE DE MIPIBU,Outras,Atropelamento de pessoa,Com Vítimas Fatais ,Plena noite,Ceu Claro,Múltipla,Urbano,(null),Morto       ,20.0,Masculino
83064996,11/09/2013,RN,101,NATAL,Outras,Colisão lateral,Sem Vítimas        ,Plena noite,Ceu Claro,Dupla   ,Urbano,Automóvel,Ileso       ,56.0,Feminino
83064996,11/09/2013,RN,101,NATAL,Outras,Colisão lateral,Sem Vítimas        ,Plena noite,Ceu Claro,Dupla   ,Urbano,Automóvel,Ileso       ,35.0,Masculino
83065041,13/09/2013,RN,101,NATAL,Outras,Colisão lateral,Com Vítimas Feridas,Plena noite,Ceu Claro,Múltipla,Urbano,Automóvel,Ileso       ,40.0,Masculino
83065041,13/09/2013,RN,101,NATAL,Outras,Colisão lateral,Com Vítimas Feridas,Plena noite,Ceu Claro,Múltipla,Urbano,Motocicletas,Ferido Leve ,20.0,Masculino
83065041,13/09/2013,RN,101,NATAL,Outras,Colisão lateral,Com Vítimas Feridas,Plena noite,Ceu Claro,Múltipla,Urbano,Motocicletas,Ferido Leve ,21.0,Feminino
83065062,15/09/2013,RN,101,NATAL,Outras,Colisão Transversal,Com Vítimas Feridas,Pleno dia,Ceu Claro,Múltipla,Urbano,Camioneta,Ferido Leve ,62.0,Masculino
83065062,15/09/2013,RN,101,NATAL,Outras,Colisão Transversal,Com Vítimas Feridas,Pleno dia,Ceu Claro,Múltipla,Urbano,Caminhonete,Ileso       ,46.0,Masculino
83065166,15/09/2013,RN,101,SAO JOSE DE MIPIBU,Não guardar distância de segurança,Colisão traseira,Sem Vítimas        ,Plena noite,Ceu Claro,Dupla   ,Urbano,Automóvel,Ileso       ,44.0,Masculino
83065166,15/09/2013,RN,101,SAO JOSE DE MIPIBU,Não guardar distância de segurança,Colisão traseira,Sem Vítimas        ,Plena noite,Ceu Claro,Dupla   ,Urbano,Automóvel,Ileso       ,28.0,Masculino
83065203,09/09/2013,RN,304,MACAIBA,Não guardar distância de segurança,Colisão lateral,Sem Vítimas        ,Anoitecer,Ignorada,Dupla   ,Urbano,Caminhão,Ileso       ,52.0,Masculino
83065203,09/09/2013,RN,304,MACAIBA,Não guardar distância de segurança,Colisão lateral,Sem Vítimas        ,Anoitecer,Ignorada,Dupla   ,Urbano,Automóvel,Ileso       ,54.0,Masculino
83065323,16/09/2013,RN,406,JOAO CAMARA,Animais na Pista,Atropelamento de animal,Com Vítimas Feridas,Amanhecer,Ceu Claro,Simples ,Rural ,Automóvel,Ferido Grave,28.0,Masculino
83065512,13/09/2013,RN,101,NATAL,Desobediência à sinalização,Colisão lateral,Sem Vítimas        ,Pleno dia,Sol,Dupla   ,Urbano,Automóvel,Ileso       ,50.0,Masculino
83065512,13/09/2013,RN,101,NATAL,Desobediência à sinalização,Colisão lateral,Sem Vítimas        ,Pleno dia,Sol,Dupla   ,Urbano,Ciclomotor,Ileso       ,17.0,Masculino
83065515,14/09/2013,RN,101,NATAL,Ingestão de álcool,Colisão traseira,Com Vítimas Feridas,Plena noite,Chuva,Dupla   ,Rural ,Automóvel,Ileso       ,45.0,Masculino
83065515,14/09/2013,RN,101,NATAL,Ingestão de álcool,Colisão traseira,Com Vítimas Feridas,Plena noite,Chuva,Dupla   ,Rural ,Motocicletas,Ferido Grave,28.0,Masculino
83065738,16/09/2013,RN,304,MACAIBA,Ultrapassagem indevida,Colisão lateral,Sem Vítimas        ,Plena noite,Ceu Claro,Simples ,Urbano,Automóvel,Ileso       ,20.0,Feminino
83065738,16/09/2013,RN,304,MACAIBA,Ultrapassagem indevida,Colisão lateral,Sem Vítimas        ,Plena noite,Ceu Claro,Simples ,Urbano,Caminhonete,Ileso       ,34.0,Masculino
83065791,16/09/2013,RN,101,GOIANINHA,Falta de atenção,Colisão traseira,Sem Vítimas        ,Pleno dia,Ceu Claro,Dupla   ,Rural ,Automóvel,Ileso       ,52.0,Masculino
83065791,16/09/2013,RN,101,GOIANINHA,Falta de atenção,Colisão traseira,Sem Vítimas        ,Pleno dia,Ceu Claro,Dupla   ,Rural ,Automóvel,Ignorado    ,-1.0,Masculino
83065819,16/09/2013,RN,101,PARNAMIRIM,Outras,Colisão Transversal,Com Vítimas Feridas,Pleno dia,Ceu Claro,Dupla   ,Urbano,Motocicletas,Ferido Grave,43.0,Masculino
83065819,16/09/2013,RN,101,PARNAMIRIM,Outras,Colisão Transversal,Com Vítimas Feridas,Pleno dia,Ceu Claro,Dupla   ,Urbano,Automóvel,Ileso       ,36.0,Masculino
83065819,16/09/2013,RN,101,PARNAMIRIM,Outras,Colisão Transversal,Com Vítimas Feridas,Pleno dia,Ceu Claro,Dupla   ,Urbano,Automóvel,Ileso       ,34.0,Feminino
83065828,16/09/2013,RN,101,NATAL,Falta de atenção,Colisão traseira,Sem Vítimas        ,Anoitecer,Ceu Claro,Múltipla,Urbano,Automóvel,Ileso       ,35.0,Masculino
83065828,16/09/2013,RN,101,NATAL,Falta de atenção,Colisão traseira,Sem Vítimas        ,Anoitecer,Ceu Claro,Múltipla,Urbano,Automóvel,Ileso       ,46.0,Masculino
83065828,16/09/2013,RN,101,NATAL,Falta de atenção,Colisão traseira,Sem Vítimas        ,Anoitecer,Ceu Claro,Múltipla,Urbano,Automóvel,Ileso       ,37.0,Masculino
83065828,16/09/2013,RN,101,NATAL,Falta de atenção,Colisão traseira,Sem Vítimas        ,Anoitecer,Ceu Claro,Múltipla,Urbano,Automóvel,Ileso       ,30.0,Feminino
83065837,16/09/2013,RN,101,NATAL,Falta de atenção,Colisão traseira,Sem Vítimas        ,Plena noite,Ceu Claro,Dupla   ,Urbano,Ônibus,Ileso       ,32.0,Masculino
83065837,16/09/2013,RN,101,NATAL,Falta de atenção,Colisão traseira,Sem Vítimas        ,Plena noite,Ceu Claro,Dupla   ,Urbano,Automóvel,Ileso       ,28.0,Masculino
83065877,16/09/2013,RN,101,NATAL,Outras,Colisão lateral,Com Vítimas Feridas,Plena noite,Ceu Claro,Dupla   ,Urbano,Ônibus,Ileso       ,29.0,Masculino
83065877,16/09/2013,RN,101,NATAL,Outras,Colisão lateral,Com Vítimas Feridas,Plena noite,Ceu Claro,Dupla   ,Urbano,Caminhão,Ferido Leve ,36.0,Masculino
83065986,15/09/2013,RN,101,SAO GONCALO DO AMARANTE,Outras,Capotamento,Com Vítimas Feridas,Pleno dia,Nublado,Dupla   ,Rural ,Caminhonete,Ferido Grave,36.0,Masculino
83066010,10/09/2013,RN,226,MACAIBA,Outras,Atropelamento de pessoa,Com Vítimas Fatais ,Plena noite,Ceu Claro,Simples ,Rural ,Automóvel,Ignorado    ,-1.0,Inválido
83066010,10/09/2013,RN,226,MACAIBA,Outras,Atropelamento de pessoa,Com Vítimas Fatais ,Plena noite,Ceu Claro,Simples ,Rural ,(null),Morto       ,-1.0,Masculino
83066123,15/09/2013,RN,110,MOSSORO,Falta de atenção,Queda de motocicleta / bicicleta / veículo,Com Vítimas Feridas,Pleno dia,Ceu Claro,Simples ,Rural ,Ciclomotor,Ferido Leve ,47.0,Masculino
83066123,15/09/2013,RN,110,MOSSORO,Falta de atenção,Queda de motocicleta / bicicleta / veículo,Com Vítimas Feridas,Pleno dia,Ceu Claro,Simples ,Rural ,Ciclomotor,Ferido Leve ,-1.0,Feminino
83066138,17/09/2013,RN,101,NATAL,Falta de atenção,Colisão traseira,Sem Vítimas        ,Pleno dia,Ceu Claro,Múltipla,Urbano,Automóvel,Ileso       ,31.0,Masculino
83066138,17/09/2013,RN,101,NATAL,Falta de atenção,Colisão traseira,Sem Vítimas        ,Pleno dia,Ceu Claro,Múltipla,Urbano,Automóvel,Ileso       ,28.0,Feminino
83066165,12/09/2013,RN,101,NATAL,Falta de atenção,Colisão traseira,Sem Vítimas        ,Pleno dia,Ceu Claro,Dupla   ,Urbano,Automóvel,Ileso       ,25.0,Masculino
83066165,12/09/2013,RN,101,NATAL,Falta de atenção,Colisão traseira,Sem Vítimas        ,Pleno dia,Ceu Claro,Dupla   ,Urbano,Automóvel,Ileso       ,30.0,Masculino
83066250,17/09/2013,RN,101,NATAL,Falta de atenção,Colisão traseira,Sem Vítimas        ,Pleno dia,Ceu Claro,Dupla   ,Urbano,Automóvel,Ileso       ,24.0,Masculino
83066250,17/09/2013,RN,101,NATAL,Falta de atenção,Colisão traseira,Sem Vítimas        ,Pleno dia,Ceu Claro,Dupla   ,Urbano,Automóvel,Ileso       ,28.0,Masculino
83066346,17/09/2013,RN,101,NATAL,Falta de atenção,Colisão traseira,Sem Vítimas        ,Pleno dia,Ceu Claro,Dupla   ,Urbano,Automóvel,Ileso       ,24.0,Masculino
83066346,17/09/2013,RN,101,NATAL,Falta de atenção,Colisão traseira,Sem Vítimas        ,Pleno dia,Ceu Claro,Dupla   ,Urbano,Automóvel,Ileso       ,59.0,Masculino