id,data_inversa,uf,br,municipio,causa_acidente,tipo_acidente,classificacao_acidente,fase_dia,condicao_metereologica,tipo_pista,uso_solo,tipo_veiculo,estado_fisico,idade,sexo
83066563,13/09/2013,RN,101,PARNAMIRIM,Falta de atenção,Colisão traseira,Sem Vítimas        ,Pleno dia,Sol,Dupla   ,Urbano,Automóvel,Ileso       ,59.0,Masculino
83066563,13/09/2013,RN,101,PARNAMIRIM,Falta de atenção,Colisão traseira,Sem Vítimas        ,Pleno dia,Sol,Dupla   ,Urbano,Caminhonete,Ileso       ,33.0,Masculino
83066594,10/09/2013,RN,101,NATAL,Não guardar distância de segurança,Colisão traseira,Sem Vítimas        ,Pleno dia,Sol,Múltipla,Urbano,Automóvel,Ileso       ,66.0,Masculino
83066594,10/09/2013,RN,101,NATAL,Não guardar distância de segurança,Colisão traseira,Sem Vítimas        ,Pleno dia,Sol,Múltipla,Urbano,Automóvel,Ileso       ,47.0,Masculino
83066618,15/09/2013,RN,101,PARNAMIRIM,Outras,Saída de Pista,Sem Vítimas        ,Amanhecer,Chuva,Dupla   ,Rural ,Automóvel,Ileso       ,48.0,Masculino
83066642,14/09/2013,RN,101,NATAL,Falta de atenção,Colisão traseira,Sem Vítimas        ,Pleno dia,Ceu Claro,Múltipla,Urbano,Caminhonete,Ileso       ,54.0,Masculino
83066642,14/09/2013,RN,101,NATAL,Falta de atenção,Colisão traseira,Sem Vítimas        ,Pleno dia,Ceu Claro,Múltipla,Urbano,Automóvel,Ileso       ,36.0,Feminino
83066703,18/09/2013,RN,226,SANTA CRUZ,Ingestão de álcool,Colisão lateral,Com Vítimas Feridas,Pleno dia,Ceu Claro,Simples ,Rural ,Motocicletas,Ferido Grave,32.0,Masculino
83066703,18/09/2013,RN,226,SANTA CRUZ,Ingestão de álcool,Colisão lateral,Com Vítimas Feridas,Pleno dia,Ceu Claro,Simples ,Rural ,Automóvel,Ileso       ,57.0,Masculino
83066709,13/08/2013,RN,101,GOIANINHA,Outras,Colisão frontal,Com Vítimas Feridas,Plena noite,Nublado,Simples ,Urbano,Motocicletas,Ferido Grave,35.0,Masculino
83066709,13/08/2013,RN,101,GOIANINHA,Outras,Colisão frontal,Com Vítimas Feridas,Plena noite,Nublado,Simples ,Urbano,Motocicletas,Ignorado    ,-1.0,Inválido
83066835,18/09/2013,RN,101,NATAL,Outras,Colisão traseira,Sem Vítimas        ,Pleno dia,Ceu Claro,Dupla   ,Urbano,Automóvel,Ileso       ,53.0,Masculino
83066835,18/09/2013,RN,101,NATAL,Outras,Colisão traseira,Sem Vítimas        ,Pleno dia,Ceu Claro,Dupla   ,Urbano,Automóvel,Ileso       ,53.0,Masculino
83066851,17/09/2013,RN,226,NATAL,Falta de atenção,Colisão Transversal,Sem Vítimas        ,Pleno dia,Sol,Simples ,Urbano,Automóvel,Ileso       ,-1.0,Masculino
83066851,17/09/2013,RN,226,NATAL,Falta de atenção,Colisão Transversal,Sem Vítimas        ,Pleno dia,Sol,Simples ,Urbano,Motoneta,Ileso       ,25.0,Masculino
83066856,14/09/2013,RN,101,NATAL,Falta de atenção,Colisão lateral,Sem Vítimas        ,Pleno dia,Sol,Múltipla,Urbano,Automóvel,Ileso       ,19.0,Masculino
83066856,14/09/2013,RN,101,NATAL,Falta de atenção,Colisão lateral,Sem Vítimas        ,Pleno dia,Sol,Múltipla,Urbano,Ônibus,Ileso       ,19.0,Masculino
83066862,14/09/2013,RN,304,MOSSORO,Falta de atenção,Saída de Pista,Sem Vítimas        ,Plena noite,Ceu Claro,Dupla   ,Urbano,Automóvel,Ileso       ,28.0,Masculino
83066864,18/09/2013,RN,304,MOSSORO,Falta de atenção,Colisão lateral,Sem Vítimas        ,Anoitecer,Ceu Claro,Dupla   ,Urbano,Caminhão-Trator,Ileso       ,46.0,Masculino
83066864,18/09/2013,RN,304,MOSSORO,Falta de atenção,Colisão lateral,Sem Vítimas        ,Anoitecer,Ceu Claro,Dupla   ,Urbano,Automóvel,Ileso       ,26.0,Masculino
83066867,18/09/2013,RN,304,MOSSORO,Falta de atenção,Colisão Transversal,Com Vítimas Feridas,Pleno dia,Ceu Claro,Dupla   ,Urbano,Motocicletas,Ferido Leve ,23.0,Masculino
83066867,18/09/2013,RN,304,MOSSORO,Falta de atenção,Colisão Transversal,Com Vítimas Feridas,Pleno dia,Ceu Claro,Dupla   ,Urbano,Caminhonete,Ileso       ,54.0,Masculino
83066947,15/09/2013,RN,101,NATAL,Falta de atenção,Colisão traseira,Com Vítimas Feridas,Pleno dia,Ceu Claro,Múltipla,Urbano,Ônibus,Ileso       ,59.0,Masculino
83066947,15/09/2013,RN,101,NATAL,Falta de atenção,Colisão traseira,Com Vítimas Feridas,Pleno dia,Ceu Claro,Múltipla,Urbano,Motocicletas,Ferido Grave,29.0,Masculino
83066947,15/09/2013,RN,101,NATAL,Falta de atenção,Colisão traseira,Com Vítimas Feridas,Pleno dia,Ceu Claro,Múltipla,Urbano,Motocicletas,Ferido Grave,-1.0,Feminino
83066950,13/09/2013,RN,101,NATAL,Não guardar distância de segurança,Colisão traseira,Sem Vítimas        ,Pleno dia,Ceu Claro,Dupla   ,Urbano,Automóvel,Ileso       ,35.0,Feminino
83066950,13/09/2013,RN,101,NATAL,Não guardar distância de segurança,Colisão traseira,Sem Vítimas        ,Pleno dia,Ceu Claro,Dupla   ,Urbano,Automóvel,Ileso       ,24.0,Masculino
83066950,13/09/2013,RN,101,NATAL,Não guardar distância de segurança,Colisão traseira,Sem Vítimas        ,Pleno dia,Ceu Claro,Dupla   ,Urbano,Automóvel,Ileso       ,23.0,Masculino
83066981,18/09/2013,RN,101,TOUROS,Outras,Colisão traseira,Sem Vítimas        ,Pleno dia,Sol,Simples ,Rural ,Automóvel,Ileso       ,38.0,Masculino
83066981,18/09/2013,RN,101,TOUROS,Outras,Colisão traseira,Sem Vítimas        ,Pleno dia,Sol,Simples ,Rural ,Caminhonete,Ileso       ,18.0,Masculino
83067226,13/09/2013,RN,101,PARNAMIRIM,Falta de atenção,Colisão lateral,Sem Vítimas        ,Pleno dia,Ceu Claro,Dupla   ,Urbano,Caminhão,Ileso       ,31.0,Masculino
83067226,13/09/2013,RN,101,PARNAMIRIM,Falta de atenção,Colisão lateral,Sem Vítimas        ,Pleno dia,Ceu Claro,Dupla   ,Urbano,Automóvel,Ileso       ,28.0,Masculino
83067231,11/09/2013,RN,406,CEARA-MIRIM,Defeito mecânico em veículo,Saída de Pista,Sem Vítimas        ,Pleno dia,Ceu Claro,Simples ,Rural ,Caminhonete,Ileso       ,33.0,Masculino
83067284,12/09/2013,RN,101,NATAL,Falta de atenção,Colisão traseira,Sem Vítimas        ,Anoitecer,Ceu Claro,Múltipla,Urbano,Automóvel,Ileso       ,-1.0,Feminino
83067284,12/09/2013,RN,101,NATAL,Falta de atenção,Colisão traseira,Sem Vítimas        ,Anoitecer,Ceu Claro,Múltipla,Urbano,Automóvel,Ileso       ,-1.0,Masculino
83067284,12/09/2013,RN,101,NATAL,Falta de atenção,Colisão traseira,Sem Vítimas        ,Anoitecer,Ceu Claro,Múltipla,Urbano,Utilitário,Ileso       ,-1.0,Feminino
83067307,19/09/2013,RN,101,NATAL,Outras,Colisão lateral,Sem Vítimas        ,Pleno dia,Sol,Dupla   ,Urbano,Caminhão,Ileso       ,35.0,Masculino
83067307,19/09/2013,RN,101,NATAL,Outras,Colisão lateral,Sem Vítimas        ,Pleno dia,Sol,Dupla   ,Urbano,Automóvel,Ileso       ,18.0,Feminino
83067326,19/09/2013,RN,101,NATAL,Falta de atenção,Colisão traseira,Sem Vítimas        ,Pleno dia,Ceu Claro,Dupla   ,Urbano,Automóvel,Ileso       ,44.0,Masculino
83067326,19/09/2013,RN,101,NATAL,Falta de atenção,Colisão traseira,Sem Vítimas        ,Pleno dia,Ceu Claro,Dupla   ,Urbano,Automóvel,Ileso       ,25.0,Masculino
83067455,19/09/2013,RN,304,MOSSORO,Falta de atenção,Colisão traseira,Com Vítimas Feridas,Pleno dia,Ceu Claro,Dupla   ,Urbano,Caminhão,Ileso       ,32.0,Masculino
83067455,19/09/2013,RN,304,MOSSORO,Falta de atenção,Colisão traseira,Com Vítimas Feridas,Pleno dia,Ceu Claro,Dupla   ,Urbano,Automóvel,Ferido Leve ,23.0,Masculino
83067455,19/09/2013,RN,304,MOSSORO,Falta de atenção,Colisão traseira,Com Vítimas Feridas,Pleno dia,Ceu Claro,Dupla   ,Urbano,Automóvel,Ferido Leve ,45.0,Masculino
83067462,19/09/2013,RN,101,PARNAMIRIM,Falta de atenção,Colisão lateral,Sem Vítimas        ,Pleno dia,Ceu Claro,Dupla   ,Urbano,Automóvel,Ileso       ,27.0,Feminino
83067462,19/09/2013,RN,101,PARNAMIRIM,Falta de atenção,Colisão lateral,Sem Vítimas        ,Pleno dia,Ceu Claro,Dupla   ,Urbano,Automóvel,Ignorado    ,-1.0,Inválido
83067491,19/09/2013,RN,101,NATAL,Ultrapassagem indevida,Colisão traseira,Sem Vítimas        ,Pleno dia,Ceu Claro,Dupla   ,Urbano,Automóvel,Ileso       ,-1.0,Masculino
83067491,19/09/2013,RN,101,NATAL,Ultrapassagem indevida,Colisão traseira,Sem Vítimas        ,Pleno dia,Ceu Claro,Dupla   ,Urbano,Motocicletas,Ileso       ,-1.0,Masculino
83067508,19/09/2013,RN,101,NATAL,Velocidade incompatível,Atropelamento de pessoa,Com Vítimas Feridas,Pleno dia,Ceu Claro,Múltipla,Urbano,Motoneta,Ileso       ,19.0,Masculino
83067508,19/09/2013,RN,101,NATAL,Velocidade incompatível,Atropelamento de pessoa,Com Vítimas Feridas,Pleno dia,Ceu Claro,Múltipla,Urbano,(null),Ferido Grave,-1.0,Feminino
83067512,19/09/2013,RN,101,NATAL,Falta de atenção,Colisão traseira,Sem Vítimas        ,Plena noite,Ceu Claro,Múltipla,Urbano,Automóvel,Ileso       ,63.0,Masculino
83067512,19/09/2013,RN,101,NATAL,Falta de atenção,Colisão traseira,Sem Vítimas        ,Plena noite,Ceu Claro,Múltipla,Urbano,Automóvel,Ileso       ,26.0,Masculino
83067619,19/09/2013,RN,101,NATAL,Falta de atenção,Colisão traseira,Sem Vítimas        ,Plena noite,Ceu Claro,Múltipla,Urbano,Automóvel,Ileso       ,25.0,Feminino
83067619,19/09/2013,RN,101,NATAL,Falta de atenção,Colisão traseira,Sem Vítimas        ,Plena noite,Ceu Claro,Múltipla,Urbano,Automóvel,Ileso       ,56.0,Masculino
83067735,20/09/2013,RN,101,NATAL,Falta de atenção,Colisão lateral,Sem Vítimas        ,Pleno dia,Nublado,Múltipla,Urbano,Automóvel,Ileso       ,27.0,Feminino
83067735,20/09/2013,RN,101,NATAL,Falta de atenção,Colisão lateral,Sem Vítimas        ,Pleno dia,Nublado,Múltipla,Urbano,Automóvel,Ignorado    ,-1.0,Feminino
83067736,20/09/2013,RN,110,MOSSORO,Não guardar distância de segurança,Colisão traseira,Sem Vítimas        ,Pleno dia,Ceu Claro,Simples ,Urbano,Caminhão,Ileso       ,64.0,Masculino
83067736,20/09/2013,RN,110,MOSSORO,Não guardar distância de segurança,Colisão traseira,Sem Vítimas        ,Pleno dia,Ceu Claro,Simples ,Urbano,Caminhão,Ileso       ,-1.0,Masculino
83067736,20/09/2013,RN,110,MOSSORO,Não guardar distância de segurança,Colisão traseira,Sem Vítimas        ,Pleno dia,Ceu Claro,Simples ,Urbano,Caminhão,Ileso       ,-1.0,Masculino
83067736,20/09/2013,RN,110,MOSSORO,Não guardar distância de segurança,Colisão traseira,Sem Vítimas        ,Pleno dia,Ceu Claro,Simples ,Urbano,Caminhão,Ileso       ,-1.0,Masculino
83067736,20/09/2013,RN,110,MOSSORO,Não guardar distância de segurança,Colisão traseira,Sem Vítimas        ,Pleno dia,Ceu Claro,Simples ,Urbano,Caminhão,Ileso       ,-1.0,Masculino
83067736,20/09/2013,RN,110,MOSSORO,Não guardar distância de segurança,Colisão traseira,Sem Vítimas        ,Pleno dia,Ceu Claro,Simples ,Urbano,Caminhão,Ileso       ,-1.0,Masculino
83067736,20/09/2013,RN,110,MOSSORO,Não guardar distância de segurança,Colisão traseira,Sem Vítimas        ,Pleno dia,Ceu Claro,Simples ,Urbano,Ciclomotor,Ileso       ,23.0,Masculino
83067796,20/09/2013,RN,101,NATAL,Outras,Colisão Transversal,Com Vítimas Feridas,Pleno dia,Ceu Claro,Dupla   ,Urbano,Automóvel,Ileso       ,54.0,Masculino
83067796,20/09/2013,RN,101,NATAL,Outras,Colisão Transversal,Com Vítimas Feridas,Pleno dia,Ceu Claro,Dupla   ,Urbano,Motocicletas,Ferido Grave,50.0,Masculino
83067874,20/09/2013,RN,110,MOSSORO,Defeito mecânico em veículo,Queda de motocicleta / bicicleta / veículo,Com Vítimas Feridas,Pleno dia,Ceu Claro,Simples ,Urbano,Motocicletas,Ferido Leve ,36.0,Feminino
83067874,20/09/2013,RN,110,MOSSORO,Defeito mecânico em veículo,Queda de motocicleta / bicicleta / veículo,Com Vítimas Feridas,Pleno dia,Ceu Claro,Simples ,Urbano,Motocicletas,Ferido Leve ,30.0,Feminino
83067889,20/09/2013,RN,101,PARNAMIRIM,Falta de atenção,Colisão traseira,Sem Vítimas        ,Pleno dia,Ceu Claro,Dupla   ,Urbano,Caminhonete,Ileso       ,47.0,Masculino
83067889,20/09/2013,RN,101,PARNAMIRIM,Falta de atenção,Colisão traseira,Sem Vítimas        ,Pleno dia,Ceu Claro,Dupla   ,Urbano,Caminhonete,Ileso       ,35.0,Masculino
83067967,20/09/2013,RN,101,PARNAMIRIM,Falta de atenção,Colisão traseira,Sem Vítimas        ,Anoitecer,Ceu Claro,Múltipla,Urbano,Automóvel,Ileso       ,39.0,Masculino
83067967,20/09/2013,RN,101,PARNAMIRIM,Falta de atenção,Colisão traseira,Sem Vítimas        ,Anoitecer,Ceu Claro,Múltipla,Urbano,Caminhonete,Ileso       ,36.0,Feminino
83068078,20/09/2013,RN,304,MOSSORO,Falta de atenção,Colisão traseira,Sem Vítimas        ,Plena noite,Ceu Claro,Dupla   ,Urbano,Automóvel,Ileso       ,31.0,Masculino
83068078,20/09/2013,RN,304,MOSSORO,Falta de atenção,Colisão traseira,Sem Vítimas        ,Plena noite,Ceu Claro,Dupla   ,Urbano,Não identificado,Ignorado    ,-1.0,Inválido
83068078,20/09/2013,RN,304,MOSSORO,Falta de atenção,Colisão traseira,Sem Vítimas        ,Plena noite,Ceu Claro,Dupla   ,Urbano,Automóvel,Ileso       ,26.0,Feminino
83068141,20/09/2013,RN,304,PARNAMIRIM,Outras,Atropelamento de pessoa,Com Vítimas Fatais ,Plena noite,Ceu Claro,Dupla   ,Urbano,Camioneta,Ileso       ,37.0,Masculino
83068141,20/09/2013,RN,304,PARNAMIRIM,Outras,Atropelamento de pessoa,Com Vítimas Fatais ,Plena noite,Ceu Claro,Dupla   ,Urbano,Camioneta,Ferido Leve ,34.0,Feminino
83068141,20/09/2013,RN,304,PARNAMIRIM,Outras,Atropelamento de pessoa,Com Vítimas Fatais ,Plena noite,Ceu Claro,Dupla   ,Urbano,Camioneta,Ileso       ,-1.0,Inválido
83068141,20/09/2013,RN,304,PARNAMIRIM,Outras,Atropelamento de pessoa,Com Vítimas Fatais ,Plena noite,Ceu Claro,Dupla   ,Urbano,(null),Morto       ,49.0,Masculino
83068197,21/09/2013,RN,427,ACARI,Dormindo,Capotamento,Sem Vítimas        ,Plena noite,Ceu Claro,Simples ,Rural ,Automóvel,Ileso       ,33.0,Masculino
83068298,21/09/2013,RN,101,NATAL,Não guardar distância de segurança,Colisão traseira,Sem Vítimas        ,Pleno dia,Chuva,Dupla   ,Urbano,Caminhonete,Ileso       ,37.0,Masculino
83068298,21/09/2013,RN,101,NATAL,Não guardar distância de segurança,Colisão traseira,Sem Vítimas        ,Pleno dia,Chuva,Dupla   ,Urbano,Camioneta,Ileso       ,42.0,Masculino
83068336,21/09/2013,RN,101,NATAL,Ingestão de álcool,Colisão traseira,Sem Vítimas        ,Amanhecer,Chuva,Múltipla,Urbano,Ônibus,Ileso       ,39.0,Masculino
83068336,21/09/2013,RN,101,NATAL,Ingestão de álcool,Colisão traseira,Sem Vítimas        ,Amanhecer,Chuva,Múltipla,Urbano,Automóvel,Ileso       ,43.0,Masculino
83068727,21/09/2013,RN,101,NATAL,Outras,Colisão Transversal,Sem Vítimas        ,Plena noite,Chuva,Múltipla,Urbano,Motocicletas,Ileso       ,24.0,Masculino
83068727,21/09/2013,RN,101,NATAL,Outras,Colisão Transversal,Sem Vítimas        ,Plena noite,Chuva,Múltipla,Urbano,Automóvel,Ileso       ,25.0,Masculino
83068727,21/09/2013,RN,101,NATAL,Outras,Colisão Transversal,Sem Vítimas        ,Plena noite,Chuva,Múltipla,Urbano,Automóvel,Ignorado    ,-1.0,Inválido
83068731,21/09/2013,RN,101,NATAL,Não guardar distância de segurança,Colisão traseira,Sem Vítimas        ,Plena noite,Chuva,Múltipla,Urbano,Automóvel,Ileso       ,27.0,Masculino
83068731,21/09/2013,RN,101,NATAL,Não guardar distância de segurança,Colisão traseira,Sem Vítimas        ,Plena noite,Chuva,Múltipla,Urbano,Automóvel,Ileso       ,26.0,Masculino
83068731,21/09/2013,RN,101,NATAL,Não guardar distância de segurança,Colisão traseira,Sem Vítimas        ,Plena noite,Chuva,Múltipla,Urbano,Automóvel,Ignorado    ,-1.0,Inválido
83068983,22/09/2013,RN,304,MOSSORO,Outras,Colisão Transversal,Com Vítimas Feridas,Pleno dia,Sol,Dupla   ,Rural ,Motocicletas,Ferido Grave,21.0,Masculino
83068983,22/09/2013,RN,304,MOSSORO,Outras,Colisão Transversal,Com Vítimas Feridas,Pleno dia,Sol,Dupla   ,Rural ,Automóvel,Ileso       ,34.0,Masculino
83069000,22/09/2013,RN,304,MOSSORO,Animais na Pista,Capotamento,Sem Vítimas        ,Pleno dia,Ceu Claro,Simples ,Rural ,Caminhonete,Ileso       ,19.0,Masculino
83069115,22/09/2013,RN,101,PARNAMIRIM,Falta de atenção,Colisão traseira,Sem Vítimas        ,Anoitecer,Ceu Claro,Dupla   ,Urbano,Automóvel,Ileso       ,24.0,Feminino
83069115,22/09/2013,RN,101,PARNAMIRIM,Falta de atenção,Colisão traseira,Sem Vítimas        ,Anoitecer,Ceu Claro,Dupla   ,Urbano,Automóvel,Ileso       ,-1.0,Feminino
83069124,22/09/2013,RN,101,EXTREMOZ,Falta de atenção,Colisão Transversal,Sem Vítimas        ,Anoitecer,Ceu Claro,Simples ,Rural ,Automóvel,Ileso       ,50.0,Feminino
83069124,22/09/2013,RN,101,EXTREMOZ,Falta de atenção,Colisão Transversal,Sem Vítimas        ,Anoitecer,Ceu Claro,Simples ,Rural ,Automóvel,Ileso       ,28.0,Masculino
83069140,22/09/2013,RN,101,SAO GONCALO DO AMARANTE,Não guardar distância de segurança,Colisão traseira,Com Vítimas Feridas,Pleno dia,Sol,Dupla   ,Urbano,Ciclomotor,Ferido Grave,40.0,Masculino
83069140,22/09/2013,RN,101,SAO GONCALO DO AMARANTE,Não guardar distância de segurança,Colisão traseira,Com Vítimas Feridas,Pleno dia,Sol,Dupla   ,Urbano,Automóvel,Ignorado    ,-1.0,Inválido
83069146,22/09/2013,RN,101,SAO JOSE DE MIPIBU,Falta de atenção,Colisão com bicicleta,Com Vítimas Fatais ,Pleno dia,Ceu Claro,Dupla   ,Urbano,Automóvel,Ileso       ,66.0,Masculino
83069146,22/09/2013,RN,101,SAO JOSE DE MIPIBU,Falta de atenção,Colisão com bicicleta,Com Vítimas Fatais ,Pleno dia,Ceu Claro,Dupla   ,Urbano,Bicicleta,Morto       ,20.0,Masculino
83069183,19/09/2013,RN,304,MACAIBA,Outras,Colisão traseira,Sem Vítimas        ,Pleno dia,Ceu Claro,Simples ,Rural ,Automóvel,Ileso       ,61.0,Masculino
83069183,19/09/2013,RN,304,MACAIBA,Outras,Colisão traseira,Sem Vítimas        ,Pleno dia,Ceu Claro,Simples ,Rural ,Caminhão,Ileso       ,56.0,Masculino
83069222,22/09/2013,RN,304,SANTA MARIA,Ingestão de álcool,Colisão lateral,Com Vítimas Feridas,Plena noite,Nublado,Simples ,Rural ,Motocicletas,Ferido Grave,48.0,Masculino
83069222,22/09/2013,RN,304,SANTA MARIA,Ingestão de álcool,Colisão lateral,Com Vítimas Feridas,Plena noite,Nublado,Simples ,Rural ,Automóvel,Ileso       ,32.0,Masculino
83069260,22/09/2013,RN,226,CAMPO REDONDO,Outras,Colisão Transversal,Com Vítimas Fatais ,Plena noite,Ceu Claro,Simples ,Rural ,Automóvel,Ignorado    ,61.0,Masculino
83069260,22/09/2013,RN,226,CAMPO REDONDO,Outras,Colisão Transversal,Com Vítimas Fatais ,Plena noite,Ceu Claro,Simples ,Rural ,Automóvel,Ferido Leve ,48.0,Masculino
83069260,22/09/2013,RN,226,CAMPO REDONDO,Outras,Colisão Transversal,Com Vítimas Fatais ,Plena noite,Ceu Claro,Simples ,Rural ,Automóvel,Morto       ,66.0,Feminino
83069268,18/09/2013,RN,101,NATAL,Não guardar distância de segurança,Colisão traseira,Sem Vítimas        ,Pleno dia,Ceu Claro,Múltipla,Urbano,Automóvel,Ileso       ,25.0,Feminino
83069268,18/09/2013,RN,101,NATAL,Não guardar distância de segurança,Colisão traseira,Sem Vítimas        ,Pleno dia,Ceu Claro,Múltipla,Urbano,Caminhão,Ileso       ,32.0,Masculino
83069310,19/09/2013,RN,406,SAO GONCALO DO AMARANTE,Falta de atenção,Colisão Transversal,Sem Vítimas        ,Pleno dia,Ceu Claro,Simples ,Rural ,Automóvel,Ileso       ,40.0,Masculino
83069310,19/09/2013,RN,406,SAO GONCALO DO AMARANTE,Falta de atenção,Colisão Transversal,Sem Vítimas        ,Pleno dia,Ceu Claro,Simples ,Rural ,Caminhão,Ileso       ,28.0,Masculino
83069381,12/09/2013,RN,101,PARNAMIRIM,Falta de atenção,Colisão lateral,Sem Vítimas        ,Anoitecer,Nublado,Múltipla,Urbano,Caminhonete,Ileso       ,30.0,Masculino
83069381,12/09/2013,RN,101,PARNAMIRIM,Falta de atenção,Colisão lateral,Sem Vítimas        ,Anoitecer,Nublado,Múltipla,Urbano,Utilitário,Ileso       ,33.0,Masculino
83069382,23/09/2013,RN,110,MOSSORO,Falta de atenção,Colisão lateral,Sem Vítimas        ,Pleno dia,Nublado,Simples ,Urbano,Automóvel,Ileso       ,34.0,Masculino
83069382,23/09/2013,RN,110,MOSSORO,Falta de atenção,Colisão lateral,Sem Vítimas        ,Pleno dia,Nublado,Simples ,Urbano,Motocicletas,Ileso       ,19.0,Masculino
83069400,19/09/2013,RN,101,NATAL,Não guardar distância de segurança,Colisão traseira,Sem Vítimas        ,Pleno dia,Ceu Claro,Dupla   ,Urbano,Automóvel,Ileso       ,-1.0,Masculino
83069400,19/09/2013,RN,101,NATAL,Não guardar distância de segurança,Colisão traseira,Sem Vítimas        ,Pleno dia,Ceu Claro,Dupla   ,Urbano,Automóvel,Ileso       ,-1.0,Masculino
83069400,19/09/2013,RN,101,NATAL,Não guardar distância de segurança,Colisão traseira,Sem Vítimas        ,Pleno dia,Ceu Claro,Dupla   ,Urbano,Automóvel,Ileso       ,-1.0,Masculino
83069400,19/09/2013,RN,101,NATAL,Não guardar distância de segurança,Colisão traseira,Sem Vítimas        ,Pleno dia,Ceu Claro,Dupla   ,Urbano,Automóvel,Ileso       ,-1.0,Masculino
83069400,19/09/2013,RN,101,NATAL,Não guardar distância de segurança,Colisão traseira,Sem Vítimas        ,Pleno dia,Ceu Claro,Dupla   ,Urbano,Automóvel,Ileso       ,-1.0,Masculino
83069478,22/09/2013,RN,304,MOSSORO,Ingestão de álcool,Colisão Transversal,Com Vítimas Feridas,Plena noite,Ceu Claro,Dupla   ,Urbano,Caminhão,Ileso       ,28.0,Masculino
83069478,22/09/2013,RN,304,MOSSORO,Ingestão de álcool,Colisão Transversal,Com Vítimas Feridas,Plena noite,Ceu Claro,Dupla   ,Urbano,Carroça,Ferido Leve ,33.0,Masculino
83069499,23/09/2013,RN,101,NATAL,Falta de atenção,Colisão traseira,Sem Vítimas        ,Pleno dia,Ceu Claro,Dupla   ,Urbano,Automóvel,Ileso       ,51.0,Masculino
83069499,23/09/2013,RN,101,NATAL,Falta de atenção,Colisão traseira,Sem Vítimas        ,Pleno dia,Ceu Claro,Dupla   ,Urbano,Automóvel,Ileso       ,27.0,Feminino
83069499,23/09/2013,RN,101,NATAL,Falta de atenção,Colisão traseira,Sem Vítimas        ,Pleno dia,Ceu Claro,Dupla   ,Urbano,Automóvel,Ileso       ,48.0,Feminino
83069499,23/09/2013,RN,101,NATAL,Falta de atenção,Colisão traseira,Sem Vítimas        ,Pleno dia,Ceu Claro,Dupla   ,Urbano,Automóvel,Ileso       ,35.0,Feminino
83069566,23/09/2013,RN,101,NATAL,Falta de atenção,Colisão traseira,Sem Vítimas        ,Pleno dia,Ceu Claro,Dupla   ,Urbano,Automóvel,Ileso       ,-1.0,Masculino
83069566,23/09/2013,RN,101,NATAL,Falta de atenção,Colisão traseira,Sem Vítimas        ,Pleno dia,Ceu Claro,Dupla   ,Urbano,Automóvel,Ileso       ,-1.0,Feminino
83069566,23/09/2013,RN,101,NATAL,Falta de atenção,Colisão traseira,Sem Vítimas        ,Pleno dia,Ceu Claro,Dupla   ,Urbano,Automóvel,Ileso       ,-1.0,Feminino
83069639,23/09/2013,RN,101,NATAL,Outras,Colisão traseira,Com Vítimas Feridas,Anoitecer,Ceu Claro,Dupla   ,Urbano,Motocicletas,Ferido Leve ,27.0,Masculino
83069639,23/09/2013,RN,101,NATAL,Outras,Colisão traseira,Com Vítimas Feridas,Anoitecer,Ceu Claro,Dupla   ,Urbano,Caminhonete,Ileso       ,33.0,Masculino
83069665,23/09/2013,RN,101,PARNAMIRIM,Falta de atenção,Colisão traseira,Sem Vítimas        ,Plena noite,Ceu Claro,Dupla   ,Rural ,Automóvel,Ileso       ,-1.0,Masculino
83069665,23/09/2013,RN,101,PARNAMIRIM,Falta de atenção,Colisão traseira,Sem Vítimas        ,Plena noite,Ceu Claro,Dupla   ,Rural ,Caminhão,Ileso       ,-1.0,Masculino
83069790,19/09/2013,RN,304,MOSSORO,Falta de atenção,Colisão traseira,Sem Vítimas        ,Amanhecer,Ceu Claro,Dupla   ,Urbano,Automóvel,Ileso       ,38.0,Masculino
83069790,19/09/2013,RN,304,MOSSORO,Falta de atenção,Colisão traseira,Sem Vítimas        ,Amanhecer,Ceu Claro,Dupla   ,Urbano,Automóvel,Ignorado    ,-1.0,Inválido
83069889,11/09/2013,RN,101,NATAL,Desobediência à sinalização,Colisão Transversal,Sem Vítimas        ,Pleno dia,Ceu Claro,Múltipla,Urbano,Automóvel,Ileso       ,46.0,Masculino
83069889,11/09/2013,RN,101,NATAL,Desobediência à sinalização,Colisão Transversal,Sem Vítimas        ,Pleno dia,Ceu Claro,Múltipla,Urbano,Motocicletas,Ileso       ,27.0,Masculino
83069962,23/09/2013,RN,101,NATAL,Falta de atenção,Colisão lateral,Sem Vítimas        ,Pleno dia,Ceu Claro,Múltipla,Urbano,Automóvel,Ileso       ,47.0,Masculino
83069962,23/09/2013,RN,101,NATAL,Falta de atenção,Colisão lateral,Sem Vítimas        ,Pleno dia,Ceu Claro,Múltipla,Urbano,Automóvel,Ileso       ,30.0,Masculino