id,data_inversa,uf,br,municipio,causa_acidente,tipo_acidente,classificacao_acidente,fase_dia,condicao_metereologica,tipo_pista,uso_solo,tipo_veiculo,estado_fisico,idade,sexo
83072669,29/09/2013,RN,405,SEVERIANO MELO,Outras,Colisão frontal,Com Vítimas Fatais ,Pleno dia,Ceu Claro,Simples ,Rural ,Automóvel,Ferido Leve ,40.0,Masculino
83072669,29/09/2013,RN,405,SEVERIANO MELO,Outras,Colisão frontal,Com Vítimas Fatais ,Pleno dia,Ceu Claro,Simples ,Rural ,Motoneta,Morto       ,22.0,Masculino
83072675,29/09/2013,RN,101,PARNAMIRIM,Não guardar distância de segurança,Colisão traseira,Com Vítimas Feridas,Plena noite,Ignorada,Dupla   ,Urbano,Automóvel,Ileso       ,29.0,Masculino
83072675,29/09/2013,RN,101,PARNAMIRIM,Não guardar distância de segurança,Colisão traseira,Com Vítimas Feridas,Plena noite,Ignorada,Dupla   ,Urbano,Automóvel,Ferido Leve ,31.0,Feminino
83072675,29/09/2013,RN,101,PARNAMIRIM,Não guardar distância de segurança,Colisão traseira,Com Vítimas Feridas,Plena noite,Ignorada,Dupla   ,Urbano,Ônibus,Ileso       ,68.0,Masculino
83072701,29/09/2013,RN,406,SAO GONCALO DO AMARANTE,Ingestão de álcool,Colisão traseira,Sem Vítimas        ,Plena noite,Ceu Claro,Simples ,Rural ,Automóvel,Ileso       ,25.0,Masculino
83072701,29/09/2013,RN,406,SAO GONCALO DO AMARANTE,Ingestão de álcool,Colisão traseira,Sem Vítimas        ,Plena noite,Ceu Claro,Simples ,Rural ,Caminhonete,Ileso       ,55.0,Masculino
83072932,30/09/2013,RN,101,NATAL,Não guardar distância de segurança,Colisão lateral,Sem Vítimas        ,Pleno dia,Ceu Claro,Múltipla,Urbano,Caminhão,Ileso       ,61.0,Masculino
83072932,30/09/2013,RN,101,NATAL,Não guardar distância de segurança,Colisão lateral,Sem Vítimas        ,Pleno dia,Ceu Claro,Múltipla,Urbano,Automóvel,Ileso       ,38.0,Masculino
83073069,30/09/2013,RN,304,LAJES,Não guardar distância de segurança,Colisão traseira,Sem Vítimas        ,Pleno dia,Ceu Claro,Simples ,Rural ,Automóvel,Ileso       ,35.0,Masculino
83073069,30/09/2013,RN,304,LAJES,Não guardar distância de segurança,Colisão traseira,Sem Vítimas        ,Pleno dia,Ceu Claro,Simples ,Rural ,Automóvel,Ileso       ,41.0,Masculino
83073114,27/09/2013,RN,304,MACAIBA,Outras,Colisão lateral,Com Vítimas Feridas,Pleno dia,Ceu Claro,Simples ,Urbano,Motocicletas,Ferido Leve ,32.0,Masculino
83073114,27/09/2013,RN,304,MACAIBA,Outras,Colisão lateral,Com Vítimas Feridas,Pleno dia,Ceu Claro,Simples ,Urbano,Motocicletas,Ferido Leve ,24.0,Masculino
83073114,27/09/2013,RN,304,MACAIBA,Outras,Colisão lateral,Com Vítimas Feridas,Pleno dia,Ceu Claro,Simples ,Urbano,Automóvel,Ileso       ,32.0,Masculino
83073117,25/09/2013,RN,304,MOSSORO,Falta de atenção,Colisão Transversal,Sem Vítimas        ,Pleno dia,Ceu Claro,Simples ,Urbano,Automóvel,Ileso       ,35.0,Masculino
83073117,25/09/2013,RN,304,MOSSORO,Falta de atenção,Colisão Transversal,Sem Vítimas        ,Pleno dia,Ceu Claro,Simples ,Urbano,Caminhão-Trator,Ileso       ,58.0,Masculino
83073153,22/09/2013,RN,101,NATAL,Outras,Colisão Transversal,Com Vítimas Feridas,Pleno dia,Ceu Claro,Múltipla,Urbano,Motoneta,Ferido Leve ,36.0,Masculino
83073153,22/09/2013,RN,101,NATAL,Outras,Colisão Transversal,Com Vítimas Feridas,Pleno dia,Ceu Claro,Múltipla,Urbano,Não identificado,Ignorado    ,-1.0,Inválido
83073195,30/09/2013,RN,226,NATAL,Desobediência à sinalização,Colisão traseira,Sem Vítimas        ,Pleno dia,Ceu Claro,Simples ,Urbano,Automóvel,Ileso       ,46.0,Masculino
83073195,30/09/2013,RN,226,NATAL,Desobediência à sinalização,Colisão traseira,Sem Vítimas        ,Pleno dia,Ceu Claro,Simples ,Urbano,Automóvel,Ileso       ,26.0,Feminino
83073195,30/09/2013,RN,226,NATAL,Desobediência à sinalização,Colisão traseira,Sem Vítimas        ,Pleno dia,Ceu Claro,Simples ,Urbano,Automóvel,Ileso       ,33.0,Masculino
83073218,27/09/2013,RN,101,NATAL,Desobediência à sinalização,Colisão Transversal,Sem Vítimas        ,Pleno dia,Ceu Claro,Múltipla,Urbano,Camioneta,Ileso       ,58.0,Masculino
83073218,27/09/2013,RN,101,NATAL,Desobediência à sinalização,Colisão Transversal,Sem Vítimas        ,Pleno dia,Ceu Claro,Múltipla,Urbano,Automóvel,Ileso       ,55.0,Masculino
83073225,27/09/2013,RN,101,NATAL,Defeito mecânico em veículo,Colisão traseira,Sem Vítimas        ,Plena noite,Ceu Claro,Dupla   ,Urbano,Caminhonete,Ileso       ,26.0,Masculino
83073225,27/09/2013,RN,101,NATAL,Defeito mecânico em veículo,Colisão traseira,Sem Vítimas        ,Plena noite,Ceu Claro,Dupla   ,Urbano,Automóvel,Ileso       ,44.0,Feminino
83073239,27/09/2013,RN,101,NATAL,Falta de atenção,Colisão Transversal,Sem Vítimas        ,Pleno dia,Ceu Claro,Múltipla,Urbano,Camioneta,Ileso       ,58.0,Masculino
83073239,27/09/2013,RN,101,NATAL,Falta de atenção,Colisão Transversal,Sem Vítimas        ,Pleno dia,Ceu Claro,Múltipla,Urbano,Caminhonete,Ileso       ,38.0,Masculino
83073240,27/09/2013,RN,101,NATAL,Não guardar distância de segurança,Colisão traseira,Sem Vítimas        ,Plena noite,Nublado,Múltipla,Urbano,Automóvel,Ileso       ,-1.0,Masculino
83073240,27/09/2013,RN,101,NATAL,Não guardar distância de segurança,Colisão traseira,Sem Vítimas        ,Plena noite,Nublado,Múltipla,Urbano,Automóvel,Ileso       ,32.0,Feminino
83073279,28/09/2013,RN,101,EXTREMOZ,Desobediência à sinalização,Colisão Transversal,Com Vítimas Feridas,Plena noite,Ceu Claro,Dupla   ,Rural ,Motoneta,Ferido Grave,35.0,Masculino
83073279,28/09/2013,RN,101,EXTREMOZ,Desobediência à sinalização,Colisão Transversal,Com Vítimas Feridas,Plena noite,Ceu Claro,Dupla   ,Rural ,Motoneta,Ferido Leve ,-1.0,Masculino
83073279,28/09/2013,RN,101,EXTREMOZ,Desobediência à sinalização,Colisão Transversal,Com Vítimas Feridas,Plena noite,Ceu Claro,Dupla   ,Rural ,Automóvel,Ignorado    ,-1.0,Inválido
83073409,29/09/2013,RN,406,CEARA-MIRIM,Outras,Queda de motocicleta / bicicleta / veículo,Com Vítimas Feridas,Amanhecer,Ceu Claro,Simples ,Rural ,Motocicletas,Ferido Grave,23.0,Masculino
83073409,29/09/2013,RN,406,CEARA-MIRIM,Outras,Queda de motocicleta / bicicleta / veículo,Com Vítimas Feridas,Amanhecer,Ceu Claro,Simples ,Rural ,Motocicletas,Ferido Grave,18.0,Feminino
83073432,29/09/2013,RN,304,MOSSORO,Animais na Pista,Capotamento,Ignorado           ,Plena noite,Ceu Claro,Simples ,Rural ,Caminhonete,Ignorado    ,-1.0,Masculino
83073436,29/09/2013,RN,110,AREIA BRANCA,Outras,Colisão Transversal,Com Vítimas Feridas,Plena noite,Ceu Claro,Simples ,Urbano,Motocicletas,Ferido Leve ,11.0,Masculino
83073436,29/09/2013,RN,110,AREIA BRANCA,Outras,Colisão Transversal,Com Vítimas Feridas,Plena noite,Ceu Claro,Simples ,Urbano,Utilitário,Ileso       ,53.0,Masculino
83073436,29/09/2013,RN,110,AREIA BRANCA,Outras,Colisão Transversal,Com Vítimas Feridas,Plena noite,Ceu Claro,Simples ,Urbano,Motocicletas,Ferido Leve ,23.0,Feminino
83073436,29/09/2013,RN,110,AREIA BRANCA,Outras,Colisão Transversal,Com Vítimas Feridas,Plena noite,Ceu Claro,Simples ,Urbano,Motocicletas,Ferido Leve ,15.0,Masculino
83073659,02/10/2013,RN,304,MOSSORO,Animais na Pista,Atropelamento de animal,Sem Vítimas        ,Plena noite,Ceu Claro,Simples ,Rural ,Caminhão,Ileso       ,38.0,Masculino
83073670,27/09/2013,RN,101,NATAL,Ultrapassagem indevida,Colisão lateral,Com Vítimas Feridas,Anoitecer,Ceu Claro,Múltipla,Urbano,Motocicletas,Ferido Leve ,22.0,Masculino
83073670,27/09/2013,RN,101,NATAL,Ultrapassagem indevida,Colisão lateral,Com Vítimas Feridas,Anoitecer,Ceu Claro,Múltipla,Urbano,Automóvel,Ileso       ,56.0,Masculino
83073807,02/10/2013,RN,101,NATAL,Falta de atenção,Colisão Transversal,Sem Vítimas        ,Pleno dia,Ceu Claro,Dupla   ,Urbano,Automóvel,Ileso       ,32.0,Feminino
83073807,02/10/2013,RN,101,NATAL,Falta de atenção,Colisão Transversal,Sem Vítimas        ,Pleno dia,Ceu Claro,Dupla   ,Urbano,Automóvel,Ileso       ,42.0,Masculino
83073807,02/10/2013,RN,101,NATAL,Falta de atenção,Colisão Transversal,Sem Vítimas        ,Pleno dia,Ceu Claro,Dupla   ,Urbano,Automóvel,Ileso       ,32.0,Masculino
83073807,02/10/2013,RN,101,NATAL,Falta de atenção,Colisão Transversal,Sem Vítimas        ,Pleno dia,Ceu Claro,Dupla   ,Urbano,Automóvel,Ignorado    ,-1.0,Inválido
83073884,02/10/2013,RN,226,NATAL,Não guardar distância de segurança,Colisão traseira,Com Vítimas Feridas,Pleno dia,Ceu Claro,Simples ,Urbano,Automóvel,Ileso       ,32.0,Masculino
83073884,02/10/2013,RN,226,NATAL,Não guardar distância de segurança,Colisão traseira,Com Vítimas Feridas,Pleno dia,Ceu Claro,Simples ,Urbano,Motocicletas,Ileso       ,20.0,Masculino
83073884,02/10/2013,RN,226,NATAL,Não guardar distância de segurança,Colisão traseira,Com Vítimas Feridas,Pleno dia,Ceu Claro,Simples ,Urbano,Motocicletas,Ferido Leve ,15.0,Feminino
83073948,26/09/2013,RN,101,NATAL,Não guardar distância de segurança,Colisão lateral,Sem Vítimas        ,Pleno dia,Sol,Dupla   ,Urbano,Motocicletas,Ileso       ,47.0,Masculino
83073948,26/09/2013,RN,101,NATAL,Não guardar distância de segurança,Colisão lateral,Sem Vítimas        ,Pleno dia,Sol,Dupla   ,Urbano,Ônibus,Ileso       ,-1.0,Inválido
83074101,30/09/2013,RN,304,SANTA MARIA,Outras,Colisão traseira,Com Vítimas Fatais ,Pleno dia,Ceu Claro,Simples ,Rural ,Caminhão,Ileso       ,45.0,Masculino
83074101,30/09/2013,RN,304,SANTA MARIA,Outras,Colisão traseira,Com Vítimas Fatais ,Pleno dia,Ceu Claro,Simples ,Rural ,(null),Morto       ,78.0,Masculino
83074101,30/09/2013,RN,304,SANTA MARIA,Outras,Colisão traseira,Com Vítimas Fatais ,Pleno dia,Ceu Claro,Simples ,Rural ,Automóvel,Ileso       ,62.0,Masculino
83074101,30/09/2013,RN,304,SANTA MARIA,Outras,Colisão traseira,Com Vítimas Fatais ,Pleno dia,Ceu Claro,Simples ,Rural ,Automóvel,Ignorado    ,-1.0,Masculino
83074130,02/10/2013,RN,226,NATAL,Defeito mecânico em veículo,Colisão lateral,Sem Vítimas        ,Plena noite,Ceu Claro,Simples ,Urbano,Caminhonete,Ileso       ,49.0,Masculino
83074130,02/10/2013,RN,226,NATAL,Defeito mecânico em veículo,Colisão lateral,Sem Vítimas        ,Plena noite,Ceu Claro,Simples ,Urbano,Caminhão,Ileso       ,-1.0,Masculino
83074130,02/10/2013,RN,226,NATAL,Defeito mecânico em veículo,Colisão lateral,Sem Vítimas        ,Plena noite,Ceu Claro,Simples ,Urbano,Caminhonete,Ileso       ,39.0,Masculino
83074150,02/10/2013,RN,101,NATAL,Falta de atenção,Colisão traseira,Sem Vítimas        ,Plena noite,Ceu Claro,Múltipla,Urbano,Automóvel,Ileso       ,21.0,Feminino
83074150,02/10/2013,RN,101,NATAL,Falta de atenção,Colisão traseira,Sem Vítimas        ,Plena noite,Ceu Claro,Múltipla,Urbano,Automóvel,Ileso       ,27.0,Masculino
83074150,02/10/2013,RN,101,NATAL,Falta de atenção,Colisão traseira,Sem Vítimas        ,Plena noite,Ceu Claro,Múltipla,Urbano,Caminhão-Trator,Ileso       ,28.0,Masculino
83074182,02/10/2013,RN,101,NATAL,Não guardar distância de segurança,Colisão traseira,Com Vítimas Feridas,Plena noite,Ignorada,Dupla   ,Urbano,Camioneta,Ileso       ,20.0,Masculino
83074182,02/10/2013,RN,101,NATAL,Não guardar distância de segurança,Colisão traseira,Com Vítimas Feridas,Plena noite,Ignorada,Dupla   ,Urbano,Motocicletas,Ferido Leve ,34.0,Masculino
83074189,02/10/2013,RN,101,NATAL,Falta de atenção,Colisão lateral,Sem Vítimas        ,Plena noite,Ceu Claro,Dupla   ,Urbano,Automóvel,Ileso       ,55.0,Masculino
83074189,02/10/2013,RN,101,NATAL,Falta de atenção,Colisão lateral,Sem Vítimas        ,Plena noite,Ceu Claro,Dupla   ,Urbano,Automóvel,Ileso       ,40.0,Masculino
83074366,03/10/2013,RN,101,CANGUARETAMA,Defeito mecânico em veículo,Saída de Pista,Sem Vítimas        ,Pleno dia,Sol,Múltipla,Urbano,Automóvel,Ileso       ,30.0,Masculino
83074374,03/10/2013,RN,101,NATAL,Falta de atenção,Colisão lateral,Sem Vítimas        ,Pleno dia,Sol,Dupla   ,Urbano,Automóvel,Ileso       ,47.0,Feminino
83074374,03/10/2013,RN,101,NATAL,Falta de atenção,Colisão lateral,Sem Vítimas        ,Pleno dia,Sol,Dupla   ,Urbano,Ônibus,Ileso       ,41.0,Masculino
83074434,30/09/2013,RN,101,SAO GONCALO DO AMARANTE,Outras,Colisão lateral,Sem Vítimas        ,Pleno dia,Ceu Claro,Simples ,Urbano,Automóvel,Ileso       ,32.0,Masculino
83074434,30/09/2013,RN,101,SAO GONCALO DO AMARANTE,Outras,Colisão lateral,Sem Vítimas        ,Pleno dia,Ceu Claro,Simples ,Urbano,Automóvel,Ileso       ,57.0,Masculino
83074452,01/10/2013,RN,427,CAICO,Outras,Colisão lateral,Sem Vítimas        ,Pleno dia,Sol,Simples ,Urbano,Automóvel,Ileso       ,-1.0,Masculino
83074452,01/10/2013,RN,427,CAICO,Outras,Colisão lateral,Sem Vítimas        ,Pleno dia,Sol,Simples ,Urbano,Motocicletas,Ileso       ,-1.0,Masculino
83074478,03/10/2013,RN,304,MOSSORO,Falta de atenção,Colisão Transversal,Com Vítimas Feridas,Pleno dia,Ceu Claro,Dupla   ,Urbano,Caminhonete,Ileso       ,86.0,Masculino
83074478,03/10/2013,RN,304,MOSSORO,Falta de atenção,Colisão Transversal,Com Vítimas Feridas,Pleno dia,Ceu Claro,Dupla   ,Urbano,Microônibus,Ileso       ,31.0,Masculino
83074478,03/10/2013,RN,304,MOSSORO,Falta de atenção,Colisão Transversal,Com Vítimas Feridas,Pleno dia,Ceu Claro,Dupla   ,Urbano,Microônibus,Ferido Leve ,24.0,Masculino
83074478,03/10/2013,RN,304,MOSSORO,Falta de atenção,Colisão Transversal,Com Vítimas Feridas,Pleno dia,Ceu Claro,Dupla   ,Urbano,Microônibus,Ferido Leve ,21.0,Masculino
83074478,03/10/2013,RN,304,MOSSORO,Falta de atenção,Colisão Transversal,Com Vítimas Feridas,Pleno dia,Ceu Claro,Dupla   ,Urbano,Microônibus,Ferido Leve ,19.0,Masculino
83074588,03/10/2013,RN,101,NATAL,Falta de atenção,Colisão traseira,Sem Vítimas        ,Plena noite,Chuva,Dupla   ,Urbano,Automóvel,Ileso       ,69.0,Masculino
83074588,03/10/2013,RN,101,NATAL,Falta de atenção,Colisão traseira,Sem Vítimas        ,Plena noite,Chuva,Dupla   ,Urbano,Ônibus,Ileso       ,43.0,Masculino
83074633,30/09/2013,RN,304,LAJES,Falta de atenção,Capotamento,Sem Vítimas        ,Pleno dia,Ceu Claro,Simples ,Rural ,Caminhonete,Ileso       ,36.0,Masculino
83074633,30/09/2013,RN,304,LAJES,Falta de atenção,Capotamento,Sem Vítimas        ,Pleno dia,Ceu Claro,Simples ,Rural ,Caminhão-Trator,Ileso       ,47.0,Masculino
83074682,30/09/2013,RN,101,CANGUARETAMA,Defeito mecânico em veículo,Tombamento,Sem Vítimas        ,Plena noite,Ignorada,Dupla   ,Rural ,Caminhão,Ileso       ,26.0,Masculino
83074790,30/09/2013,RN,427,CAICO,Falta de atenção,Colisão Transversal,Sem Vítimas        ,Pleno dia,Sol,Simples ,Urbano,Automóvel,Ileso       ,-1.0,Masculino
83074790,30/09/2013,RN,427,CAICO,Falta de atenção,Colisão Transversal,Sem Vítimas        ,Pleno dia,Sol,Simples ,Urbano,Automóvel,Ileso       ,21.0,Feminino
83074968,13/08/2013,RN,405,SAO FRANCISCO DO OESTE,Outras,Tombamento,Com Vítimas Fatais ,Pleno dia,Sol,Simples ,Rural ,Caminhão-Trator,Morto       ,42.0,Masculino
83075040,04/10/2013,RN,304,MACAIBA,Defeito na via,Colisão lateral,Sem Vítimas        ,Pleno dia,Sol,Dupla   ,Urbano,Caminhão-Trator,Ileso       ,41.0,Masculino
83075040,04/10/2013,RN,304,MACAIBA,Defeito na via,Colisão lateral,Sem Vítimas        ,Pleno dia,Sol,Dupla   ,Urbano,Automóvel,Ileso       ,31.0,Masculino
83075077,30/09/2013,RN,101,NATAL,Falta de atenção,Colisão traseira,Sem Vítimas        ,Plena noite,Ceu Claro,Múltipla,Urbano,Automóvel,Ileso       ,47.0,Feminino
83075077,30/09/2013,RN,101,NATAL,Falta de atenção,Colisão traseira,Sem Vítimas        ,Plena noite,Ceu Claro,Múltipla,Urbano,Automóvel,Ileso       ,31.0,Feminino
83075217,04/10/2013,RN,101,NATAL,Não guardar distância de segurança,Colisão traseira,Sem Vítimas        ,Pleno dia,Ceu Claro,Dupla   ,Urbano,Automóvel,Ileso       ,24.0,Masculino
83075217,04/10/2013,RN,101,NATAL,Não guardar distância de segurança,Colisão traseira,Sem Vítimas        ,Pleno dia,Ceu Claro,Dupla   ,Urbano,Caminhão,Ileso       ,61.0,Masculino
83075247,01/10/2013,RN,304,MACAIBA,Falta de atenção,Colisão lateral,Sem Vítimas        ,Pleno dia,Ceu Claro,Simples ,Urbano,Camioneta,Ileso       ,28.0,Masculino
83075247,01/10/2013,RN,304,MACAIBA,Falta de atenção,Colisão lateral,Sem Vítimas        ,Pleno dia,Ceu Claro,Simples ,Urbano,Caminhonete,Ileso       ,30.0,Masculino
83075472,03/10/2013,RN,101,GOIANINHA,Não guardar distância de segurança,Colisão traseira,Sem Vítimas        ,Pleno dia,Ceu Claro,Dupla   ,Rural ,Automóvel,Ileso       ,36.0,Feminino
83075472,03/10/2013,RN,101,GOIANINHA,Não guardar distância de segurança,Colisão traseira,Sem Vítimas        ,Pleno dia,Ceu Claro,Dupla   ,Rural ,Automóvel,Ileso       ,22.0,Masculino
83075472,03/10/2013,RN,101,GOIANINHA,Não guardar distância de segurança,Colisão traseira,Sem Vítimas        ,Pleno dia,Ceu Claro,Dupla   ,Rural ,Automóvel,Ileso       ,32.0,Masculino
83075512,01/10/2013,RN,101,NATAL,Falta de atenção,Colisão traseira,Sem Vítimas        ,Plena noite,Nublado,Dupla   ,Urbano,Automóvel,Ignorado    ,-1.0,Feminino
83075512,01/10/2013,RN,101,NATAL,Falta de atenção,Colisão traseira,Sem Vítimas        ,Plena noite,Nublado,Dupla   ,Urbano,Automóvel,Ileso       ,32.0,Masculino
83075533,05/10/2013,RN,101,SAO GONCALO DO AMARANTE,Não guardar distância de segurança,Colisão lateral,Sem Vítimas        ,Pleno dia,Ceu Claro,Dupla   ,Urbano,Automóvel,Ileso       ,35.0,Feminino
83075533,05/10/2013,RN,101,SAO GONCALO DO AMARANTE,Não guardar distância de segurança,Colisão lateral,Sem Vítimas        ,Pleno dia,Ceu Claro,Dupla   ,Urbano,Caminhão-Trator,Ileso       ,62.0,Masculino
83075601,02/10/2013,RN,427,CAICO,Falta de atenção,Colisão lateral,Sem Vítimas        ,Pleno dia,Ceu Claro,Simples ,Urbano,Automóvel,Ileso       ,34.0,Feminino
83075601,02/10/2013,RN,427,CAICO,Falta de atenção,Colisão lateral,Sem Vítimas        ,Pleno dia,Ceu Claro,Simples ,Urbano,Automóvel,Ileso       ,24.0,Masculino
83075608,05/10/2013,RN,101,NATAL,Outras,Capotamento,Com Vítimas Feridas,Pleno dia,Sol,Múltipla,Urbano,Automóvel,Ferido Leve ,26.0,Feminino
83075608,05/10/2013,RN,101,NATAL,Outras,Capotamento,Com Vítimas Feridas,Pleno dia,Sol,Múltipla,Urbano,Automóvel,Ferido Leve ,30.0,Feminino
83075608,05/10/2013,RN,101,NATAL,Outras,Capotamento,Com Vítimas Feridas,Pleno dia,Sol,Múltipla,Urbano,Automóvel,Ileso       ,-1.0,Feminino
83075701,05/10/2013,RN,101,CANGUARETAMA,Falta de atenção,Colisão traseira,Sem Vítimas        ,Anoitecer,Ceu Claro,Dupla   ,Rural ,Motocicletas,Ileso       ,50.0,Masculino
83075701,05/10/2013,RN,101,CANGUARETAMA,Falta de atenção,Colisão traseira,Sem Vítimas        ,Anoitecer,Ceu Claro,Dupla   ,Rural ,Microônibus,Ileso       ,55.0,Masculino
83075810,05/10/2013,RN,406,SAO GONCALO DO AMARANTE,Animais na Pista,Atropelamento de animal,Sem Vítimas        ,Plena noite,Nublado,Simples ,Urbano,Automóvel,Ileso       ,21.0,Masculino
83075869,06/10/2013,RN,110,MOSSORO,Outras,Colisão com objeto fixo,Ignorado           ,Plena noite,Ceu Claro,Simples ,Urbano,Automóvel,Ignorado    ,-1.0,Masculino
83075932,24/09/2013,RN,101,NATAL,Não guardar distância de segurança,Colisão traseira,Sem Vítimas        ,Pleno dia,Ceu Claro,Dupla   ,Urbano,Automóvel,Ileso       ,22.0,Masculino
83075932,24/09/2013,RN,101,NATAL,Não guardar distância de segurança,Colisão traseira,Sem Vítimas        ,Pleno dia,Ceu Claro,Dupla   ,Urbano,Caminhonete,Ileso       ,24.0,Masculino
83075953,25/09/2013,RN,406,POCO BRANCO,Outras,Incêndio,Sem Vítimas        ,Plena noite,Ceu Claro,Simples ,Rural ,Automóvel,Ileso       ,22.0,Masculino
83076060,02/10/2013,RN,101,PARNAMIRIM,Outras,Colisão traseira,Com Vítimas Feridas,Plena noite,Ceu Claro,Múltipla,Urbano,Caminhonete,Ileso       ,22.0,Masculino
83076060,02/10/2013,RN,101,PARNAMIRIM,Outras,Colisão traseira,Com Vítimas Feridas,Plena noite,Ceu Claro,Múltipla,Urbano,Ciclomotor,Ferido Grave,38.0,Masculino
83076082,03/10/2013,RN,101,SAO JOSE DE MIPIBU,Não guardar distância de segurança,Colisão traseira,Sem Vítimas        ,Pleno dia,Sol,Múltipla,Urbano,Automóvel,Ileso       ,32.0,Masculino
83076082,03/10/2013,RN,101,SAO JOSE DE MIPIBU,Não guardar distância de segurança,Colisão traseira,Sem Vítimas        ,Pleno dia,Sol,Múltipla,Urbano,Camioneta,Ignorado    ,-1.0,Inválido
83076093,06/10/2013,RN,304,MACAIBA,Não guardar distância de segurança,Colisão traseira,Sem Vítimas        ,Pleno dia,Ceu Claro,Simples ,Urbano,Automóvel,Ileso       ,66.0,Masculino
83076093,06/10/2013,RN,304,MACAIBA,Não guardar distância de segurança,Colisão traseira,Sem Vítimas        ,Pleno dia,Ceu Claro,Simples ,Urbano,Automóvel,Ileso       ,20.0,Masculino
83076107,03/10/2013,RN,226,SANTA CRUZ,Falta de atenção,Saída de Pista,Com Vítimas Fatais ,Amanhecer,Ceu Claro,Simples ,Rural ,Motocicletas,Morto       ,52.0,Masculino
83076151,06/10/2013,RN,101,PARNAMIRIM,Falta de atenção,Colisão lateral,Com Vítimas Feridas,Pleno dia,Ceu Claro,Dupla   ,Urbano,Automóvel,Ileso       ,25.0,Masculino
83076151,06/10/2013,RN,101,PARNAMIRIM,Falta de atenção,Colisão lateral,Com Vítimas Feridas,Pleno dia,Ceu Claro,Dupla   ,Urbano,Motocicletas,Ferido Leve ,26.0,Masculino
83076284,06/10/2013,RN,101,SAO GONCALO DO AMARANTE,Não guardar distância de segurança,Colisão traseira,Com Vítimas Feridas,Plena noite,Ceu Claro,Dupla   ,Urbano,Automóvel,Ileso       ,43.0,Masculino
83076284,06/10/2013,RN,101,SAO GONCALO DO AMARANTE,Não guardar distância de segurança,Colisão traseira,Com Vítimas Feridas,Plena noite,Ceu Claro,Dupla   ,Urbano,Motocicletas,Ferido Leve ,29.0,Masculino
83076284,06/10/2013,RN,101,SAO GONCALO DO AMARANTE,Não guardar distância de segurança,Colisão traseira,Com Vítimas Feridas,Plena noite,Ceu Claro,Dupla   ,Urbano,Motocicletas,Ferido Leve ,28.0,Feminino
83076334,06/10/2013,RN,226,CURRAIS NOVOS,Falta de atenção,Colisão lateral,Sem Vítimas        ,Plena noite,Ceu Claro,Dupla   ,Urbano,Camioneta,Ileso       ,37.0,Masculino
83076334,06/10/2013,RN,226,CURRAIS NOVOS,Falta de atenção,Colisão lateral,Sem Vítimas        ,Plena noite,Ceu Claro,Dupla   ,Urbano,Automóvel,Ileso       ,54.0,Masculino
83076396,02/10/2013,RN,304,MOSSORO,Ingestão de álcool,Colisão traseira,Com Vítimas Feridas,Pleno dia,Ceu Claro,Dupla   ,Urbano,Automóvel,Ileso       ,34.0,Masculino
83076396,02/10/2013,RN,304,MOSSORO,Ingestão de álcool,Colisão traseira,Com Vítimas Feridas,Pleno dia,Ceu Claro,Dupla   ,Urbano,Motocicletas,Ferido Leve ,23.0,Masculino
83076406,07/10/2013,RN,101,SAO GONCALO DO AMARANTE,Falta de atenção,Colisão lateral,Sem Vítimas        ,Pleno dia,Ceu Claro,Múltipla,Urbano,Caminhão-Trator,Ileso       ,56.0,Masculino
83076406,07/10/2013,RN,101,SAO GONCALO DO AMARANTE,Falta de atenção,Colisão lateral,Sem Vítimas        ,Pleno dia,Ceu Claro,Múltipla,Urbano,Automóvel,Ileso       ,58.0,Masculino
83076436,07/10/2013,RN,101,NATAL,Falta de atenção,Colisão Transversal,Sem Vítimas        ,Pleno dia,Ceu Claro,Múltipla,Urbano,Automóvel,Ileso       ,30.0,Masculino
83076436,07/10/2013,RN,101,NATAL,Falta de atenção,Colisão Transversal,Sem Vítimas        ,Pleno dia,Ceu Claro,Múltipla,Urbano,Automóvel,Ileso       ,37.0,Feminino
83076542,07/10/2013,RN,304,MOSSORO,Falta de atenção,Colisão Transversal,Sem Vítimas        ,Pleno dia,Sol,Simples ,Urbano,Automóvel,Ileso       ,30.0,Masculino
83076542,07/10/2013,RN,304,MOSSORO,Falta de atenção,Colisão Transversal,Sem Vítimas        ,Pleno dia,Sol,Simples ,Urbano,Caminhonete,Ileso       ,24.0,Masculino
83076542,07/10/2013,RN,304,MOSSORO,Falta de atenção,Colisão Transversal,Sem Vítimas        ,Pleno dia,Sol,Simples ,Urbano,Automóvel,Ileso       ,-1.0,Inválido