id,data_inversa,uf,br,municipio,causa_acidente,tipo_acidente,classificacao_acidente,fase_dia,condicao_metereologica,tipo_pista,uso_solo,tipo_veiculo,estado_fisico,idade,sexo
83093198,08/11/2013,RN,101,PARNAMIRIM,Não guardar distância de segurança,Colisão traseira,Sem Vítimas        ,Pleno dia,Ceu Claro,Dupla   ,Urbano,Automóvel,Ileso       ,29.0,Masculino
83093214,08/11/2013,RN,304,MACAIBA,Outras,Colisão lateral,Sem Vítimas        ,Pleno dia,Sol,Dupla   ,Rural ,Automóvel,Ileso       ,35.0,Masculino
83093214,08/11/2013,RN,304,MACAIBA,Outras,Colisão lateral,Sem Vítimas        ,Pleno dia,Sol,Dupla   ,Rural ,Caminhão-Tanque,Ileso       ,-1.0,Inválido
83093225,08/11/2013,RN,101,PARNAMIRIM,Falta de atenção,Colisão lateral,Sem Vítimas        ,Pleno dia,Ceu Claro,Dupla   ,Urbano,Caminhão-Trator,Ileso       ,49.0,Masculino
83093225,08/11/2013,RN,101,PARNAMIRIM,Falta de atenção,Colisão lateral,Sem Vítimas        ,Pleno dia,Ceu Claro,Dupla   ,Urbano,Ônibus,Ileso       ,45.0,Masculino
83093234,08/11/2013,RN,110,MOSSORO,Não guardar distância de segurança,Colisão com objeto fixo,Com Vítimas Feridas,Pleno dia,Sol,Simples ,Urbano,Motocicletas,Ferido Leve ,20.0,Feminino
83093234,08/11/2013,RN,110,MOSSORO,Não guardar distância de segurança,Colisão com objeto fixo,Com Vítimas Feridas,Pleno dia,Sol,Simples ,Urbano,Motocicletas,Ferido Leve ,20.0,Masculino
83093244,01/11/2013,RN,101,NATAL,Falta de atenção,Colisão traseira,Sem Vítimas        ,Plena noite,Ceu Claro,Múltipla,Urbano,Automóvel,Ileso       ,32.0,Feminino
83093244,01/11/2013,RN,101,NATAL,Falta de atenção,Colisão traseira,Sem Vítimas        ,Plena noite,Ceu Claro,Múltipla,Urbano,Não identificado,Ignorado    ,-1.0,Inválido
83093329,08/11/2013,RN,101,SAO JOSE DE MIPIBU,Desobediência à sinalização,Colisão Transversal,Sem Vítimas        ,Pleno dia,Sol,Múltipla,Urbano,Automóvel,Ileso       ,47.0,Masculino
83093329,08/11/2013,RN,101,SAO JOSE DE MIPIBU,Desobediência à sinalização,Colisão Transversal,Sem Vítimas        ,Pleno dia,Sol,Múltipla,Urbano,Automóvel,Ileso       ,28.0,Masculino
83093337,08/11/2013,RN,304,MACAIBA,Não guardar distância de segurança,Colisão lateral,Sem Vítimas        ,Plena noite,Nublado,Simples ,Urbano,Caminhão-Trator,Ileso       ,35.0,Masculino
83093337,08/11/2013,RN,304,MACAIBA,Não guardar distância de segurança,Colisão lateral,Sem Vítimas        ,Plena noite,Nublado,Simples ,Urbano,Automóvel,Ileso       ,45.0,Masculino
83093358,08/11/2013,RN,101,NATAL,Desobediência à sinalização,Colisão lateral,Sem Vítimas        ,Pleno dia,Ceu Claro,Múltipla,Urbano,Automóvel,Ileso       ,23.0,Masculino
83093358,08/11/2013,RN,101,NATAL,Desobediência à sinalização,Colisão lateral,Sem Vítimas        ,Pleno dia,Ceu Claro,Múltipla,Urbano,Automóvel,Ileso       ,41.0,Feminino
83093408,08/11/2013,RN,304,MOSSORO,Falta de atenção,Queda de motocicleta / bicicleta / veículo,Com Vítimas Feridas,Plena noite,Ceu Claro,Simples ,Rural ,Ciclomotor,Ferido Leve ,66.0,Masculino
83093520,08/11/2013,RN,304,MOSSORO,Defeito mecânico em veículo,Colisão com objeto fixo,Sem Vítimas        ,Pleno dia,Ceu Claro,Dupla   ,Urbano,Caminhonete,Ileso       ,23.0,Masculino
83093553,08/11/2013,RN,405,MOSSORO,Falta de atenção,Colisão Transversal,Sem Vítimas        ,Pleno dia,Sol,Simples ,Urbano,Automóvel,Ileso       ,25.0,Masculino
83093553,08/11/2013,RN,405,MOSSORO,Falta de atenção,Colisão Transversal,Sem Vítimas        ,Pleno dia,Sol,Simples ,Urbano,Automóvel,Ileso       ,24.0,Feminino
83093553,08/11/2013,RN,405,MOSSORO,Falta de atenção,Colisão Transversal,Sem Vítimas        ,Pleno dia,Sol,Simples ,Urbano,Caminhonete,Ileso       ,29.0,Masculino
83093592,08/11/2013,RN,101,PARNAMIRIM,Não guardar distância de segurança,Colisão traseira,Sem Vítimas        ,Plena noite,Nublado,Múltipla,Urbano,Automóvel,Ileso       ,-1.0,Inválido
83093592,08/11/2013,RN,101,PARNAMIRIM,Não guardar distância de segurança,Colisão traseira,Sem Vítimas        ,Plena noite,Nublado,Múltipla,Urbano,Automóvel,Ileso       ,32.0,Masculino
83093592,08/11/2013,RN,101,PARNAMIRIM,Não guardar distância de segurança,Colisão traseira,Sem Vítimas        ,Plena noite,Nublado,Múltipla,Urbano,Automóvel,Ileso       ,43.0,Masculino
83093601,08/11/2013,RN,101,NATAL,Outras,Colisão traseira,Sem Vítimas        ,Plena noite,Ignorada,Dupla   ,Urbano,Automóvel,Ileso       ,50.0,Masculino
83093601,08/11/2013,RN,101,NATAL,Outras,Colisão traseira,Sem Vítimas        ,Plena noite,Ignorada,Dupla   ,Urbano,Automóvel,Ileso       ,57.0,Masculino
83093603,08/11/2013,RN,101,PARNAMIRIM,Falta de atenção,Colisão lateral,Sem Vítimas        ,Anoitecer,Nevoeiro/neblina,Dupla   ,Urbano,Automóvel,Ileso       ,34.0,Masculino
83093603,08/11/2013,RN,101,PARNAMIRIM,Falta de atenção,Colisão lateral,Sem Vítimas        ,Anoitecer,Nevoeiro/neblina,Dupla   ,Urbano,Automóvel,Ileso       ,49.0,Feminino
83093603,08/11/2013,RN,101,PARNAMIRIM,Falta de atenção,Colisão lateral,Sem Vítimas        ,Anoitecer,Nevoeiro/neblina,Dupla   ,Urbano,Caminhonete,Ileso       ,21.0,Masculino
83093667,05/11/2013,RN,101,NATAL,Não guardar distância de segurança,Colisão lateral,Sem Vítimas        ,Pleno dia,Sol,Dupla   ,Urbano,Caminhonete,Ileso       ,-1.0,Masculino
83093667,05/11/2013,RN,101,NATAL,Não guardar distância de segurança,Colisão lateral,Sem Vítimas        ,Pleno dia,Sol,Dupla   ,Urbano,Ônibus,Ileso       ,29.0,Masculino
83093774,09/11/2013,RN,304,MOSSORO,Outras,Saída de Pista,Sem Vítimas        ,Pleno dia,Ceu Claro,Dupla   ,Urbano,Caminhonete,Ileso       ,25.0,Masculino
83093774,09/11/2013,RN,304,MOSSORO,Outras,Saída de Pista,Sem Vítimas        ,Pleno dia,Ceu Claro,Dupla   ,Urbano,Automóvel,Ileso       ,52.0,Masculino
83093855,05/11/2013,RN,101,PARNAMIRIM,Falta de atenção,Colisão traseira,Sem Vítimas        ,Pleno dia,Sol,Dupla   ,Urbano,Automóvel,Ileso       ,52.0,Masculino
83093855,05/11/2013,RN,101,PARNAMIRIM,Falta de atenção,Colisão traseira,Sem Vítimas        ,Pleno dia,Sol,Dupla   ,Urbano,Caminhonete,Ileso       ,32.0,Masculino
83093855,05/11/2013,RN,101,PARNAMIRIM,Falta de atenção,Colisão traseira,Sem Vítimas        ,Pleno dia,Sol,Dupla   ,Urbano,Caminhão,Ileso       ,32.0,Masculino
83093878,09/11/2013,RN,405,MOSSORO,Desobediência à sinalização,Colisão Transversal,Sem Vítimas        ,Pleno dia,Sol,Simples ,Urbano,Caminhonete,Ileso       ,24.0,Masculino
83093878,09/11/2013,RN,405,MOSSORO,Desobediência à sinalização,Colisão Transversal,Sem Vítimas        ,Pleno dia,Sol,Simples ,Urbano,Caminhão,Ileso       ,38.0,Masculino
83093878,09/11/2013,RN,405,MOSSORO,Desobediência à sinalização,Colisão Transversal,Sem Vítimas        ,Pleno dia,Sol,Simples ,Urbano,Caminhonete,Ileso       ,-1.0,Masculino
83093929,09/11/2013,RN,101,NATAL,Falta de atenção,Colisão com bicicleta,Sem Vítimas        ,Pleno dia,Vento,Dupla   ,Urbano,Automóvel,Ileso       ,41.0,Masculino
83093929,09/11/2013,RN,101,NATAL,Falta de atenção,Colisão com bicicleta,Sem Vítimas        ,Pleno dia,Vento,Dupla   ,Urbano,Bicicleta,Ileso       ,35.0,Masculino
83093959,06/11/2013,RN,405,MOSSORO,Desobediência à sinalização,Colisão Transversal,Com Vítimas Feridas,Pleno dia,Ceu Claro,Simples ,Urbano,Automóvel,Ileso       ,40.0,Masculino
83093959,06/11/2013,RN,405,MOSSORO,Desobediência à sinalização,Colisão Transversal,Com Vítimas Feridas,Pleno dia,Ceu Claro,Simples ,Urbano,Automóvel,Ileso       ,37.0,Masculino
83093959,06/11/2013,RN,405,MOSSORO,Desobediência à sinalização,Colisão Transversal,Com Vítimas Feridas,Pleno dia,Ceu Claro,Simples ,Urbano,Motocicletas,Ferido Leve ,20.0,Masculino
83093998,06/11/2013,RN,101,NATAL,Falta de atenção,Colisão traseira,Sem Vítimas        ,Pleno dia,Ceu Claro,Dupla   ,Urbano,Caminhonete,Ileso       ,58.0,Masculino
83093998,06/11/2013,RN,101,NATAL,Falta de atenção,Colisão traseira,Sem Vítimas        ,Pleno dia,Ceu Claro,Dupla   ,Urbano,Automóvel,Ileso       ,67.0,Masculino
83094031,09/11/2013,RN,101,PARNAMIRIM,Falta de atenção,Colisão Transversal,Sem Vítimas        ,Plena noite,Ceu Claro,Múltipla,Urbano,Automóvel,Ileso       ,26.0,Masculino
83094031,09/11/2013,RN,101,PARNAMIRIM,Falta de atenção,Colisão Transversal,Sem Vítimas        ,Plena noite,Ceu Claro,Múltipla,Urbano,Automóvel,Ileso       ,23.0,Feminino
83094100,09/11/2013,RN,101,NATAL,Falta de atenção,Colisão lateral,Com Vítimas Feridas,Pleno dia,Ceu Claro,Dupla   ,Urbano,Automóvel,Ileso       ,25.0,Masculino
83094100,09/11/2013,RN,101,NATAL,Falta de atenção,Colisão lateral,Com Vítimas Feridas,Pleno dia,Ceu Claro,Dupla   ,Urbano,Motoneta,Ferido Leve ,-1.0,Masculino
83094149,01/11/2013,RN,304,RIACHUELO,Falta de atenção,Colisão traseira,Sem Vítimas        ,Pleno dia,Ceu Claro,Simples ,Rural ,Automóvel,Ileso       ,34.0,Masculino
83094149,01/11/2013,RN,304,RIACHUELO,Falta de atenção,Colisão traseira,Sem Vítimas        ,Pleno dia,Ceu Claro,Simples ,Rural ,Automóvel,Ileso       ,42.0,Masculino
83094178,01/11/2013,RN,304,MACAIBA,Não guardar distância de segurança,Colisão lateral,Sem Vítimas        ,Anoitecer,Ceu Claro,Simples ,Rural ,Caminhão,Ileso       ,55.0,Masculino
83094178,01/11/2013,RN,304,MACAIBA,Não guardar distância de segurança,Colisão lateral,Sem Vítimas        ,Anoitecer,Ceu Claro,Simples ,Rural ,Automóvel,Ileso       ,35.0,Masculino
83094180,10/11/2013,RN,427,JARDIM DO SERIDO,Velocidade incompatível,Saída de Pista,Com Vítimas Fatais ,Pleno dia,Ceu Claro,Simples ,Rural ,Motocicletas,Morto       ,44.0,Masculino
83094185,05/11/2013,RN,101,NATAL,Outras,Colisão traseira,Com Vítimas Feridas,Pleno dia,Chuva,Múltipla,Urbano,Automóvel,Ignorado    ,-1.0,Masculino
83094185,05/11/2013,RN,101,NATAL,Outras,Colisão traseira,Com Vítimas Feridas,Pleno dia,Chuva,Múltipla,Urbano,Automóvel,Ileso       ,32.0,Feminino
83094185,05/11/2013,RN,101,NATAL,Outras,Colisão traseira,Com Vítimas Feridas,Pleno dia,Chuva,Múltipla,Urbano,Automóvel,Ileso       ,24.0,Feminino
83094185,05/11/2013,RN,101,NATAL,Outras,Colisão traseira,Com Vítimas Feridas,Pleno dia,Chuva,Múltipla,Urbano,Camioneta,Ileso       ,26.0,Masculino
83094185,05/11/2013,RN,101,NATAL,Outras,Colisão traseira,Com Vítimas Feridas,Pleno dia,Chuva,Múltipla,Urbano,Camioneta,Ferido Leve ,5.0,Feminino
83094185,05/11/2013,RN,101,NATAL,Outras,Colisão traseira,Com Vítimas Feridas,Pleno dia,Chuva,Múltipla,Urbano,Automóvel,Ferido Leve ,19.0,Masculino
83094185,05/11/2013,RN,101,NATAL,Outras,Colisão traseira,Com Vítimas Feridas,Pleno dia,Chuva,Múltipla,Urbano,Automóvel,Ileso       ,48.0,Feminino
83094257,06/11/2013,RN,304,MOSSORO,Outras,Saída de Pista,Sem Vítimas        ,Pleno dia,Ceu Claro,Simples ,Rural ,Caminhão,Ileso       ,57.0,Masculino
83094263,10/11/2013,RN,110,MOSSORO,Ingestão de álcool,Colisão traseira,Com Vítimas Feridas,Pleno dia,Ceu Claro,Dupla   ,Urbano,Automóvel,Ileso       ,36.0,Feminino
83094263,10/11/2013,RN,110,MOSSORO,Ingestão de álcool,Colisão traseira,Com Vítimas Feridas,Pleno dia,Ceu Claro,Dupla   ,Urbano,Motoneta,Ferido Leve ,28.0,Masculino
83094296,09/11/2013,RN,226,JUCURUTU,Ultrapassagem indevida,Colisão frontal,Com Vítimas Feridas,Pleno dia,Ceu Claro,Simples ,Rural ,Automóvel,Ferido Leve ,64.0,Feminino
83094296,09/11/2013,RN,226,JUCURUTU,Ultrapassagem indevida,Colisão frontal,Com Vítimas Feridas,Pleno dia,Ceu Claro,Simples ,Rural ,Automóvel,Ferido Leve ,36.0,Feminino
83094296,09/11/2013,RN,226,JUCURUTU,Ultrapassagem indevida,Colisão frontal,Com Vítimas Feridas,Pleno dia,Ceu Claro,Simples ,Rural ,Automóvel,Ferido Leve ,45.0,Feminino
83094296,09/11/2013,RN,226,JUCURUTU,Ultrapassagem indevida,Colisão frontal,Com Vítimas Feridas,Pleno dia,Ceu Claro,Simples ,Rural ,Caminhão,Ignorado    ,-1.0,Inválido
83094301,10/11/2013,RN,101,NATAL,Outras,Colisão lateral,Sem Vítimas        ,Pleno dia,Ceu Claro,Simples ,Urbano,Automóvel,Ileso       ,-1.0,Masculino
83094301,10/11/2013,RN,101,NATAL,Outras,Colisão lateral,Sem Vítimas        ,Pleno dia,Ceu Claro,Simples ,Urbano,Caminhão,Ileso       ,26.0,Masculino
83094329,10/11/2013,RN,101,SAO JOSE DE MIPIBU,Falta de atenção,Colisão traseira,Sem Vítimas        ,Pleno dia,Ceu Claro,Dupla   ,Rural ,Automóvel,Ileso       ,25.0,Feminino
83094329,10/11/2013,RN,101,SAO JOSE DE MIPIBU,Falta de atenção,Colisão traseira,Sem Vítimas        ,Pleno dia,Ceu Claro,Dupla   ,Rural ,Automóvel,Ileso       ,24.0,Masculino
83094331,10/11/2013,RN,304,MOSSORO,Desobediência à sinalização,Colisão Transversal,Sem Vítimas        ,Pleno dia,Sol,Simples ,Urbano,Automóvel,Ileso       ,43.0,Masculino
83094331,10/11/2013,RN,304,MOSSORO,Desobediência à sinalização,Colisão Transversal,Sem Vítimas        ,Pleno dia,Sol,Simples ,Urbano,Automóvel,Ileso       ,42.0,Masculino
83094393,10/11/2013,RN,101,EXTREMOZ,Desobediência à sinalização,Colisão lateral,Sem Vítimas        ,Plena noite,Ceu Claro,Simples ,Rural ,Automóvel,Ileso       ,44.0,Masculino
83094393,10/11/2013,RN,101,EXTREMOZ,Desobediência à sinalização,Colisão lateral,Sem Vítimas        ,Plena noite,Ceu Claro,Simples ,Rural ,Automóvel,Ileso       ,34.0,Masculino
83094406,10/11/2013,RN,101,NATAL,Falta de atenção,Atropelamento de pessoa,Com Vítimas Feridas,Plena noite,Ceu Claro,Dupla   ,Urbano,Motocicletas,Ferido Leve ,31.0,Masculino
83094406,10/11/2013,RN,101,NATAL,Falta de atenção,Atropelamento de pessoa,Com Vítimas Feridas,Plena noite,Ceu Claro,Dupla   ,Urbano,(null),Ferido Leve ,50.0,Masculino
83094406,10/11/2013,RN,101,NATAL,Falta de atenção,Atropelamento de pessoa,Com Vítimas Feridas,Plena noite,Ceu Claro,Dupla   ,Urbano,(null),Ferido Leve ,68.0,Masculino
83094470,10/11/2013,RN,101,SAO JOSE DE MIPIBU,Outras,Saída de Pista,Sem Vítimas        ,Pleno dia,Sol,Dupla   ,Rural ,Automóvel,Ileso       ,39.0,Masculino
83094487,10/11/2013,RN,304,ASSU,Falta de atenção,Colisão traseira,Com Vítimas Fatais ,Plena noite,Ceu Claro,Simples ,Rural ,Caminhonete,Morto       ,34.0,Masculino
83094487,10/11/2013,RN,304,ASSU,Falta de atenção,Colisão traseira,Com Vítimas Fatais ,Plena noite,Ceu Claro,Simples ,Rural ,Caminhão,Ignorado    ,-1.0,Inválido
83094488,10/11/2013,RN,304,ITAJA,Não guardar distância de segurança,Colisão traseira,Sem Vítimas        ,Plena noite,Ceu Claro,Simples ,Rural ,Caminhonete,Ileso       ,57.0,Masculino
83094488,10/11/2013,RN,304,ITAJA,Não guardar distância de segurança,Colisão traseira,Sem Vítimas        ,Plena noite,Ceu Claro,Simples ,Rural ,Caminhonete,Ileso       ,29.0,Masculino
83094501,10/11/2013,RN,304,MOSSORO,Não guardar distância de segurança,Colisão lateral,Sem Vítimas        ,Plena noite,Ceu Claro,Simples ,Urbano,Automóvel,Ileso       ,-1.0,Masculino
83094501,10/11/2013,RN,304,MOSSORO,Não guardar distância de segurança,Colisão lateral,Sem Vítimas        ,Plena noite,Ceu Claro,Simples ,Urbano,Automóvel,Ignorado    ,-1.0,Inválido
83094509,10/11/2013,RN,405,PAU DOS FERROS,Falta de atenção,Colisão frontal,Com Vítimas Feridas,Plena noite,Ceu Claro,Simples ,Urbano,Automóvel,Ignorado    ,36.0,Masculino
83094509,10/11/2013,RN,405,PAU DOS FERROS,Falta de atenção,Colisão frontal,Com Vítimas Feridas,Plena noite,Ceu Claro,Simples ,Urbano,Motocicletas,Ferido Grave,27.0,Masculino
83094645,11/11/2013,RN,101,SAO GONCALO DO AMARANTE,Velocidade incompatível,Colisão traseira,Sem Vítimas        ,Pleno dia,Ceu Claro,Dupla   ,Urbano,Automóvel,Ileso       ,38.0,Masculino
83094645,11/11/2013,RN,101,SAO GONCALO DO AMARANTE,Velocidade incompatível,Colisão traseira,Sem Vítimas        ,Pleno dia,Ceu Claro,Dupla   ,Urbano,Camioneta,Ileso       ,56.0,Masculino
83094648,11/11/2013,RN,101,SAO GONCALO DO AMARANTE,Não guardar distância de segurança,Colisão traseira,Sem Vítimas        ,Pleno dia,Ceu Claro,Dupla   ,Urbano,Automóvel,Ileso       ,39.0,Masculino
83094648,11/11/2013,RN,101,SAO GONCALO DO AMARANTE,Não guardar distância de segurança,Colisão traseira,Sem Vítimas        ,Pleno dia,Ceu Claro,Dupla   ,Urbano,Automóvel,Ileso       ,34.0,Masculino
83094692,07/11/2013,RN,304,SAO PEDRO,Outras,Colisão frontal,Com Vítimas Feridas,Plena noite,Ceu Claro,Simples ,Rural ,Caminhão,Ferido Leve ,-1.0,Masculino
83094692,07/11/2013,RN,304,SAO PEDRO,Outras,Colisão frontal,Com Vítimas Feridas,Plena noite,Ceu Claro,Simples ,Rural ,Caminhão,Ferido Grave,-1.0,Masculino
83094692,07/11/2013,RN,304,SAO PEDRO,Outras,Colisão frontal,Com Vítimas Feridas,Plena noite,Ceu Claro,Simples ,Rural ,Caminhão,Ferido Grave,-1.0,Masculino
83094756,11/11/2013,RN,304,ASSU,Defeito mecânico em veículo,Tombamento,Sem Vítimas        ,Pleno dia,Sol,Simples ,Rural ,Caminhão,Ileso       ,51.0,Masculino
83094781,11/11/2013,RN,101,NATAL,Outras,Colisão lateral,Com Vítimas Feridas,Pleno dia,Ceu Claro,Dupla   ,Urbano,Motocicletas,Ferido Leve ,18.0,Masculino
83094781,11/11/2013,RN,101,NATAL,Outras,Colisão lateral,Com Vítimas Feridas,Pleno dia,Ceu Claro,Dupla   ,Urbano,Automóvel,Ileso       ,24.0,Feminino
83094781,11/11/2013,RN,101,NATAL,Outras,Colisão lateral,Com Vítimas Feridas,Pleno dia,Ceu Claro,Dupla   ,Urbano,(null),Ignorado    ,-1.0,Inválido
83094787,09/11/2013,RN,226,CURRAIS NOVOS,Outras,Atropelamento de pessoa,Com Vítimas Fatais ,Plena noite,Ceu Claro,Simples ,Urbano,(null),Morto       ,50.0,Masculino
83094787,09/11/2013,RN,226,CURRAIS NOVOS,Outras,Atropelamento de pessoa,Com Vítimas Fatais ,Plena noite,Ceu Claro,Simples ,Urbano,Motocicletas,Ferido Leve ,17.0,Masculino
83094787,09/11/2013,RN,226,CURRAIS NOVOS,Outras,Atropelamento de pessoa,Com Vítimas Fatais ,Plena noite,Ceu Claro,Simples ,Urbano,Automóvel,Ignorado    ,-1.0,Masculino
83094791,11/11/2013,RN,101,PARNAMIRIM,Falta de atenção,Colisão traseira,Sem Vítimas        ,Pleno dia,Ceu Claro,Dupla   ,Urbano,Automóvel,Ileso       ,35.0,Masculino
83094791,11/11/2013,RN,101,PARNAMIRIM,Falta de atenção,Colisão traseira,Sem Vítimas        ,Pleno dia,Ceu Claro,Dupla   ,Urbano,Automóvel,Ileso       ,49.0,Masculino
83094795,11/11/2013,RN,101,PARNAMIRIM,Não guardar distância de segurança,Colisão lateral,Sem Vítimas        ,Pleno dia,Ceu Claro,Dupla   ,Urbano,Caminhão-Trator,Ileso       ,47.0,Masculino
83094795,11/11/2013,RN,101,PARNAMIRIM,Não guardar distância de segurança,Colisão lateral,Sem Vítimas        ,Pleno dia,Ceu Claro,Dupla   ,Urbano,Caminhão,Ignorado    ,-1.0,Inválido
83094809,04/11/2013,RN,406,SAO GONCALO DO AMARANTE,Animais na Pista,Colisão Transversal,Sem Vítimas        ,Pleno dia,Ceu Claro,Simples ,Urbano,Automóvel,Ileso       ,24.0,Masculino
83094809,04/11/2013,RN,406,SAO GONCALO DO AMARANTE,Animais na Pista,Colisão Transversal,Sem Vítimas        ,Pleno dia,Ceu Claro,Simples ,Urbano,Carroça,Ileso       ,-1.0,Masculino
83094836,11/11/2013,RN,101,NATAL,Não guardar distância de segurança,Colisão traseira,Sem Vítimas        ,Pleno dia,Sol,Múltipla,Urbano,Automóvel,Ileso       ,54.0,Masculino
83094836,11/11/2013,RN,101,NATAL,Não guardar distância de segurança,Colisão traseira,Sem Vítimas        ,Pleno dia,Sol,Múltipla,Urbano,Automóvel,Ileso       ,29.0,Masculino
83094836,11/11/2013,RN,101,NATAL,Não guardar distância de segurança,Colisão traseira,Sem Vítimas        ,Pleno dia,Sol,Múltipla,Urbano,Automóvel,Ileso       ,41.0,Masculino
83094836,11/11/2013,RN,101,NATAL,Não guardar distância de segurança,Colisão traseira,Sem Vítimas        ,Pleno dia,Sol,Múltipla,Urbano,Caminhonete,Ileso       ,36.0,Masculino
83094849,11/11/2013,RN,101,TOUROS,Outras,Colisão Transversal,Com Vítimas Feridas,Pleno dia,Ceu Claro,Simples ,Rural ,Caminhão,Ileso       ,36.0,Masculino
83094849,11/11/2013,RN,101,TOUROS,Outras,Colisão Transversal,Com Vítimas Feridas,Pleno dia,Ceu Claro,Simples ,Rural ,Automóvel,Ferido Leve ,-1.0,Feminino
83094878,11/11/2013,RN,304,MOSSORO,Falta de atenção,Colisão frontal,Com Vítimas Feridas,Pleno dia,Nublado,Simples ,Urbano,Ciclomotor,Ferido Leve ,20.0,Masculino
83094878,11/11/2013,RN,304,MOSSORO,Falta de atenção,Colisão frontal,Com Vítimas Feridas,Pleno dia,Nublado,Simples ,Urbano,Ciclomotor,Ferido Leve ,16.0,Masculino
83094878,11/11/2013,RN,304,MOSSORO,Falta de atenção,Colisão frontal,Com Vítimas Feridas,Pleno dia,Nublado,Simples ,Urbano,Automóvel,Ileso       ,47.0,Masculino
83094927,11/11/2013,RN,101,NATAL,Não guardar distância de segurança,Colisão traseira,Sem Vítimas        ,Plena noite,Ceu Claro,Dupla   ,Urbano,Camioneta,Ileso       ,36.0,Masculino
83094927,11/11/2013,RN,101,NATAL,Não guardar distância de segurança,Colisão traseira,Sem Vítimas        ,Plena noite,Ceu Claro,Dupla   ,Urbano,Camioneta,Ileso       ,-1.0,Feminino
83094927,11/11/2013,RN,101,NATAL,Não guardar distância de segurança,Colisão traseira,Sem Vítimas        ,Plena noite,Ceu Claro,Dupla   ,Urbano,Automóvel,Ileso       ,30.0,Masculino
83094927,11/11/2013,RN,101,NATAL,Não guardar distância de segurança,Colisão traseira,Sem Vítimas        ,Plena noite,Ceu Claro,Dupla   ,Urbano,Automóvel,Ileso       ,52.0,Masculino
83095010,08/11/2013,RN,101,PARNAMIRIM,Outras,Colisão traseira,Sem Vítimas        ,Pleno dia,Sol,Dupla   ,Urbano,Camioneta,Ileso       ,38.0,Masculino
83095010,08/11/2013,RN,101,PARNAMIRIM,Outras,Colisão traseira,Sem Vítimas        ,Pleno dia,Sol,Dupla   ,Urbano,Automóvel,Ileso       ,42.0,Masculino
83095040,08/11/2013,RN,226,BOM JESUS,Outras,Colisão traseira,Sem Vítimas        ,Anoitecer,Nublado,Simples ,Urbano,Automóvel,Ileso       ,21.0,Masculino
83095040,08/11/2013,RN,226,BOM JESUS,Outras,Colisão traseira,Sem Vítimas        ,Anoitecer,Nublado,Simples ,Urbano,Caminhonete,Ileso       ,22.0,Masculino
83095044,12/11/2013,RN,101,PARNAMIRIM,Falta de atenção,Colisão lateral,Sem Vítimas        ,Pleno dia,Ceu Claro,Dupla   ,Urbano,Motocicletas,Ileso       ,50.0,Masculino
83095044,12/11/2013,RN,101,PARNAMIRIM,Falta de atenção,Colisão lateral,Sem Vítimas        ,Pleno dia,Ceu Claro,Dupla   ,Urbano,Automóvel,Ileso       ,28.0,Feminino
83095072,12/11/2013,RN,405,APODI,Falta de atenção,Colisão lateral,Sem Vítimas        ,Pleno dia,Sol,Simples ,Urbano,Automóvel,Ileso       ,59.0,Masculino
83095072,12/11/2013,RN,405,APODI,Falta de atenção,Colisão lateral,Sem Vítimas        ,Pleno dia,Sol,Simples ,Urbano,Caminhão,Ignorado    ,-1.0,Inválido
83095096,08/11/2013,RN,406,TAIPU,Falta de atenção,Colisão frontal,Com Vítimas Feridas,Pleno dia,Ceu Claro,Simples ,Rural ,Caminhão,Ferido Leve ,40.0,Masculino
83095096,08/11/2013,RN,406,TAIPU,Falta de atenção,Colisão frontal,Com Vítimas Feridas,Pleno dia,Ceu Claro,Simples ,Rural ,Camioneta,Ferido Leve ,49.0,Masculino
83095096,08/11/2013,RN,406,TAIPU,Falta de atenção,Colisão frontal,Com Vítimas Feridas,Pleno dia,Ceu Claro,Simples ,Rural ,Camioneta,Ferido Leve ,-1.0,Masculino
83095096,08/11/2013,RN,406,TAIPU,Falta de atenção,Colisão frontal,Com Vítimas Feridas,Pleno dia,Ceu Claro,Simples ,Rural ,Camioneta,Ferido Grave,-1.0,Masculino
83095131,08/11/2013,RN,406,POCO BRANCO,Falta de atenção,Colisão frontal,Com Vítimas Feridas,Pleno dia,Ceu Claro,Simples ,Rural ,Automóvel,Ferido Grave,56.0,Masculino
83095131,08/11/2013,RN,406,POCO BRANCO,Falta de atenção,Colisão frontal,Com Vítimas Feridas,Pleno dia,Ceu Claro,Simples ,Rural ,Automóvel,Ferido Leve ,47.0,Masculino
83095153,12/11/2013,RN,406,JOAO CAMARA,Falta de atenção,Colisão Transversal,Com Vítimas Feridas,Pleno dia,Ceu Claro,Simples ,Rural ,Automóvel,Ferido Leve ,47.0,Masculino
83095153,12/11/2013,RN,406,JOAO CAMARA,Falta de atenção,Colisão Transversal,Com Vítimas Feridas,Pleno dia,Ceu Claro,Simples ,Rural ,Motocicletas,Ferido Grave,34.0,Masculino