id,data_inversa,uf,br,municipio,causa_acidente,tipo_acidente,classificacao_acidente,fase_dia,condicao_metereologica,tipo_pista,uso_solo,tipo_veiculo,estado_fisico,idade,sexo
83095153,12/11/2013,RN,406,JOAO CAMARA,Falta de atenção,Colisão Transversal,Com Vítimas Feridas,Pleno dia,Ceu Claro,Simples ,Rural ,Motocicletas,Ferido Grave,26.0,Feminino
83095176,12/11/2013,RN,304,MOSSORO,Não guardar distância de segurança,Colisão traseira,Sem Vítimas        ,Pleno dia,Ceu Claro,Dupla   ,Urbano,Microônibus,Ileso       ,32.0,Masculino
83095176,12/11/2013,RN,304,MOSSORO,Não guardar distância de segurança,Colisão traseira,Sem Vítimas        ,Pleno dia,Ceu Claro,Dupla   ,Urbano,Caminhonete,Ileso       ,48.0,Masculino
83095188,12/11/2013,RN,101,PARNAMIRIM,Não guardar distância de segurança,Colisão lateral,Sem Vítimas        ,Pleno dia,Ceu Claro,Dupla   ,Urbano,Automóvel,Ileso       ,26.0,Masculino
83095188,12/11/2013,RN,101,PARNAMIRIM,Não guardar distância de segurança,Colisão lateral,Sem Vítimas        ,Pleno dia,Ceu Claro,Dupla   ,Urbano,Motocicletas,Ileso       ,26.0,Masculino
83095201,12/11/2013,RN,405,APODI,Não guardar distância de segurança,Colisão traseira,Com Vítimas Fatais ,Pleno dia,Ceu Claro,Dupla   ,Urbano,Motocicletas,Morto       ,20.0,Masculino
83095201,12/11/2013,RN,405,APODI,Não guardar distância de segurança,Colisão traseira,Com Vítimas Fatais ,Pleno dia,Ceu Claro,Dupla   ,Urbano,Caminhão-Trator,Ileso       ,46.0,Masculino
83095201,12/11/2013,RN,405,APODI,Não guardar distância de segurança,Colisão traseira,Com Vítimas Fatais ,Pleno dia,Ceu Claro,Dupla   ,Urbano,Caminhão,Ileso       ,-1.0,Inválido
83095227,12/11/2013,RN,101,NATAL,Falta de atenção,Colisão traseira,Sem Vítimas        ,Pleno dia,Sol,Dupla   ,Urbano,Automóvel,Ileso       ,-1.0,Masculino
83095227,12/11/2013,RN,101,NATAL,Falta de atenção,Colisão traseira,Sem Vítimas        ,Pleno dia,Sol,Dupla   ,Urbano,Automóvel,Ileso       ,30.0,Masculino
83095227,12/11/2013,RN,101,NATAL,Falta de atenção,Colisão traseira,Sem Vítimas        ,Pleno dia,Sol,Dupla   ,Urbano,Automóvel,Ileso       ,-1.0,Feminino
83095303,10/11/2013,RN,226,MACAIBA,Outras,Colisão Transversal,Com Vítimas Feridas,Pleno dia,Ceu Claro,Simples ,Urbano,Motoneta,Ferido Leve ,75.0,Masculino
83095303,10/11/2013,RN,226,MACAIBA,Outras,Colisão Transversal,Com Vítimas Feridas,Pleno dia,Ceu Claro,Simples ,Urbano,Automóvel,Ileso       ,45.0,Masculino
83095304,11/11/2013,RN,304,MOSSORO,Outras,Tombamento,Com Vítimas Feridas,Plena noite,Ceu Claro,Simples ,Rural ,Caminhão-Trator,Ferido Leve ,56.0,Masculino
83095320,09/11/2013,RN,101,PARNAMIRIM,Não guardar distância de segurança,Colisão traseira,Sem Vítimas        ,Pleno dia,Ceu Claro,Múltipla,Urbano,Automóvel,Ileso       ,27.0,Masculino
83095320,09/11/2013,RN,101,PARNAMIRIM,Não guardar distância de segurança,Colisão traseira,Sem Vítimas        ,Pleno dia,Ceu Claro,Múltipla,Urbano,Automóvel,Ileso       ,20.0,Masculino
83095361,09/11/2013,RN,101,SAO JOSE DE MIPIBU,Outras,Queda de motocicleta / bicicleta / veículo,Com Vítimas Feridas,Pleno dia,Sol,Dupla   ,Rural ,Motocicletas,Ferido Leve ,20.0,Masculino
83095472,09/11/2013,RN,101,PARNAMIRIM,Velocidade incompatível,Colisão lateral,Sem Vítimas        ,Plena noite,Ceu Claro,Múltipla,Urbano,Motocicletas,Ileso       ,-1.0,Masculino
83095472,09/11/2013,RN,101,PARNAMIRIM,Velocidade incompatível,Colisão lateral,Sem Vítimas        ,Plena noite,Ceu Claro,Múltipla,Urbano,Automóvel,Ileso       ,22.0,Masculino
83095495,10/11/2013,RN,101,NATAL,Falta de atenção,Colisão lateral,Com Vítimas Feridas,Amanhecer,Vento,Dupla   ,Urbano,Automóvel,Ileso       ,28.0,Masculino
83095495,10/11/2013,RN,101,NATAL,Falta de atenção,Colisão lateral,Com Vítimas Feridas,Amanhecer,Vento,Dupla   ,Urbano,Motoneta,Ferido Grave,-1.0,Masculino
83095495,10/11/2013,RN,101,NATAL,Falta de atenção,Colisão lateral,Com Vítimas Feridas,Amanhecer,Vento,Dupla   ,Urbano,Motoneta,Ferido Grave,-1.0,Feminino
83095517,05/11/2013,RN,101,SAO JOSE DE MIPIBU,Outras,Capotamento,Sem Vítimas        ,Pleno dia,Ceu Claro,Dupla   ,Rural ,Caminhonete,Ileso       ,28.0,Masculino
83095546,13/11/2013,RN,101,NATAL,Não guardar distância de segurança,Colisão traseira,Sem Vítimas        ,Pleno dia,Ceu Claro,Dupla   ,Urbano,Caminhonete,Ileso       ,40.0,Masculino
83095546,13/11/2013,RN,101,NATAL,Não guardar distância de segurança,Colisão traseira,Sem Vítimas        ,Pleno dia,Ceu Claro,Dupla   ,Urbano,Caminhonete,Ileso       ,46.0,Masculino
83095631,13/11/2013,RN,427,ACARI,Falta de atenção,Colisão traseira,Sem Vítimas        ,Pleno dia,Ceu Claro,Simples ,Urbano,Caminhão,Ileso       ,49.0,Masculino
83095631,13/11/2013,RN,427,ACARI,Falta de atenção,Colisão traseira,Sem Vítimas        ,Pleno dia,Ceu Claro,Simples ,Urbano,Automóvel,Ileso       ,-1.0,Masculino
83095631,13/11/2013,RN,427,ACARI,Falta de atenção,Colisão traseira,Sem Vítimas        ,Pleno dia,Ceu Claro,Simples ,Urbano,Automóvel,Ileso       ,-1.0,Feminino
83095640,13/11/2013,RN,101,PARNAMIRIM,Não guardar distância de segurança,Colisão lateral,Com Vítimas Feridas,Pleno dia,Ceu Claro,Dupla   ,Urbano,Utilitário,Ferido Leve ,24.0,Masculino
83095640,13/11/2013,RN,101,PARNAMIRIM,Não guardar distância de segurança,Colisão lateral,Com Vítimas Feridas,Pleno dia,Ceu Claro,Dupla   ,Urbano,Caminhão-Trator,Ileso       ,51.0,Masculino
83095640,13/11/2013,RN,101,PARNAMIRIM,Não guardar distância de segurança,Colisão lateral,Com Vítimas Feridas,Pleno dia,Ceu Claro,Dupla   ,Urbano,Utilitário,Ferido Leve ,52.0,Feminino
83095642,13/11/2013,RN,101,NATAL,Falta de atenção,Colisão traseira,Sem Vítimas        ,Plena noite,Ceu Claro,Múltipla,Urbano,Automóvel,Ileso       ,34.0,Masculino
83095642,13/11/2013,RN,101,NATAL,Falta de atenção,Colisão traseira,Sem Vítimas        ,Plena noite,Ceu Claro,Múltipla,Urbano,Caminhonete,Ignorado    ,55.0,Masculino
83095695,09/11/2013,RN,101,NATAL,Ingestão de álcool,Colisão traseira,Sem Vítimas        ,Plena noite,Nublado,Dupla   ,Urbano,Ônibus,Ileso       ,29.0,Masculino
83095695,09/11/2013,RN,101,NATAL,Ingestão de álcool,Colisão traseira,Sem Vítimas        ,Plena noite,Nublado,Dupla   ,Urbano,Automóvel,Ileso       ,22.0,Masculino
83095703,13/11/2013,RN,304,MOSSORO,Falta de atenção,Colisão lateral,Sem Vítimas        ,Plena noite,Ceu Claro,Dupla   ,Urbano,Caminhão,Ileso       ,61.0,Masculino
83095703,13/11/2013,RN,304,MOSSORO,Falta de atenção,Colisão lateral,Sem Vítimas        ,Plena noite,Ceu Claro,Dupla   ,Urbano,Automóvel,Ileso       ,52.0,Masculino
83095725,13/11/2013,RN,226,NATAL,Outras,Colisão Transversal,Sem Vítimas        ,Pleno dia,Sol,Dupla   ,Urbano,Caminhonete,Ileso       ,52.0,Feminino
83095725,13/11/2013,RN,226,NATAL,Outras,Colisão Transversal,Sem Vítimas        ,Pleno dia,Sol,Dupla   ,Urbano,Caminhão,Ileso       ,30.0,Masculino
83095731,13/11/2013,RN,101,SERRA CAIADA,Animais na Pista,Atropelamento de animal,Sem Vítimas        ,Plena noite,Ceu Claro,Simples ,Rural ,Automóvel,Ileso       ,33.0,Masculino
83095741,13/11/2013,RN,226,SERRA CAIADA,Ultrapassagem indevida,Colisão lateral,Sem Vítimas        ,Plena noite,Vento,Simples ,Rural ,Automóvel,Ileso       ,29.0,Masculino
83095741,13/11/2013,RN,226,SERRA CAIADA,Ultrapassagem indevida,Colisão lateral,Sem Vítimas        ,Plena noite,Vento,Simples ,Rural ,Automóvel,Ileso       ,37.0,Masculino
83095744,13/11/2013,RN,304,MOSSORO,Ultrapassagem indevida,Colisão lateral,Sem Vítimas        ,Pleno dia,Sol,Simples ,Rural ,Caminhonete,Ileso       ,31.0,Masculino
83095744,13/11/2013,RN,304,MOSSORO,Ultrapassagem indevida,Colisão lateral,Sem Vítimas        ,Pleno dia,Sol,Simples ,Rural ,Caminhão,Ileso       ,41.0,Masculino
83095755,13/11/2013,RN,101,SAO GONCALO DO AMARANTE,Outras,Colisão lateral,Sem Vítimas        ,Pleno dia,Ceu Claro,Dupla   ,Urbano,Automóvel,Ileso       ,31.0,Masculino
83095755,13/11/2013,RN,101,SAO GONCALO DO AMARANTE,Outras,Colisão lateral,Sem Vítimas        ,Pleno dia,Ceu Claro,Dupla   ,Urbano,Caminhão,Ileso       ,34.0,Masculino
83095772,13/11/2013,RN,304,MOSSORO,Outras,Queda de motocicleta / bicicleta / veículo,Com Vítimas Feridas,Plena noite,Ceu Claro,Dupla   ,Urbano,Motocicletas,Ferido Leve ,19.0,Masculino
83095772,13/11/2013,RN,304,MOSSORO,Outras,Queda de motocicleta / bicicleta / veículo,Com Vítimas Feridas,Plena noite,Ceu Claro,Dupla   ,Urbano,Motocicletas,Ileso       ,16.0,Feminino
83095772,13/11/2013,RN,304,MOSSORO,Outras,Queda de motocicleta / bicicleta / veículo,Com Vítimas Feridas,Plena noite,Ceu Claro,Dupla   ,Urbano,Automóvel,Ignorado    ,-1.0,Inválido
83095773,13/11/2013,RN,101,PARNAMIRIM,Não guardar distância de segurança,Colisão traseira,Sem Vítimas        ,Pleno dia,Sol,Dupla   ,Urbano,Automóvel,Ileso       ,28.0,Masculino
83095773,13/11/2013,RN,101,PARNAMIRIM,Não guardar distância de segurança,Colisão traseira,Sem Vítimas        ,Pleno dia,Sol,Dupla   ,Urbano,Automóvel,Ileso       ,53.0,Masculino
83095773,13/11/2013,RN,101,PARNAMIRIM,Não guardar distância de segurança,Colisão traseira,Sem Vítimas        ,Pleno dia,Sol,Dupla   ,Urbano,Automóvel,Ignorado    ,-1.0,Masculino
83095804,31/10/2013,RN,101,PARNAMIRIM,Não guardar distância de segurança,Colisão traseira,Sem Vítimas        ,Anoitecer,Ceu Claro,Dupla   ,Urbano,Automóvel,Ileso       ,45.0,Feminino
83095804,31/10/2013,RN,101,PARNAMIRIM,Não guardar distância de segurança,Colisão traseira,Sem Vítimas        ,Anoitecer,Ceu Claro,Dupla   ,Urbano,Automóvel,Ileso       ,59.0,Masculino
83095824,13/11/2013,RN,110,MOSSORO,Dormindo,Saída de Pista,Sem Vítimas        ,Pleno dia,Ceu Claro,Simples ,Rural ,Automóvel,Ileso       ,40.0,Masculino
83095875,10/11/2013,RN,226,MACAIBA,Outras,Colisão frontal,Com Vítimas Feridas,Plena noite,Ceu Claro,Simples ,Rural ,Motocicletas,Ferido Grave,-1.0,Masculino
83095875,10/11/2013,RN,226,MACAIBA,Outras,Colisão frontal,Com Vítimas Feridas,Plena noite,Ceu Claro,Simples ,Rural ,Motocicletas,Ferido Grave,20.0,Masculino
83095875,10/11/2013,RN,226,MACAIBA,Outras,Colisão frontal,Com Vítimas Feridas,Plena noite,Ceu Claro,Simples ,Rural ,Motocicletas,Ferido Grave,28.0,Masculino
83095875,10/11/2013,RN,226,MACAIBA,Outras,Colisão frontal,Com Vítimas Feridas,Plena noite,Ceu Claro,Simples ,Rural ,Motocicletas,Ferido Grave,22.0,Masculino
83095967,13/07/2013,RN,101,PARNAMIRIM,Ingestão de álcool,Colisão Transversal,Com Vítimas Feridas,Pleno dia,Nublado,Dupla   ,Urbano,Automóvel,Ileso       ,52.0,Masculino
83095967,13/07/2013,RN,101,PARNAMIRIM,Ingestão de álcool,Colisão Transversal,Com Vítimas Feridas,Pleno dia,Nublado,Dupla   ,Urbano,Motocicletas,Ferido Grave,47.0,Masculino
83095967,13/07/2013,RN,101,PARNAMIRIM,Ingestão de álcool,Colisão Transversal,Com Vítimas Feridas,Pleno dia,Nublado,Dupla   ,Urbano,Motocicletas,Ferido Leve ,12.0,Feminino
83095978,05/11/2013,RN,101,NATAL,Não guardar distância de segurança,Colisão traseira,Sem Vítimas        ,Pleno dia,Ceu Claro,Dupla   ,Urbano,Automóvel,Ileso       ,26.0,Feminino
83095978,05/11/2013,RN,101,NATAL,Não guardar distância de segurança,Colisão traseira,Sem Vítimas        ,Pleno dia,Ceu Claro,Dupla   ,Urbano,Automóvel,Ileso       ,45.0,Feminino
83095978,05/11/2013,RN,101,NATAL,Não guardar distância de segurança,Colisão traseira,Sem Vítimas        ,Pleno dia,Ceu Claro,Dupla   ,Urbano,Automóvel,Ileso       ,25.0,Masculino
83095979,11/11/2013,RN,101,PARNAMIRIM,Ingestão de álcool,Queda de motocicleta / bicicleta / veículo,Com Vítimas Feridas,Plena noite,Ceu Claro,Dupla   ,Urbano,Motocicletas,Ferido Leve ,25.0,Masculino
83095999,14/11/2013,RN,101,GOIANINHA,Falta de atenção,Colisão Transversal,Sem Vítimas        ,Pleno dia,Ceu Claro,Dupla   ,Urbano,Automóvel,Ileso       ,32.0,Masculino
83095999,14/11/2013,RN,101,GOIANINHA,Falta de atenção,Colisão Transversal,Sem Vítimas        ,Pleno dia,Ceu Claro,Dupla   ,Urbano,Caminhonete,Ileso       ,0.0,Feminino
83096046,14/11/2013,RN,101,NATAL,Falta de atenção,Colisão lateral,Sem Vítimas        ,Pleno dia,Ceu Claro,Dupla   ,Urbano,Automóvel,Ileso       ,34.0,Masculino
83096046,14/11/2013,RN,101,NATAL,Falta de atenção,Colisão lateral,Sem Vítimas        ,Pleno dia,Ceu Claro,Dupla   ,Urbano,Caminhão-Trator,Ileso       ,30.0,Masculino
83096047,14/11/2013,RN,101,NATAL,Não guardar distância de segurança,Colisão traseira,Com Vítimas Feridas,Pleno dia,Ceu Claro,Dupla   ,Urbano,Automóvel,Ileso       ,22.0,Masculino
83096047,14/11/2013,RN,101,NATAL,Não guardar distância de segurança,Colisão traseira,Com Vítimas Feridas,Pleno dia,Ceu Claro,Dupla   ,Urbano,Ciclomotor,Ferido Leve ,28.0,Masculino
83096065,14/11/2013,RN,101,NATAL,Falta de atenção,Colisão traseira,Sem Vítimas        ,Pleno dia,Ceu Claro,Dupla   ,Urbano,Automóvel,Ileso       ,57.0,Masculino
83096065,14/11/2013,RN,101,NATAL,Falta de atenção,Colisão traseira,Sem Vítimas        ,Pleno dia,Ceu Claro,Dupla   ,Urbano,Caminhão-Trator,Ileso       ,31.0,Masculino
83096074,11/11/2013,RN,110,MOSSORO,Desobediência à sinalização,Colisão Transversal,Com Vítimas Feridas,Pleno dia,Ceu Claro,Simples ,Urbano,Motocicletas,Ferido Leve ,27.0,Masculino
83096074,11/11/2013,RN,110,MOSSORO,Desobediência à sinalização,Colisão Transversal,Com Vítimas Feridas,Pleno dia,Ceu Claro,Simples ,Urbano,Automóvel,Ileso       ,56.0,Masculino
83096096,10/11/2013,RN,304,MACAIBA,Ingestão de álcool,Colisão Transversal,Com Vítimas Feridas,Anoitecer,Ceu Claro,Simples ,Urbano,Automóvel,Ileso       ,54.0,Masculino
83096096,10/11/2013,RN,304,MACAIBA,Ingestão de álcool,Colisão Transversal,Com Vítimas Feridas,Anoitecer,Ceu Claro,Simples ,Urbano,Motoneta,Ferido Grave,23.0,Masculino
83096206,14/11/2013,RN,226,SANTA CRUZ,Falta de atenção,Atropelamento de pessoa,Com Vítimas Feridas,Anoitecer,Ceu Claro,Simples ,Urbano,Motocicletas,Ferido Grave,39.0,Masculino
83096206,14/11/2013,RN,226,SANTA CRUZ,Falta de atenção,Atropelamento de pessoa,Com Vítimas Feridas,Anoitecer,Ceu Claro,Simples ,Urbano,(null),Ferido Grave,84.0,Masculino
83096207,13/11/2013,RN,101,PARNAMIRIM,Não guardar distância de segurança,Colisão traseira,Sem Vítimas        ,Plena noite,Ceu Claro,Dupla   ,Urbano,Automóvel,Ileso       ,38.0,Masculino
83096207,13/11/2013,RN,101,PARNAMIRIM,Não guardar distância de segurança,Colisão traseira,Sem Vítimas        ,Plena noite,Ceu Claro,Dupla   ,Urbano,Automóvel,Ileso       ,34.0,Masculino
83096232,08/11/2013,RN,101,PARNAMIRIM,Outras,Colisão Transversal,Com Vítimas Feridas,Plena noite,Ceu Claro,Dupla   ,Rural ,Automóvel,Ileso       ,42.0,Feminino
83096232,08/11/2013,RN,101,PARNAMIRIM,Outras,Colisão Transversal,Com Vítimas Feridas,Plena noite,Ceu Claro,Dupla   ,Rural ,Ciclomotor,Ferido Leve ,33.0,Masculino
83096269,14/11/2013,RN,101,NATAL,Ingestão de álcool,Atropelamento de pessoa,Com Vítimas Feridas,Plena noite,Ceu Claro,Múltipla,Urbano,Caminhão,Ileso       ,25.0,Masculino
83096269,14/11/2013,RN,101,NATAL,Ingestão de álcool,Atropelamento de pessoa,Com Vítimas Feridas,Plena noite,Ceu Claro,Múltipla,Urbano,(null),Ferido Grave,-1.0,Masculino
83096408,14/11/2013,RN,304,MACAIBA,Não guardar distância de segurança,Colisão lateral,Sem Vítimas        ,Plena noite,Ceu Claro,Simples ,Urbano,Caminhão,Ileso       ,40.0,Masculino
83096408,14/11/2013,RN,304,MACAIBA,Não guardar distância de segurança,Colisão lateral,Sem Vítimas        ,Plena noite,Ceu Claro,Simples ,Urbano,Automóvel,Ileso       ,32.0,Masculino
83096464,11/11/2013,RN,226,MACAIBA,Ultrapassagem indevida,Colisão frontal,Com Vítimas Feridas,Anoitecer,Ceu Claro,Simples ,Rural ,Camioneta,Ferido Leve ,-1.0,Masculino
83096464,11/11/2013,RN,226,MACAIBA,Ultrapassagem indevida,Colisão frontal,Com Vítimas Feridas,Anoitecer,Ceu Claro,Simples ,Rural ,Caminhão,Ileso       ,-1.0,Masculino
83096464,11/11/2013,RN,226,MACAIBA,Ultrapassagem indevida,Colisão frontal,Com Vítimas Feridas,Anoitecer,Ceu Claro,Simples ,Rural ,Automóvel,Ferido Leve ,-1.0,Masculino
83096464,11/11/2013,RN,226,MACAIBA,Ultrapassagem indevida,Colisão frontal,Com Vítimas Feridas,Anoitecer,Ceu Claro,Simples ,Rural ,Automóvel,Ferido Leve ,-1.0,Masculino
83096907,12/11/2013,RN,304,MOSSORO,Animais na Pista,Atropelamento de animal,Com Vítimas Feridas,Plena noite,Ceu Claro,Dupla   ,Urbano,Caminhão,Ferido Leve ,34.0,Masculino
83096907,12/11/2013,RN,304,MOSSORO,Animais na Pista,Atropelamento de animal,Com Vítimas Feridas,Plena noite,Ceu Claro,Dupla   ,Urbano,Caminhão,Ferido Leve ,-1.0,Masculino
83096907,12/11/2013,RN,304,MOSSORO,Animais na Pista,Atropelamento de animal,Com Vítimas Feridas,Plena noite,Ceu Claro,Dupla   ,Urbano,Caminhão,Ferido Leve ,-1.0,Masculino
83096907,12/11/2013,RN,304,MOSSORO,Animais na Pista,Atropelamento de animal,Com Vítimas Feridas,Plena noite,Ceu Claro,Dupla   ,Urbano,Caminhão,Ileso       ,-1.0,Masculino
83096907,12/11/2013,RN,304,MOSSORO,Animais na Pista,Atropelamento de animal,Com Vítimas Feridas,Plena noite,Ceu Claro,Dupla   ,Urbano,Caminhão,Ileso       ,-1.0,Masculino
83096907,12/11/2013,RN,304,MOSSORO,Animais na Pista,Atropelamento de animal,Com Vítimas Feridas,Plena noite,Ceu Claro,Dupla   ,Urbano,Caminhão,Ileso       ,-1.0,Masculino
83096914,15/11/2013,RN,101,NATAL,Falta de atenção,Colisão traseira,Sem Vítimas        ,Pleno dia,Ceu Claro,Múltipla,Urbano,Automóvel,Ileso       ,-1.0,Feminino
83096914,15/11/2013,RN,101,NATAL,Falta de atenção,Colisão traseira,Sem Vítimas        ,Pleno dia,Ceu Claro,Múltipla,Urbano,Automóvel,Ileso       ,-1.0,Masculino
83097041,15/11/2013,RN,406,CEARA-MIRIM,Animais na Pista,Atropelamento de animal,Sem Vítimas        ,Plena noite,Ceu Claro,Simples ,Rural ,Automóvel,Ileso       ,34.0,Masculino
83097111,15/11/2013,RN,101,SAO GONCALO DO AMARANTE,Outras,Colisão traseira,Sem Vítimas        ,Plena noite,Ceu Claro,Dupla   ,Urbano,Automóvel,Ileso       ,54.0,Masculino
83097111,15/11/2013,RN,101,SAO GONCALO DO AMARANTE,Outras,Colisão traseira,Sem Vítimas        ,Plena noite,Ceu Claro,Dupla   ,Urbano,Não identificado,Ileso       ,-1.0,Inválido
83097117,11/11/2013,RN,101,NATAL,Outras,Colisão lateral,Sem Vítimas        ,Plena noite,Ceu Claro,Múltipla,Urbano,Automóvel,Ileso       ,-1.0,Masculino
83097117,11/11/2013,RN,101,NATAL,Outras,Colisão lateral,Sem Vítimas        ,Plena noite,Ceu Claro,Múltipla,Urbano,Ônibus,Ileso       ,28.0,Masculino
83097133,15/11/2013,RN,304,MOSSORO,Outras,Atropelamento de pessoa,Com Vítimas Feridas,Plena noite,Ceu Claro,Simples ,Urbano,Motocicletas,Ileso       ,19.0,Masculino
83097133,15/11/2013,RN,304,MOSSORO,Outras,Atropelamento de pessoa,Com Vítimas Feridas,Plena noite,Ceu Claro,Simples ,Urbano,(null),Ferido Grave,40.0,Masculino
83097348,16/11/2013,RN,427,ACARI,Não guardar distância de segurança,Colisão traseira,Sem Vítimas        ,Pleno dia,Ceu Claro,Simples ,Urbano,Ônibus,Ileso       ,53.0,Masculino
83097348,16/11/2013,RN,427,ACARI,Não guardar distância de segurança,Colisão traseira,Sem Vítimas        ,Pleno dia,Ceu Claro,Simples ,Urbano,Caminhão,Ignorado    ,-1.0,Masculino
83097581,16/11/2013,RN,304,MACAIBA,Ingestão de álcool,Colisão frontal,Com Vítimas Feridas,Plena noite,Ceu Claro,Simples ,Rural ,Automóvel,Ileso       ,46.0,Masculino
83097581,16/11/2013,RN,304,MACAIBA,Ingestão de álcool,Colisão frontal,Com Vítimas Feridas,Plena noite,Ceu Claro,Simples ,Rural ,Motocicletas,Ferido Grave,36.0,Masculino
83097581,16/11/2013,RN,304,MACAIBA,Ingestão de álcool,Colisão frontal,Com Vítimas Feridas,Plena noite,Ceu Claro,Simples ,Rural ,Camioneta,Ileso       ,37.0,Masculino
83097631,16/11/2013,RN,101,NATAL,Falta de atenção,Colisão traseira,Sem Vítimas        ,Pleno dia,Ceu Claro,Dupla   ,Urbano,Automóvel,Ileso       ,59.0,Masculino
83097631,16/11/2013,RN,101,NATAL,Falta de atenção,Colisão traseira,Sem Vítimas        ,Pleno dia,Ceu Claro,Dupla   ,Urbano,Automóvel,Ileso       ,72.0,Masculino
83097700,13/11/2013,RN,101,PARNAMIRIM,Não guardar distância de segurança,Colisão lateral,Sem Vítimas        ,Pleno dia,Sol,Dupla   ,Rural ,Automóvel,Ileso       ,27.0,Feminino
83097700,13/11/2013,RN,101,PARNAMIRIM,Não guardar distância de segurança,Colisão lateral,Sem Vítimas        ,Pleno dia,Sol,Dupla   ,Rural ,Caminhão-Trator,Ileso       ,37.0,Masculino
83097744,16/11/2013,RN,101,SAO JOSE DE MIPIBU,Ingestão de álcool,Capotamento,Com Vítimas Feridas,Plena noite,Nublado,Dupla   ,Rural ,Automóvel,Ileso       ,33.0,Masculino
83097744,16/11/2013,RN,101,SAO JOSE DE MIPIBU,Ingestão de álcool,Capotamento,Com Vítimas Feridas,Plena noite,Nublado,Dupla   ,Rural ,Automóvel,Ferido Leve ,39.0,Masculino
83097778,17/11/2013,RN,226,CURRAIS NOVOS,Dormindo,Saída de Pista,Ignorado           ,Pleno dia,Ceu Claro,Simples ,Rural ,Automóvel,Ignorado    ,27.0,Masculino
83097805,15/11/2013,RN,101,NATAL,Outras,Colisão traseira,Com Vítimas Feridas,Pleno dia,Sol,Dupla   ,Urbano,Caminhão,Ileso       ,-1.0,Masculino
83097805,15/11/2013,RN,101,NATAL,Outras,Colisão traseira,Com Vítimas Feridas,Pleno dia,Sol,Dupla   ,Urbano,Motocicletas,Ferido Leve ,18.0,Masculino
83097827,14/11/2013,RN,101,PARNAMIRIM,Outras,Atropelamento de pessoa,Com Vítimas Feridas,Anoitecer,Ceu Claro,Dupla   ,Urbano,Motocicletas,Ignorado    ,-1.0,Inválido
83097827,14/11/2013,RN,101,PARNAMIRIM,Outras,Atropelamento de pessoa,Com Vítimas Feridas,Anoitecer,Ceu Claro,Dupla   ,Urbano,(null),Ferido Leve ,44.0,Feminino
83097848,12/11/2013,RN,101,NATAL,Falta de atenção,Colisão traseira,Sem Vítimas        ,Plena noite,Ceu Claro,Dupla   ,Urbano,Ônibus,Ileso       ,33.0,Masculino
83097848,12/11/2013,RN,101,NATAL,Falta de atenção,Colisão traseira,Sem Vítimas        ,Plena noite,Ceu Claro,Dupla   ,Urbano,Automóvel,Ileso       ,55.0,Masculino
83097889,13/11/2013,RN,304,MACAIBA,Defeito mecânico em veículo,Tombamento,Sem Vítimas        ,Pleno dia,Ceu Claro,Simples ,Rural ,Automóvel,Ileso       ,38.0,Masculino
83097929,17/11/2013,RN,101,NATAL,Não guardar distância de segurança,Colisão traseira,Sem Vítimas        ,Pleno dia,Ceu Claro,Dupla   ,Urbano,Automóvel,Ileso       ,38.0,Masculino
83097929,17/11/2013,RN,101,NATAL,Não guardar distância de segurança,Colisão traseira,Sem Vítimas        ,Pleno dia,Ceu Claro,Dupla   ,Urbano,Automóvel,Ileso       ,28.0,Masculino
83097942,17/11/2013,RN,101,PARNAMIRIM,Falta de atenção,Colisão traseira,Sem Vítimas        ,Pleno dia,Sol,Dupla   ,Urbano,Automóvel,Ileso       ,59.0,Masculino
83097942,17/11/2013,RN,101,PARNAMIRIM,Falta de atenção,Colisão traseira,Sem Vítimas        ,Pleno dia,Sol,Dupla   ,Urbano,Automóvel,Ileso       ,26.0,Masculino
83098039,17/11/2013,RN,304,MACAIBA,Não guardar distância de segurança,Colisão traseira,Sem Vítimas        ,Pleno dia,Nublado,Simples ,Rural ,Automóvel,Ileso       ,51.0,Masculino
83098039,17/11/2013,RN,304,MACAIBA,Não guardar distância de segurança,Colisão traseira,Sem Vítimas        ,Pleno dia,Nublado,Simples ,Rural ,Automóvel,Ileso       ,37.0,Masculino
83098075,08/11/2013,RN,110,MOSSORO,Não guardar distância de segurança,Colisão traseira,Sem Vítimas        ,Plena noite,Ceu Claro,Dupla   ,Urbano,Automóvel,Ileso       ,41.0,Masculino
83098075,08/11/2013,RN,110,MOSSORO,Não guardar distância de segurança,Colisão traseira,Sem Vítimas        ,Plena noite,Ceu Claro,Dupla   ,Urbano,Automóvel,Ileso       ,66.0,Feminino
83098190,17/11/2013,RN,101,NATAL,Ingestão de álcool,Colisão lateral,Com Vítimas Feridas,Pleno dia,Ceu Claro,Múltipla,Urbano,Caminhonete,Ileso       ,28.0,Feminino