id,data_inversa,uf,br,municipio,causa_acidente,tipo_acidente,classificacao_acidente,fase_dia,condicao_metereologica,tipo_pista,uso_solo,tipo_veiculo,estado_fisico,idade,sexo
83105882,02/12/2013,RN,101,NATAL,Falta de atenção,Colisão lateral,Sem Vítimas        ,Pleno dia,Ceu Claro,Dupla   ,Urbano,Automóvel,Ileso       ,53.0,Masculino
83105888,28/11/2013,RN,101,NATAL,Não guardar distância de segurança,Colisão traseira,Sem Vítimas        ,Pleno dia,Sol,Dupla   ,Urbano,Ônibus,Ileso       ,49.0,Masculino
83105888,28/11/2013,RN,101,NATAL,Não guardar distância de segurança,Colisão traseira,Sem Vítimas        ,Pleno dia,Sol,Dupla   ,Urbano,Camioneta,Ileso       ,24.0,Feminino
83105893,02/12/2013,RN,101,NATAL,Falta de atenção,Colisão traseira,Sem Vítimas        ,Pleno dia,Ceu Claro,Múltipla,Urbano,Automóvel,Ileso       ,56.0,Masculino
83105893,02/12/2013,RN,101,NATAL,Falta de atenção,Colisão traseira,Sem Vítimas        ,Pleno dia,Ceu Claro,Múltipla,Urbano,Automóvel,Ileso       ,25.0,Masculino
83105894,02/12/2013,RN,110,MOSSORO,Animais na Pista,Atropelamento de animal,Com Vítimas Feridas,Plena noite,Ceu Claro,Simples ,Rural ,Automóvel,Ileso       ,26.0,Masculino
83105894,02/12/2013,RN,110,MOSSORO,Animais na Pista,Atropelamento de animal,Com Vítimas Feridas,Plena noite,Ceu Claro,Simples ,Rural ,Automóvel,Ferido Leve ,-1.0,Masculino
83105894,02/12/2013,RN,110,MOSSORO,Animais na Pista,Atropelamento de animal,Com Vítimas Feridas,Plena noite,Ceu Claro,Simples ,Rural ,Automóvel,Ileso       ,-1.0,Masculino
83105894,02/12/2013,RN,110,MOSSORO,Animais na Pista,Atropelamento de animal,Com Vítimas Feridas,Plena noite,Ceu Claro,Simples ,Rural ,Automóvel,Ileso       ,-1.0,Masculino
83105894,02/12/2013,RN,110,MOSSORO,Animais na Pista,Atropelamento de animal,Com Vítimas Feridas,Plena noite,Ceu Claro,Simples ,Rural ,Automóvel,Ileso       ,-1.0,Masculino
83106000,02/12/2013,RN,304,MOSSORO,Ultrapassagem indevida,Colisão traseira,Com Vítimas Feridas,Plena noite,Ceu Claro,Dupla   ,Urbano,Motocicletas,Ferido Leve ,54.0,Masculino
83106000,02/12/2013,RN,304,MOSSORO,Ultrapassagem indevida,Colisão traseira,Com Vítimas Feridas,Plena noite,Ceu Claro,Dupla   ,Urbano,Caminhonete,Ileso       ,38.0,Masculino
83106029,02/12/2013,RN,304,MACAIBA,Ingestão de álcool,Colisão lateral,Sem Vítimas        ,Anoitecer,Ceu Claro,Simples ,Rural ,Caminhão,Ileso       ,41.0,Masculino
83106029,02/12/2013,RN,304,MACAIBA,Ingestão de álcool,Colisão lateral,Sem Vítimas        ,Anoitecer,Ceu Claro,Simples ,Rural ,Automóvel,Ileso       ,47.0,Masculino
83106034,02/12/2013,RN,427,ACARI,Não guardar distância de segurança,Colisão traseira,Sem Vítimas        ,Pleno dia,Ceu Claro,Simples ,Urbano,Automóvel,Ileso       ,51.0,Masculino
83106034,02/12/2013,RN,427,ACARI,Não guardar distância de segurança,Colisão traseira,Sem Vítimas        ,Pleno dia,Ceu Claro,Simples ,Urbano,Automóvel,Ileso       ,32.0,Masculino
83106104,25/11/2013,RN,101,NATAL,Não guardar distância de segurança,Colisão traseira,Sem Vítimas        ,Pleno dia,Sol,Dupla   ,Urbano,Automóvel,Ileso       ,50.0,Masculino
83106104,25/11/2013,RN,101,NATAL,Não guardar distância de segurança,Colisão traseira,Sem Vítimas        ,Pleno dia,Sol,Dupla   ,Urbano,Camioneta,Ileso       ,54.0,Masculino
83106129,25/11/2013,RN,101,NATAL,Desobediência à sinalização,Colisão lateral,Com Vítimas Feridas,Pleno dia,Ceu Claro,Múltipla,Urbano,Automóvel,Ileso       ,42.0,Feminino
83106129,25/11/2013,RN,101,NATAL,Desobediência à sinalização,Colisão lateral,Com Vítimas Feridas,Pleno dia,Ceu Claro,Múltipla,Urbano,Motocicletas,Ferido Leve ,37.0,Masculino
83106164,16/11/2013,RN,101,NATAL,Outras,Colisão Transversal,Sem Vítimas        ,Pleno dia,Ceu Claro,Dupla   ,Urbano,Automóvel,Ileso       ,30.0,Masculino
83106164,16/11/2013,RN,101,NATAL,Outras,Colisão Transversal,Sem Vítimas        ,Pleno dia,Ceu Claro,Dupla   ,Urbano,Automóvel,Ileso       ,25.0,Masculino
83106186,25/11/2013,RN,101,CANGUARETAMA,Desobediência à sinalização,Colisão Transversal,Com Vítimas Feridas,Plena noite,Nublado,Múltipla,Urbano,Motocicletas,Ferido Leve ,22.0,Masculino
83106186,25/11/2013,RN,101,CANGUARETAMA,Desobediência à sinalização,Colisão Transversal,Com Vítimas Feridas,Plena noite,Nublado,Múltipla,Urbano,Motocicletas,Ferido Leve ,24.0,Masculino
83106186,25/11/2013,RN,101,CANGUARETAMA,Desobediência à sinalização,Colisão Transversal,Com Vítimas Feridas,Plena noite,Nublado,Múltipla,Urbano,Motocicletas,Ferido Leve ,-1.0,Feminino
83106221,29/11/2013,RN,304,ITAJA,Falta de atenção,Colisão traseira,Sem Vítimas        ,Pleno dia,Ceu Claro,Simples ,Rural ,Automóvel,Ileso       ,37.0,Masculino
83106221,29/11/2013,RN,304,ITAJA,Falta de atenção,Colisão traseira,Sem Vítimas        ,Pleno dia,Ceu Claro,Simples ,Rural ,Caminhonete,Ileso       ,63.0,Masculino
83106221,29/11/2013,RN,304,ITAJA,Falta de atenção,Colisão traseira,Sem Vítimas        ,Pleno dia,Ceu Claro,Simples ,Rural ,Caminhonete,Ileso       ,35.0,Masculino
83106262,03/12/2013,RN,304,MOSSORO,Defeito na via,Queda de motocicleta / bicicleta / veículo,Com Vítimas Feridas,Pleno dia,Sol,Simples ,Urbano,Motoneta,Ferido Grave,41.0,Feminino
83106271,29/11/2013,RN,304,MACAIBA,Não guardar distância de segurança,Colisão traseira,Sem Vítimas        ,Plena noite,Ceu Claro,Simples ,Rural ,Motocicletas,Ileso       ,44.0,Masculino
83106271,29/11/2013,RN,304,MACAIBA,Não guardar distância de segurança,Colisão traseira,Sem Vítimas        ,Plena noite,Ceu Claro,Simples ,Rural ,Automóvel,Ileso       ,51.0,Masculino
83106277,29/11/2013,RN,226,MACAIBA,Ultrapassagem indevida,Colisão lateral,Sem Vítimas        ,Plena noite,Ceu Claro,Simples ,Urbano,Caminhão,Ileso       ,31.0,Masculino
83106277,29/11/2013,RN,226,MACAIBA,Ultrapassagem indevida,Colisão lateral,Sem Vítimas        ,Plena noite,Ceu Claro,Simples ,Urbano,Automóvel,Ileso       ,41.0,Masculino
83106301,30/11/2013,RN,101,NATAL,Desobediência à sinalização,Colisão lateral,Com Vítimas Feridas,Pleno dia,Ceu Claro,Múltipla,Urbano,Automóvel,Ignorado    ,-1.0,Inválido
83106301,30/11/2013,RN,101,NATAL,Desobediência à sinalização,Colisão lateral,Com Vítimas Feridas,Pleno dia,Ceu Claro,Múltipla,Urbano,Motocicletas,Ferido Leve ,33.0,Masculino
83106302,29/11/2013,RN,101,NATAL,Não guardar distância de segurança,Colisão traseira,Com Vítimas Feridas,Pleno dia,Sol,Dupla   ,Urbano,Caminhonete,Ileso       ,53.0,Masculino
83106302,29/11/2013,RN,101,NATAL,Não guardar distância de segurança,Colisão traseira,Com Vítimas Feridas,Pleno dia,Sol,Dupla   ,Urbano,Motocicletas,Ferido Grave,37.0,Masculino
83106343,01/12/2013,RN,101,PARNAMIRIM,Ingestão de álcool,Tombamento,Com Vítimas Feridas,Plena noite,Nublado,Múltipla,Urbano,Motocicletas,Ferido Leve ,31.0,Masculino
83106400,03/12/2013,RN,304,MOSSORO,Desobediência à sinalização,Colisão Transversal,Com Vítimas Feridas,Pleno dia,Sol,Simples ,Urbano,Motocicletas,Ileso       ,44.0,Masculino
83106400,03/12/2013,RN,304,MOSSORO,Desobediência à sinalização,Colisão Transversal,Com Vítimas Feridas,Pleno dia,Sol,Simples ,Urbano,Automóvel,Ileso       ,53.0,Masculino
83106400,03/12/2013,RN,304,MOSSORO,Desobediência à sinalização,Colisão Transversal,Com Vítimas Feridas,Pleno dia,Sol,Simples ,Urbano,Motocicletas,Ferido Leve ,48.0,Feminino
83106441,01/11/2013,RN,406,JANDAIRA,Dormindo,Colisão frontal,Com Vítimas Fatais ,Pleno dia,Ceu Claro,Simples ,Rural ,Caminhão,Ferido Grave,25.0,Masculino
83106441,01/11/2013,RN,406,JANDAIRA,Dormindo,Colisão frontal,Com Vítimas Fatais ,Pleno dia,Ceu Claro,Simples ,Rural ,Caminhão,Ferido Leve ,-1.0,Masculino
83106441,01/11/2013,RN,406,JANDAIRA,Dormindo,Colisão frontal,Com Vítimas Fatais ,Pleno dia,Ceu Claro,Simples ,Rural ,Automóvel,Morto       ,38.0,Masculino
83106441,01/11/2013,RN,406,JANDAIRA,Dormindo,Colisão frontal,Com Vítimas Fatais ,Pleno dia,Ceu Claro,Simples ,Rural ,Automóvel,Morto       ,28.0,Masculino
83106441,01/11/2013,RN,406,JANDAIRA,Dormindo,Colisão frontal,Com Vítimas Fatais ,Pleno dia,Ceu Claro,Simples ,Rural ,Automóvel,Morto       ,23.0,Masculino
83106460,03/12/2013,RN,304,MOSSORO,Falta de atenção,Colisão Transversal,Sem Vítimas        ,Pleno dia,Sol,Dupla   ,Urbano,Motocicletas,Ileso       ,25.0,Masculino
83106460,03/12/2013,RN,304,MOSSORO,Falta de atenção,Colisão Transversal,Sem Vítimas        ,Pleno dia,Sol,Dupla   ,Urbano,Motocicletas,Ileso       ,65.0,Masculino
83106475,29/11/2013,RN,101,NATAL,Falta de atenção,Colisão lateral,Sem Vítimas        ,Pleno dia,Ceu Claro,Dupla   ,Urbano,Caminhão,Ileso       ,25.0,Masculino
83106475,29/11/2013,RN,101,NATAL,Falta de atenção,Colisão lateral,Sem Vítimas        ,Pleno dia,Ceu Claro,Dupla   ,Urbano,Automóvel,Ileso       ,44.0,Masculino
83106491,26/11/2013,RN,101,NATAL,Outras,Colisão lateral,Sem Vítimas        ,Pleno dia,Sol,Dupla   ,Urbano,Caminhão,Ileso       ,40.0,Masculino
83106491,26/11/2013,RN,101,NATAL,Outras,Colisão lateral,Sem Vítimas        ,Pleno dia,Sol,Dupla   ,Urbano,Automóvel,Ileso       ,28.0,Masculino
83106499,03/12/2013,RN,101,NATAL,Falta de atenção,Colisão lateral,Sem Vítimas        ,Pleno dia,Sol,Dupla   ,Urbano,Ônibus,Ileso       ,38.0,Masculino
83106499,03/12/2013,RN,101,NATAL,Falta de atenção,Colisão lateral,Sem Vítimas        ,Pleno dia,Sol,Dupla   ,Urbano,Microônibus,Ileso       ,29.0,Masculino
83106514,29/11/2013,RN,304,MACAIBA,Desobediência à sinalização,Colisão Transversal,Sem Vítimas        ,Anoitecer,Vento,Simples ,Urbano,Caminhão-Trator,Ileso       ,39.0,Masculino
83106514,29/11/2013,RN,304,MACAIBA,Desobediência à sinalização,Colisão Transversal,Sem Vítimas        ,Anoitecer,Vento,Simples ,Urbano,Caminhonete,Ileso       ,45.0,Masculino
83106542,29/11/2013,RN,304,MACAIBA,Não guardar distância de segurança,Colisão traseira,Sem Vítimas        ,Pleno dia,Ceu Claro,Simples ,Urbano,Caminhonete,Ileso       ,46.0,Masculino
83106542,29/11/2013,RN,304,MACAIBA,Não guardar distância de segurança,Colisão traseira,Sem Vítimas        ,Pleno dia,Ceu Claro,Simples ,Urbano,Caminhão,Ileso       ,51.0,Masculino
83106542,29/11/2013,RN,304,MACAIBA,Não guardar distância de segurança,Colisão traseira,Sem Vítimas        ,Pleno dia,Ceu Claro,Simples ,Urbano,Caminhão,Ileso       ,37.0,Masculino
83106641,02/12/2013,RN,101,ARES,Outras,Saída de Pista,Com Vítimas Feridas,Pleno dia,Sol,Dupla   ,Rural ,Automóvel,Ileso       ,59.0,Masculino
83106641,02/12/2013,RN,101,ARES,Outras,Saída de Pista,Com Vítimas Feridas,Pleno dia,Sol,Dupla   ,Rural ,Automóvel,Ferido Leve ,57.0,Feminino
83106728,03/12/2013,RN,101,NATAL,Ingestão de álcool,Colisão lateral,Com Vítimas Feridas,Pleno dia,Ceu Claro,Dupla   ,Urbano,Caminhonete,Ileso       ,53.0,Masculino
83106728,03/12/2013,RN,101,NATAL,Ingestão de álcool,Colisão lateral,Com Vítimas Feridas,Pleno dia,Ceu Claro,Dupla   ,Urbano,Automóvel,Ferido Leve ,55.0,Masculino
83106761,03/12/2013,RN,101,PARNAMIRIM,Falta de atenção,Colisão traseira,Sem Vítimas        ,Plena noite,Ceu Claro,Dupla   ,Urbano,Automóvel,Ileso       ,38.0,Masculino
83106761,03/12/2013,RN,101,PARNAMIRIM,Falta de atenção,Colisão traseira,Sem Vítimas        ,Plena noite,Ceu Claro,Dupla   ,Urbano,Caminhonete,Ileso       ,49.0,Masculino
83106809,03/12/2013,RN,226,NATAL,Outras,Colisão frontal,Com Vítimas Feridas,Plena noite,Vento,Simples ,Urbano,Ciclomotor,Ferido Grave,-1.0,Masculino
83106809,03/12/2013,RN,226,NATAL,Outras,Colisão frontal,Com Vítimas Feridas,Plena noite,Vento,Simples ,Urbano,Automóvel,Ileso       ,42.0,Masculino
83106812,03/12/2013,RN,226,MACAIBA,Outras,Colisão Transversal,Com Vítimas Feridas,Plena noite,Ceu Claro,Simples ,Urbano,Automóvel,Ileso       ,63.0,Masculino
83106812,03/12/2013,RN,226,MACAIBA,Outras,Colisão Transversal,Com Vítimas Feridas,Plena noite,Ceu Claro,Simples ,Urbano,Motocicletas,Ferido Grave,20.0,Masculino
83106928,01/12/2013,RN,110,MOSSORO,Falta de atenção,Colisão Transversal,Sem Vítimas        ,Pleno dia,Sol,Simples ,Urbano,Automóvel,Ileso       ,34.0,Feminino
83106928,01/12/2013,RN,110,MOSSORO,Falta de atenção,Colisão Transversal,Sem Vítimas        ,Pleno dia,Sol,Simples ,Urbano,Automóvel,Ileso       ,24.0,Masculino
83106970,26/11/2013,RN,304,ITAJA,Falta de atenção,Colisão Transversal,Sem Vítimas        ,Amanhecer,Ceu Claro,Simples ,Urbano,Automóvel,Ileso       ,45.0,Masculino
83106970,26/11/2013,RN,304,ITAJA,Falta de atenção,Colisão Transversal,Sem Vítimas        ,Amanhecer,Ceu Claro,Simples ,Urbano,Microônibus,Ileso       ,29.0,Masculino
83107168,25/11/2013,RN,101,NATAL,Outras,Colisão lateral,Sem Vítimas        ,Anoitecer,Ceu Claro,Múltipla,Urbano,Automóvel,Ileso       ,21.0,Masculino
83107168,25/11/2013,RN,101,NATAL,Outras,Colisão lateral,Sem Vítimas        ,Anoitecer,Ceu Claro,Múltipla,Urbano,Automóvel,Ignorado    ,-1.0,Inválido
83107190,27/11/2013,RN,101,SAO GONCALO DO AMARANTE,Falta de atenção,Colisão traseira,Sem Vítimas        ,Pleno dia,Ceu Claro,Dupla   ,Urbano,Automóvel,Ileso       ,29.0,Masculino
83107190,27/11/2013,RN,101,SAO GONCALO DO AMARANTE,Falta de atenção,Colisão traseira,Sem Vítimas        ,Pleno dia,Ceu Claro,Dupla   ,Urbano,Ônibus,Ileso       ,39.0,Masculino
83107286,04/12/2013,RN,101,SAO GONCALO DO AMARANTE,Outras,Colisão lateral,Sem Vítimas        ,Plena noite,Ceu Claro,Dupla   ,Urbano,Automóvel,Ileso       ,29.0,Feminino
83107286,04/12/2013,RN,101,SAO GONCALO DO AMARANTE,Outras,Colisão lateral,Sem Vítimas        ,Plena noite,Ceu Claro,Dupla   ,Urbano,Caminhão,Ileso       ,48.0,Masculino
83107300,01/12/2013,RN,304,MOSSORO,Falta de atenção,Saída de Pista,Sem Vítimas        ,Plena noite,Ceu Claro,Dupla   ,Urbano,Automóvel,Ileso       ,23.0,Feminino
83107310,04/12/2013,RN,101,NATAL,Falta de atenção,Colisão traseira,Sem Vítimas        ,Pleno dia,Sol,Dupla   ,Urbano,Automóvel,Ileso       ,25.0,Masculino
83107310,04/12/2013,RN,101,NATAL,Falta de atenção,Colisão traseira,Sem Vítimas        ,Pleno dia,Sol,Dupla   ,Urbano,Automóvel,Ileso       ,30.0,Feminino
83107366,04/12/2013,RN,101,PARNAMIRIM,Desobediência à sinalização,Colisão Transversal,Sem Vítimas        ,Pleno dia,Sol,Dupla   ,Urbano,Automóvel,Ileso       ,31.0,Masculino
83107366,04/12/2013,RN,101,PARNAMIRIM,Desobediência à sinalização,Colisão Transversal,Sem Vítimas        ,Pleno dia,Sol,Dupla   ,Urbano,Automóvel,Ignorado    ,-1.0,Masculino
83107396,29/11/2013,RN,101,PARNAMIRIM,Desobediência à sinalização,Colisão Transversal,Com Vítimas Feridas,Pleno dia,Sol,Dupla   ,Urbano,Motocicletas,Ferido Leve ,35.0,Masculino
83107396,29/11/2013,RN,101,PARNAMIRIM,Desobediência à sinalização,Colisão Transversal,Com Vítimas Feridas,Pleno dia,Sol,Dupla   ,Urbano,Automóvel,Ignorado    ,-1.0,Inválido
83107543,01/12/2013,RN,101,NATAL,Falta de atenção,Colisão lateral,Com Vítimas Feridas,Pleno dia,Ceu Claro,Dupla   ,Urbano,Automóvel,Ileso       ,42.0,Masculino
83107543,01/12/2013,RN,101,NATAL,Falta de atenção,Colisão lateral,Com Vítimas Feridas,Pleno dia,Ceu Claro,Dupla   ,Urbano,Motocicletas,Ferido Leve ,26.0,Feminino
83107692,05/12/2013,RN,101,PARNAMIRIM,Falta de atenção,Colisão Transversal,Sem Vítimas        ,Pleno dia,Ceu Claro,Simples ,Urbano,Automóvel,Ileso       ,34.0,Feminino
83107692,05/12/2013,RN,101,PARNAMIRIM,Falta de atenção,Colisão Transversal,Sem Vítimas        ,Pleno dia,Ceu Claro,Simples ,Urbano,Automóvel,Ileso       ,49.0,Feminino
83107692,05/12/2013,RN,101,PARNAMIRIM,Falta de atenção,Colisão Transversal,Sem Vítimas        ,Pleno dia,Ceu Claro,Simples ,Urbano,Automóvel,Ileso       ,-1.0,Feminino
83107772,05/12/2013,RN,101,NATAL,Não guardar distância de segurança,Colisão traseira,Sem Vítimas        ,Pleno dia,Sol,Dupla   ,Urbano,Automóvel,Ileso       ,26.0,Masculino
83107772,05/12/2013,RN,101,NATAL,Não guardar distância de segurança,Colisão traseira,Sem Vítimas        ,Pleno dia,Sol,Dupla   ,Urbano,Caminhonete,Ileso       ,42.0,Masculino
83107775,05/12/2013,RN,101,SAO GONCALO DO AMARANTE,Não guardar distância de segurança,Colisão traseira,Sem Vítimas        ,Pleno dia,Ceu Claro,Simples ,Urbano,Motocicletas,Ileso       ,31.0,Masculino
83107775,05/12/2013,RN,101,SAO GONCALO DO AMARANTE,Não guardar distância de segurança,Colisão traseira,Sem Vítimas        ,Pleno dia,Ceu Claro,Simples ,Urbano,Caminhão,Ignorado    ,62.0,Inválido
83107832,02/12/2013,RN,101,SAO GONCALO DO AMARANTE,Outras,Colisão traseira,Sem Vítimas        ,Pleno dia,Ceu Claro,Dupla   ,Urbano,Automóvel,Ileso       ,30.0,Masculino
83107832,02/12/2013,RN,101,SAO GONCALO DO AMARANTE,Outras,Colisão traseira,Sem Vítimas        ,Pleno dia,Ceu Claro,Dupla   ,Urbano,Automóvel,Ileso       ,31.0,Feminino
83107832,02/12/2013,RN,101,SAO GONCALO DO AMARANTE,Outras,Colisão traseira,Sem Vítimas        ,Pleno dia,Ceu Claro,Dupla   ,Urbano,Automóvel,Ileso       ,36.0,Masculino
83108057,05/12/2013,RN,226,TANGARA,Ultrapassagem indevida,Colisão Transversal,Sem Vítimas        ,Pleno dia,Ceu Claro,Simples ,Rural ,Automóvel,Ileso       ,59.0,Masculino
83108057,05/12/2013,RN,226,TANGARA,Ultrapassagem indevida,Colisão Transversal,Sem Vítimas        ,Pleno dia,Ceu Claro,Simples ,Rural ,Caminhão,Ignorado    ,-1.0,Inválido
83108081,05/12/2013,RN,110,MOSSORO,Desobediência à sinalização,Colisão traseira,Com Vítimas Feridas,Plena noite,Ceu Claro,Simples ,Urbano,Ciclomotor,Ferido Grave,14.0,Masculino
83108081,05/12/2013,RN,110,MOSSORO,Desobediência à sinalização,Colisão traseira,Com Vítimas Feridas,Plena noite,Ceu Claro,Simples ,Urbano,Automóvel,Ileso       ,28.0,Masculino
83108100,04/12/2013,RN,304,MACAIBA,Dormindo,Saída de Pista,Sem Vítimas        ,Pleno dia,Ceu Claro,Dupla   ,Urbano,Automóvel,Ileso       ,77.0,Masculino
83108114,05/12/2013,RN,101,CANGUARETAMA,Dormindo,Colisão traseira,Sem Vítimas        ,Plena noite,Ceu Claro,Dupla   ,Rural ,Caminhão,Ileso       ,46.0,Masculino
83108114,05/12/2013,RN,101,CANGUARETAMA,Dormindo,Colisão traseira,Sem Vítimas        ,Plena noite,Ceu Claro,Dupla   ,Rural ,Caminhão-Trator,Ileso       ,50.0,Masculino
83108170,25/11/2013,RN,101,SAO GONCALO DO AMARANTE,Não guardar distância de segurança,Colisão Transversal,Sem Vítimas        ,Plena noite,Vento,Múltipla,Urbano,Automóvel,Ileso       ,41.0,Masculino
83108170,25/11/2013,RN,101,SAO GONCALO DO AMARANTE,Não guardar distância de segurança,Colisão Transversal,Sem Vítimas        ,Plena noite,Vento,Múltipla,Urbano,Automóvel,Ileso       ,23.0,Feminino
83108199,03/12/2013,RN,101,SAO GONCALO DO AMARANTE,Não guardar distância de segurança,Colisão traseira,Sem Vítimas        ,Pleno dia,Sol,Dupla   ,Urbano,Automóvel,Ileso       ,67.0,Masculino
83108199,03/12/2013,RN,101,SAO GONCALO DO AMARANTE,Não guardar distância de segurança,Colisão traseira,Sem Vítimas        ,Pleno dia,Sol,Dupla   ,Urbano,Automóvel,Ileso       ,56.0,Masculino
83108199,03/12/2013,RN,101,SAO GONCALO DO AMARANTE,Não guardar distância de segurança,Colisão traseira,Sem Vítimas        ,Pleno dia,Sol,Dupla   ,Urbano,Automóvel,Ileso       ,48.0,Masculino
83108206,06/12/2013,RN,101,ARES,Falta de atenção,Tombamento,Com Vítimas Feridas,Pleno dia,Ceu Claro,Dupla   ,Rural ,Caminhão,Ileso       ,62.0,Masculino
83108206,06/12/2013,RN,101,ARES,Falta de atenção,Tombamento,Com Vítimas Feridas,Pleno dia,Ceu Claro,Dupla   ,Rural ,Caminhão,Ferido Leve ,57.0,Feminino
83108222,06/12/2013,RN,405,MOSSORO,Falta de atenção,Colisão com bicicleta,Com Vítimas Feridas,Pleno dia,Sol,Dupla   ,Urbano,Bicicleta,Ferido Grave,48.0,Masculino
83108222,06/12/2013,RN,405,MOSSORO,Falta de atenção,Colisão com bicicleta,Com Vítimas Feridas,Pleno dia,Sol,Dupla   ,Urbano,Motoneta,Ferido Grave,-1.0,Masculino
83108222,06/12/2013,RN,405,MOSSORO,Falta de atenção,Colisão com bicicleta,Com Vítimas Feridas,Pleno dia,Sol,Dupla   ,Urbano,Caminhão,Ileso       ,37.0,Masculino
83108246,06/12/2013,RN,101,PARNAMIRIM,Falta de atenção,Colisão traseira,Sem Vítimas        ,Pleno dia,Ceu Claro,Dupla   ,Urbano,Automóvel,Ileso       ,43.0,Masculino
83108246,06/12/2013,RN,101,PARNAMIRIM,Falta de atenção,Colisão traseira,Sem Vítimas        ,Pleno dia,Ceu Claro,Dupla   ,Urbano,Automóvel,Ileso       ,28.0,Feminino
83108277,06/12/2013,RN,304,MACAIBA,Outras,Colisão traseira,Sem Vítimas        ,Pleno dia,Sol,Dupla   ,Urbano,Caminhão,Ileso       ,40.0,Masculino
83108277,06/12/2013,RN,304,MACAIBA,Outras,Colisão traseira,Sem Vítimas        ,Pleno dia,Sol,Dupla   ,Urbano,Utilitário,Ileso       ,48.0,Masculino
83108406,06/12/2013,RN,226,CURRAIS NOVOS,Ingestão de álcool,Colisão traseira,Com Vítimas Feridas,Plena noite,Ceu Claro,Simples ,Urbano,Motocicletas,Ferido Leve ,-1.0,Masculino
83108406,06/12/2013,RN,226,CURRAIS NOVOS,Ingestão de álcool,Colisão traseira,Com Vítimas Feridas,Plena noite,Ceu Claro,Simples ,Urbano,Caminhonete,Ignorado    ,-1.0,Inválido
83108409,06/12/2013,RN,101,EXTREMOZ,Desobediência à sinalização,Colisão Transversal,Sem Vítimas        ,Pleno dia,Sol,Dupla   ,Rural ,Caminhonete,Ileso       ,51.0,Masculino
83108409,06/12/2013,RN,101,EXTREMOZ,Desobediência à sinalização,Colisão Transversal,Sem Vítimas        ,Pleno dia,Sol,Dupla   ,Rural ,Automóvel,Ileso       ,49.0,Masculino
83108470,06/12/2013,RN,427,CAICO,Falta de atenção,Colisão traseira,Com Vítimas Feridas,Pleno dia,Ceu Claro,Dupla   ,Rural ,Motocicletas,Ferido Leve ,47.0,Feminino
83108470,06/12/2013,RN,427,CAICO,Falta de atenção,Colisão traseira,Com Vítimas Feridas,Pleno dia,Ceu Claro,Dupla   ,Rural ,Motocicletas,Ferido Leve ,-1.0,Feminino
83108470,06/12/2013,RN,427,CAICO,Falta de atenção,Colisão traseira,Com Vítimas Feridas,Pleno dia,Ceu Claro,Dupla   ,Rural ,Caminhão,Ignorado    ,-1.0,Masculino
83108531,06/12/2013,RN,110,MOSSORO,Ingestão de álcool,Colisão traseira,Sem Vítimas        ,Plena noite,Ceu Claro,Simples ,Urbano,Automóvel,Ileso       ,31.0,Masculino
83108531,06/12/2013,RN,110,MOSSORO,Ingestão de álcool,Colisão traseira,Sem Vítimas        ,Plena noite,Ceu Claro,Simples ,Urbano,Ciclomotor,Ileso       ,52.0,Masculino
83108539,06/12/2013,RN,101,NATAL,Falta de atenção,Colisão traseira,Sem Vítimas        ,Plena noite,Ceu Claro,Múltipla,Urbano,Camioneta,Ileso       ,56.0,Masculino
83108539,06/12/2013,RN,101,NATAL,Falta de atenção,Colisão traseira,Sem Vítimas        ,Plena noite,Ceu Claro,Múltipla,Urbano,Automóvel,Ileso       ,34.0,Masculino
83108580,06/12/2013,RN,101,NATAL,Falta de atenção,Colisão lateral,Sem Vítimas        ,Pleno dia,Sol,Dupla   ,Urbano,Automóvel,Ileso       ,30.0,Feminino
83108580,06/12/2013,RN,101,NATAL,Falta de atenção,Colisão lateral,Sem Vítimas        ,Pleno dia,Sol,Dupla   ,Urbano,Caminhão,Ileso       ,29.0,Masculino
83108598,06/12/2013,RN,101,SAO JOSE DE MIPIBU,Animais na Pista,Atropelamento de animal,Com Vítimas Feridas,Plena noite,Ceu Claro,Dupla   ,Rural ,Camioneta,Ferido Leve ,24.0,Masculino
83108598,06/12/2013,RN,101,SAO JOSE DE MIPIBU,Animais na Pista,Atropelamento de animal,Com Vítimas Feridas,Plena noite,Ceu Claro,Dupla   ,Rural ,Camioneta,Ferido Leve ,39.0,Masculino
83108598,06/12/2013,RN,101,SAO JOSE DE MIPIBU,Animais na Pista,Atropelamento de animal,Com Vítimas Feridas,Plena noite,Ceu Claro,Dupla   ,Rural ,Automóvel,Ileso       ,45.0,Masculino
83108604,06/12/2013,RN,101,NATAL,Falta de atenção,Colisão lateral,Sem Vítimas        ,Pleno dia,Ceu Claro,Dupla   ,Urbano,Caminhonete,Ileso       ,22.0,Masculino