id,data_inversa,uf,br,municipio,causa_acidente,tipo_acidente,classificacao_acidente,fase_dia,condicao_metereologica,tipo_pista,uso_solo,tipo_veiculo,estado_fisico,idade,sexo
83115111,18/12/2013,RN,101,PARNAMIRIM,Falta de atenção,Colisão lateral,Com Vítimas Feridas,Pleno dia,Ceu Claro,Dupla   ,Urbano,Motocicletas,Ileso       ,37.0,Masculino
83115111,18/12/2013,RN,101,PARNAMIRIM,Falta de atenção,Colisão lateral,Com Vítimas Feridas,Pleno dia,Ceu Claro,Dupla   ,Urbano,Motocicletas,Ileso       ,32.0,Masculino
83115111,18/12/2013,RN,101,PARNAMIRIM,Falta de atenção,Colisão lateral,Com Vítimas Feridas,Pleno dia,Ceu Claro,Dupla   ,Urbano,Motocicletas,Ferido Leve ,27.0,Feminino
83115172,18/12/2013,RN,101,PARNAMIRIM,Não guardar distância de segurança,Colisão traseira,Sem Vítimas        ,Pleno dia,Sol,Simples ,Urbano,Automóvel,Ileso       ,25.0,Masculino
83115172,18/12/2013,RN,101,PARNAMIRIM,Não guardar distância de segurança,Colisão traseira,Sem Vítimas        ,Pleno dia,Sol,Simples ,Urbano,Automóvel,Ileso       ,26.0,Feminino
83115283,18/12/2013,RN,110,MOSSORO,Falta de atenção,Colisão traseira,Com Vítimas Feridas,Pleno dia,Sol,Dupla   ,Urbano,Motocicletas,Ileso       ,51.0,Masculino
83115283,18/12/2013,RN,110,MOSSORO,Falta de atenção,Colisão traseira,Com Vítimas Feridas,Pleno dia,Sol,Dupla   ,Urbano,Motocicletas,Ferido Leve ,45.0,Feminino
83115283,18/12/2013,RN,110,MOSSORO,Falta de atenção,Colisão traseira,Com Vítimas Feridas,Pleno dia,Sol,Dupla   ,Urbano,Ciclomotor,Ferido Leve ,22.0,Masculino
83115284,18/12/2013,RN,101,SAO GONCALO DO AMARANTE,Outras,Colisão lateral,Sem Vítimas        ,Pleno dia,Sol,Simples ,Urbano,Caminhão,Ileso       ,53.0,Masculino
83115284,18/12/2013,RN,101,SAO GONCALO DO AMARANTE,Outras,Colisão lateral,Sem Vítimas        ,Pleno dia,Sol,Simples ,Urbano,Automóvel,Ileso       ,41.0,Masculino
83115423,11/10/2013,RN,101,GOIANINHA,Falta de atenção,Saída de Pista,Com Vítimas Fatais ,Pleno dia,Ceu Claro,Múltipla,Urbano,Automóvel,Ferido Leve ,29.0,Masculino
83115423,11/10/2013,RN,101,GOIANINHA,Falta de atenção,Saída de Pista,Com Vítimas Fatais ,Pleno dia,Ceu Claro,Múltipla,Urbano,Automóvel,Morto       ,54.0,Feminino
83115423,11/10/2013,RN,101,GOIANINHA,Falta de atenção,Saída de Pista,Com Vítimas Fatais ,Pleno dia,Ceu Claro,Múltipla,Urbano,Automóvel,Ileso       ,20.0,Feminino
83115510,18/12/2013,RN,110,AREIA BRANCA,Animais na Pista,Atropelamento de animal,Sem Vítimas        ,Plena noite,Ceu Claro,Simples ,Rural ,Camioneta,Ileso       ,38.0,Masculino
83115569,19/12/2013,RN,101,SAO JOSE DE MIPIBU,Animais na Pista,Atropelamento de animal,Sem Vítimas        ,Pleno dia,Ceu Claro,Dupla   ,Rural ,Automóvel,Ileso       ,20.0,Masculino
83115653,18/12/2013,RN,101,NATAL,Velocidade incompatível,Colisão com objeto fixo,Com Vítimas Fatais ,Plena noite,Ceu Claro,Múltipla,Urbano,Automóvel,Morto       ,20.0,Masculino
83115752,19/12/2013,RN,101,GOIANINHA,Outras,Capotamento,Com Vítimas Feridas,Pleno dia,Ceu Claro,Dupla   ,Rural ,Automóvel,Ileso       ,37.0,Feminino
83115752,19/12/2013,RN,101,GOIANINHA,Outras,Capotamento,Com Vítimas Feridas,Pleno dia,Ceu Claro,Dupla   ,Rural ,Automóvel,Ferido Leve ,2.0,Masculino
83115817,10/12/2013,RN,101,PARNAMIRIM,Falta de atenção,Colisão lateral,Com Vítimas Feridas,Anoitecer,Ceu Claro,Dupla   ,Urbano,Camioneta,Ileso       ,44.0,Masculino
83115817,10/12/2013,RN,101,PARNAMIRIM,Falta de atenção,Colisão lateral,Com Vítimas Feridas,Anoitecer,Ceu Claro,Dupla   ,Urbano,Motocicletas,Ferido Leve ,23.0,Masculino
83115832,14/12/2013,RN,101,CANGUARETAMA,Animais na Pista,Atropelamento de animal,Com Vítimas Feridas,Plena noite,Ceu Claro,Dupla   ,Rural ,Automóvel,Ferido Leve ,50.0,Masculino
83115871,08/11/2013,RN,101,PARNAMIRIM,Falta de atenção,Colisão traseira,Sem Vítimas        ,Pleno dia,Ceu Claro,Múltipla,Urbano,Automóvel,Ileso       ,25.0,Masculino
83115871,08/11/2013,RN,101,PARNAMIRIM,Falta de atenção,Colisão traseira,Sem Vítimas        ,Pleno dia,Ceu Claro,Múltipla,Urbano,Automóvel,Ileso       ,-1.0,Masculino
83115871,08/11/2013,RN,101,PARNAMIRIM,Falta de atenção,Colisão traseira,Sem Vítimas        ,Pleno dia,Ceu Claro,Múltipla,Urbano,Automóvel,Ileso       ,-1.0,Masculino
83115871,08/11/2013,RN,101,PARNAMIRIM,Falta de atenção,Colisão traseira,Sem Vítimas        ,Pleno dia,Ceu Claro,Múltipla,Urbano,Caminhonete,Ileso       ,54.0,Masculino
83115915,19/12/2013,RN,226,BOM JESUS,Velocidade incompatível,Colisão traseira,Sem Vítimas        ,Pleno dia,Nublado,Simples ,Urbano,Automóvel,Ileso       ,55.0,Masculino
83115915,19/12/2013,RN,226,BOM JESUS,Velocidade incompatível,Colisão traseira,Sem Vítimas        ,Pleno dia,Nublado,Simples ,Urbano,Automóvel,Ileso       ,20.0,Masculino
83115980,19/12/2013,RN,304,PARNAMIRIM,Não guardar distância de segurança,Colisão lateral,Sem Vítimas        ,Pleno dia,Nublado,Múltipla,Urbano,Automóvel,Ileso       ,24.0,Masculino
83115980,19/12/2013,RN,304,PARNAMIRIM,Não guardar distância de segurança,Colisão lateral,Sem Vítimas        ,Pleno dia,Nublado,Múltipla,Urbano,Caminhão,Ignorado    ,-1.0,Masculino
83116011,19/12/2013,RN,101,NATAL,Falta de atenção,Colisão traseira,Sem Vítimas        ,Anoitecer,Nublado,Dupla   ,Urbano,Camioneta,Ileso       ,50.0,Masculino
83116011,19/12/2013,RN,101,NATAL,Falta de atenção,Colisão traseira,Sem Vítimas        ,Anoitecer,Nublado,Dupla   ,Urbano,Automóvel,Ileso       ,60.0,Masculino
83116012,19/12/2013,RN,101,NATAL,Falta de atenção,Colisão lateral,Sem Vítimas        ,Plena noite,Nublado,Dupla   ,Urbano,Automóvel,Ignorado    ,-1.0,Inválido
83116012,19/12/2013,RN,101,NATAL,Falta de atenção,Colisão lateral,Sem Vítimas        ,Plena noite,Nublado,Dupla   ,Urbano,Motocicletas,Ileso       ,21.0,Masculino
83116068,19/12/2013,RN,101,NATAL,Outras,Colisão frontal,Com Vítimas Feridas,Plena noite,Vento,Simples ,Urbano,Automóvel,Ileso       ,34.0,Masculino
83116068,19/12/2013,RN,101,NATAL,Outras,Colisão frontal,Com Vítimas Feridas,Plena noite,Vento,Simples ,Urbano,Motocicletas,Ferido Grave,36.0,Masculino
83116111,19/12/2013,RN,304,MACAIBA,Falta de atenção,Colisão Transversal,Sem Vítimas        ,Pleno dia,Ceu Claro,Simples ,Urbano,Caminhonete,Ileso       ,29.0,Masculino
83116111,19/12/2013,RN,304,MACAIBA,Falta de atenção,Colisão Transversal,Sem Vítimas        ,Pleno dia,Ceu Claro,Simples ,Urbano,Motocicletas,Ileso       ,-1.0,Masculino
83116126,19/12/2013,RN,304,MACAIBA,Falta de atenção,Colisão Transversal,Sem Vítimas        ,Pleno dia,Ceu Claro,Dupla   ,Urbano,Caminhonete,Ileso       ,33.0,Masculino
83116126,19/12/2013,RN,304,MACAIBA,Falta de atenção,Colisão Transversal,Sem Vítimas        ,Pleno dia,Ceu Claro,Dupla   ,Urbano,Caminhonete,Ileso       ,28.0,Masculino
83116180,19/12/2013,RN,101,PARNAMIRIM,Não guardar distância de segurança,Colisão lateral,Com Vítimas Feridas,Anoitecer,Ceu Claro,Dupla   ,Urbano,Motocicletas,Ferido Leve ,30.0,Masculino
83116180,19/12/2013,RN,101,PARNAMIRIM,Não guardar distância de segurança,Colisão lateral,Com Vítimas Feridas,Anoitecer,Ceu Claro,Dupla   ,Urbano,Automóvel,Ignorado    ,-1.0,Inválido
83116242,17/12/2013,RN,101,NATAL,Não guardar distância de segurança,Colisão traseira,Sem Vítimas        ,Pleno dia,Ceu Claro,Dupla   ,Urbano,Automóvel,Ileso       ,36.0,Masculino
83116242,17/12/2013,RN,101,NATAL,Não guardar distância de segurança,Colisão traseira,Sem Vítimas        ,Pleno dia,Ceu Claro,Dupla   ,Urbano,Automóvel,Ileso       ,-1.0,Masculino
83116251,17/12/2013,RN,101,ARES,Outras,Tombamento,Sem Vítimas        ,Pleno dia,Ceu Claro,Dupla   ,Urbano,Caminhão,Ileso       ,33.0,Masculino
83116251,17/12/2013,RN,101,ARES,Outras,Tombamento,Sem Vítimas        ,Pleno dia,Ceu Claro,Dupla   ,Urbano,Caminhão,Ileso       ,19.0,Masculino
83116284,20/12/2013,RN,101,SAO GONCALO DO AMARANTE,Não guardar distância de segurança,Colisão traseira,Sem Vítimas        ,Pleno dia,Ceu Claro,Múltipla,Urbano,Automóvel,Ileso       ,62.0,Masculino
83116284,20/12/2013,RN,101,SAO GONCALO DO AMARANTE,Não guardar distância de segurança,Colisão traseira,Sem Vítimas        ,Pleno dia,Ceu Claro,Múltipla,Urbano,Automóvel,Ileso       ,31.0,Masculino
83116286,20/12/2013,RN,304,MOSSORO,Falta de atenção,Colisão frontal,Com Vítimas Feridas,Pleno dia,Nublado,Simples ,Rural ,Caminhão,Ileso       ,51.0,Masculino
83116286,20/12/2013,RN,304,MOSSORO,Falta de atenção,Colisão frontal,Com Vítimas Feridas,Pleno dia,Nublado,Simples ,Rural ,Caminhão,Ferido Leve ,59.0,Masculino
83116286,20/12/2013,RN,304,MOSSORO,Falta de atenção,Colisão frontal,Com Vítimas Feridas,Pleno dia,Nublado,Simples ,Rural ,Caminhão-Trator,Ileso       ,35.0,Masculino
83116433,20/12/2013,RN,101,SAO GONCALO DO AMARANTE,Outras,Atropelamento de pessoa,Com Vítimas Feridas,Pleno dia,Nublado,Dupla   ,Urbano,Automóvel,Ileso       ,27.0,Masculino
83116433,20/12/2013,RN,101,SAO GONCALO DO AMARANTE,Outras,Atropelamento de pessoa,Com Vítimas Feridas,Pleno dia,Nublado,Dupla   ,Urbano,(null),Ferido Grave,67.0,Masculino
83116436,20/12/2013,RN,304,MACAIBA,Falta de atenção,Colisão traseira,Com Vítimas Feridas,Pleno dia,Chuva,Simples ,Urbano,Automóvel,Ileso       ,-1.0,Masculino
83116436,20/12/2013,RN,304,MACAIBA,Falta de atenção,Colisão traseira,Com Vítimas Feridas,Pleno dia,Chuva,Simples ,Urbano,Automóvel,Ileso       ,33.0,Masculino
83116436,20/12/2013,RN,304,MACAIBA,Falta de atenção,Colisão traseira,Com Vítimas Feridas,Pleno dia,Chuva,Simples ,Urbano,Automóvel,Ileso       ,54.0,Masculino
83116436,20/12/2013,RN,304,MACAIBA,Falta de atenção,Colisão traseira,Com Vítimas Feridas,Pleno dia,Chuva,Simples ,Urbano,Automóvel,Ferido Grave,-1.0,Masculino
83116436,20/12/2013,RN,304,MACAIBA,Falta de atenção,Colisão traseira,Com Vítimas Feridas,Pleno dia,Chuva,Simples ,Urbano,Automóvel,Ileso       ,38.0,Masculino
83116534,16/12/2013,RN,226,NATAL,Falta de atenção,Colisão Transversal,Sem Vítimas        ,Plena noite,Ceu Claro,Simples ,Urbano,Ônibus,Ileso       ,50.0,Masculino
83116534,16/12/2013,RN,226,NATAL,Falta de atenção,Colisão Transversal,Sem Vítimas        ,Plena noite,Ceu Claro,Simples ,Urbano,Automóvel,Ileso       ,24.0,Masculino
83116541,19/12/2013,RN,304,MOSSORO,Não guardar distância de segurança,Colisão traseira,Sem Vítimas        ,Plena noite,Ceu Claro,Dupla   ,Urbano,Caminhão,Ileso       ,40.0,Masculino
83116541,19/12/2013,RN,304,MOSSORO,Não guardar distância de segurança,Colisão traseira,Sem Vítimas        ,Plena noite,Ceu Claro,Dupla   ,Urbano,Caminhonete,Ileso       ,-1.0,Masculino
83116584,20/12/2013,RN,101,PARNAMIRIM,Falta de atenção,Colisão traseira,Sem Vítimas        ,Anoitecer,Ceu Claro,Dupla   ,Urbano,Automóvel,Ileso       ,33.0,Masculino
83116584,20/12/2013,RN,101,PARNAMIRIM,Falta de atenção,Colisão traseira,Sem Vítimas        ,Anoitecer,Ceu Claro,Dupla   ,Urbano,Motocicletas,Ileso       ,30.0,Feminino
83116609,20/12/2013,RN,304,MOSSORO,Animais na Pista,Atropelamento de animal,Com Vítimas Feridas,Plena noite,Nublado,Simples ,Rural ,Automóvel,Ileso       ,36.0,Masculino
83116609,20/12/2013,RN,304,MOSSORO,Animais na Pista,Atropelamento de animal,Com Vítimas Feridas,Plena noite,Nublado,Simples ,Rural ,Automóvel,Ferido Leve ,35.0,Feminino
83116611,12/12/2013,RN,101,NATAL,Desobediência à sinalização,Colisão Transversal,Sem Vítimas        ,Plena noite,Ceu Claro,Dupla   ,Rural ,Caminhão,Ileso       ,59.0,Masculino
83116611,12/12/2013,RN,101,NATAL,Desobediência à sinalização,Colisão Transversal,Sem Vítimas        ,Plena noite,Ceu Claro,Dupla   ,Rural ,Automóvel,Ileso       ,28.0,Masculino
83116629,18/12/2013,RN,101,PARNAMIRIM,Outras,Atropelamento de pessoa,Com Vítimas Feridas,Plena noite,Ceu Claro,Dupla   ,Urbano,Ciclomotor,Ferido Leve ,15.0,Masculino
83116629,18/12/2013,RN,101,PARNAMIRIM,Outras,Atropelamento de pessoa,Com Vítimas Feridas,Plena noite,Ceu Claro,Dupla   ,Urbano,Ciclomotor,Ferido Grave,17.0,Feminino
83116629,18/12/2013,RN,101,PARNAMIRIM,Outras,Atropelamento de pessoa,Com Vítimas Feridas,Plena noite,Ceu Claro,Dupla   ,Urbano,(null),Ferido Grave,31.0,Masculino
83116762,20/12/2013,RN,101,NATAL,Não guardar distância de segurança,Colisão traseira,Sem Vítimas        ,Plena noite,Nublado,Dupla   ,Urbano,Automóvel,Ileso       ,31.0,Masculino
83116762,20/12/2013,RN,101,NATAL,Não guardar distância de segurança,Colisão traseira,Sem Vítimas        ,Plena noite,Nublado,Dupla   ,Urbano,Automóvel,Ileso       ,35.0,Masculino
83116791,20/12/2013,RN,110,MOSSORO,Falta de atenção,Colisão traseira,Sem Vítimas        ,Pleno dia,Nublado,Simples ,Urbano,Automóvel,Ileso       ,48.0,Feminino
83116791,20/12/2013,RN,110,MOSSORO,Falta de atenção,Colisão traseira,Sem Vítimas        ,Pleno dia,Nublado,Simples ,Urbano,Automóvel,Ileso       ,28.0,Masculino
83116922,17/12/2013,RN,405,PAU DOS FERROS,Desobediência à sinalização,Colisão frontal,Com Vítimas Feridas,Plena noite,Ceu Claro,Simples ,Urbano,Motocicletas,Ferido Leve ,43.0,Masculino
83116922,17/12/2013,RN,405,PAU DOS FERROS,Desobediência à sinalização,Colisão frontal,Com Vítimas Feridas,Plena noite,Ceu Claro,Simples ,Urbano,Motocicletas,Ferido Leve ,51.0,Masculino
83116922,17/12/2013,RN,405,PAU DOS FERROS,Desobediência à sinalização,Colisão frontal,Com Vítimas Feridas,Plena noite,Ceu Claro,Simples ,Urbano,Motocicletas,Ferido Leve ,29.0,Masculino
83116933,19/12/2013,RN,304,MOSSORO,Desobediência à sinalização,Colisão Transversal,Sem Vítimas        ,Pleno dia,Ceu Claro,Dupla   ,Urbano,Caminhão,Ileso       ,34.0,Masculino
83116933,19/12/2013,RN,304,MOSSORO,Desobediência à sinalização,Colisão Transversal,Sem Vítimas        ,Pleno dia,Ceu Claro,Dupla   ,Urbano,Automóvel,Ileso       ,43.0,Masculino
83116941,15/12/2013,RN,405,FELIPE GUERRA,Outras,Colisão lateral,Com Vítimas Fatais ,Plena noite,Ceu Claro,Simples ,Rural ,Motocicletas,Ferido Grave,45.0,Masculino
83116941,15/12/2013,RN,405,FELIPE GUERRA,Outras,Colisão lateral,Com Vítimas Fatais ,Plena noite,Ceu Claro,Simples ,Rural ,Motocicletas,Ferido Grave,35.0,Feminino
83116941,15/12/2013,RN,405,FELIPE GUERRA,Outras,Colisão lateral,Com Vítimas Fatais ,Plena noite,Ceu Claro,Simples ,Rural ,Motocicletas,Morto       ,-1.0,Feminino
83116941,15/12/2013,RN,405,FELIPE GUERRA,Outras,Colisão lateral,Com Vítimas Fatais ,Plena noite,Ceu Claro,Simples ,Rural ,Caminhonete,Ignorado    ,-1.0,Inválido
83117021,21/12/2013,RN,101,NATAL,Falta de atenção,Colisão lateral,Sem Vítimas        ,Pleno dia,Ceu Claro,Simples ,Urbano,Automóvel,Ileso       ,68.0,Masculino
83117021,21/12/2013,RN,101,NATAL,Falta de atenção,Colisão lateral,Sem Vítimas        ,Pleno dia,Ceu Claro,Simples ,Urbano,Caminhão,Ileso       ,34.0,Masculino
83117027,18/12/2013,RN,304,MOSSORO,Falta de atenção,Colisão lateral,Com Vítimas Feridas,Plena noite,Ceu Claro,Dupla   ,Urbano,Motocicletas,Ferido Leve ,52.0,Masculino
83117027,18/12/2013,RN,304,MOSSORO,Falta de atenção,Colisão lateral,Com Vítimas Feridas,Plena noite,Ceu Claro,Dupla   ,Urbano,Ciclomotor,Ferido Leve ,27.0,Feminino
83117051,17/12/2013,RN,304,MACAIBA,Falta de atenção,Colisão traseira,Sem Vítimas        ,Pleno dia,Sol,Simples ,Rural ,Automóvel,Ileso       ,-1.0,Masculino
83117051,17/12/2013,RN,304,MACAIBA,Falta de atenção,Colisão traseira,Sem Vítimas        ,Pleno dia,Sol,Simples ,Rural ,Microônibus,Ileso       ,26.0,Masculino
83117194,17/12/2013,RN,101,SAO JOSE DE MIPIBU,Velocidade incompatível,Capotamento,Com Vítimas Fatais ,Anoitecer,Ceu Claro,Dupla   ,Rural ,Camioneta,Morto       ,25.0,Masculino
83117194,17/12/2013,RN,101,SAO JOSE DE MIPIBU,Velocidade incompatível,Capotamento,Com Vítimas Fatais ,Anoitecer,Ceu Claro,Dupla   ,Rural ,Camioneta,Ferido Leve ,-1.0,Masculino
83117233,21/12/2013,RN,101,SAO GONCALO DO AMARANTE,Não guardar distância de segurança,Colisão traseira,Sem Vítimas        ,Pleno dia,Ceu Claro,Dupla   ,Urbano,Camioneta,Ileso       ,39.0,Masculino
83117233,21/12/2013,RN,101,SAO GONCALO DO AMARANTE,Não guardar distância de segurança,Colisão traseira,Sem Vítimas        ,Pleno dia,Ceu Claro,Dupla   ,Urbano,Caminhonete,Ileso       ,30.0,Masculino
83117234,19/12/2013,RN,405,PAU DOS FERROS,Falta de atenção,Colisão lateral,Sem Vítimas        ,Pleno dia,Ceu Claro,Simples ,Urbano,Automóvel,Ileso       ,26.0,Masculino
83117234,19/12/2013,RN,405,PAU DOS FERROS,Falta de atenção,Colisão lateral,Sem Vítimas        ,Pleno dia,Ceu Claro,Simples ,Urbano,Caminhão,Ignorado    ,-1.0,Inválido
83117305,17/12/2013,RN,101,NATAL,Falta de atenção,Colisão lateral,Sem Vítimas        ,Plena noite,Ceu Claro,Dupla   ,Urbano,Automóvel,Ileso       ,21.0,Masculino
83117305,17/12/2013,RN,101,NATAL,Falta de atenção,Colisão lateral,Sem Vítimas        ,Plena noite,Ceu Claro,Dupla   ,Urbano,Ônibus,Ileso       ,30.0,Masculino
83117318,21/12/2013,RN,304,MACAIBA,Falta de atenção,Colisão traseira,Sem Vítimas        ,Pleno dia,Ceu Claro,Simples ,Urbano,Automóvel,Ileso       ,38.0,Masculino
83117318,21/12/2013,RN,304,MACAIBA,Falta de atenção,Colisão traseira,Sem Vítimas        ,Pleno dia,Ceu Claro,Simples ,Urbano,Automóvel,Ileso       ,30.0,Masculino
83117320,21/12/2013,RN,101,PARNAMIRIM,Falta de atenção,Colisão lateral,Sem Vítimas        ,Pleno dia,Ceu Claro,Dupla   ,Urbano,Automóvel,Ileso       ,24.0,Feminino
83117320,21/12/2013,RN,101,PARNAMIRIM,Falta de atenção,Colisão lateral,Sem Vítimas        ,Pleno dia,Ceu Claro,Dupla   ,Urbano,Motocicletas,Ileso       ,40.0,Masculino
83117344,21/12/2013,RN,101,NATAL,Falta de atenção,Colisão lateral,Sem Vítimas        ,Pleno dia,Ceu Claro,Simples ,Urbano,Automóvel,Ileso       ,-1.0,Feminino
83117344,21/12/2013,RN,101,NATAL,Falta de atenção,Colisão lateral,Sem Vítimas        ,Pleno dia,Ceu Claro,Simples ,Urbano,Motocicletas,Ileso       ,-1.0,Masculino
83117476,21/12/2013,RN,101,NATAL,Outras,Colisão traseira,Sem Vítimas        ,Plena noite,Nublado,Dupla   ,Urbano,Ônibus,Ileso       ,47.0,Masculino
83117476,21/12/2013,RN,101,NATAL,Outras,Colisão traseira,Sem Vítimas        ,Plena noite,Nublado,Dupla   ,Urbano,Automóvel,Ileso       ,32.0,Masculino
83117506,19/12/2013,RN,405,MOSSORO,Falta de atenção,Colisão traseira,Com Vítimas Feridas,Pleno dia,Ceu Claro,Dupla   ,Urbano,Automóvel,Ignorado    ,-1.0,Inválido
83117506,19/12/2013,RN,405,MOSSORO,Falta de atenção,Colisão traseira,Com Vítimas Feridas,Pleno dia,Ceu Claro,Dupla   ,Urbano,Motocicletas,Ferido Leve ,40.0,Masculino
83117506,19/12/2013,RN,405,MOSSORO,Falta de atenção,Colisão traseira,Com Vítimas Feridas,Pleno dia,Ceu Claro,Dupla   ,Urbano,Motocicletas,Ileso       ,44.0,Masculino
83117527,18/12/2013,RN,110,MOSSORO,Outras,Atropelamento de pessoa,Com Vítimas Feridas,Pleno dia,Ceu Claro,Dupla   ,Rural ,Ciclomotor,Ileso       ,32.0,Masculino
83117527,18/12/2013,RN,110,MOSSORO,Outras,Atropelamento de pessoa,Com Vítimas Feridas,Pleno dia,Ceu Claro,Dupla   ,Rural ,Ciclomotor,Ferido Leve ,11.0,Feminino
83117527,18/12/2013,RN,110,MOSSORO,Outras,Atropelamento de pessoa,Com Vítimas Feridas,Pleno dia,Ceu Claro,Dupla   ,Rural ,(null),Ferido Leve ,48.0,Feminino
83117550,21/12/2013,RN,101,CEARA-MIRIM,Animais na Pista,Atropelamento de animal,Sem Vítimas        ,Plena noite,Ceu Claro,Simples ,Rural ,Utilitário,Ileso       ,35.0,Masculino
83117553,22/12/2013,RN,405,MOSSORO,Outras,Colisão traseira,Sem Vítimas        ,Plena noite,Ceu Claro,Dupla   ,Urbano,Automóvel,Ileso       ,26.0,Feminino
83117553,22/12/2013,RN,405,MOSSORO,Outras,Colisão traseira,Sem Vítimas        ,Plena noite,Ceu Claro,Dupla   ,Urbano,Automóvel,Ileso       ,21.0,Masculino
83117667,13/12/2013,RN,304,ASSU,Falta de atenção,Colisão lateral,Sem Vítimas        ,Plena noite,Ceu Claro,Simples ,Rural ,Utilitário,Ileso       ,35.0,Masculino
83117667,13/12/2013,RN,304,ASSU,Falta de atenção,Colisão lateral,Sem Vítimas        ,Plena noite,Ceu Claro,Simples ,Rural ,Caminhão,Ileso       ,62.0,Masculino
83117735,20/12/2013,RN,110,AREIA BRANCA,Falta de atenção,Saída de Pista,Com Vítimas Feridas,Pleno dia,Nublado,Simples ,Rural ,Caminhão-Trator,Ferido Leve ,-1.0,Masculino
83117776,13/12/2013,RN,304,ASSU,Não guardar distância de segurança,Colisão traseira,Sem Vítimas        ,Plena noite,Ceu Claro,Simples ,Rural ,Caminhonete,Ileso       ,31.0,Masculino
83117776,13/12/2013,RN,304,ASSU,Não guardar distância de segurança,Colisão traseira,Sem Vítimas        ,Plena noite,Ceu Claro,Simples ,Rural ,Automóvel,Ileso       ,27.0,Masculino
83117786,22/12/2013,RN,101,SAO JOSE DE MIPIBU,Outras,Capotamento,Com Vítimas Feridas,Pleno dia,Ceu Claro,Dupla   ,Rural ,Caminhonete,Ferido Leve ,40.0,Masculino
83117786,22/12/2013,RN,101,SAO JOSE DE MIPIBU,Outras,Capotamento,Com Vítimas Feridas,Pleno dia,Ceu Claro,Dupla   ,Rural ,Caminhonete,Ferido Leve ,-1.0,Feminino
83117786,22/12/2013,RN,101,SAO JOSE DE MIPIBU,Outras,Capotamento,Com Vítimas Feridas,Pleno dia,Ceu Claro,Dupla   ,Rural ,Caminhonete,Ferido Leve ,-1.0,Masculino
83117831,22/12/2013,RN,101,CANGUARETAMA,Outras,Atropelamento de pessoa,Com Vítimas Feridas,Pleno dia,Sol,Dupla   ,Urbano,Caminhonete,Ileso       ,28.0,Masculino
83117831,22/12/2013,RN,101,CANGUARETAMA,Outras,Atropelamento de pessoa,Com Vítimas Feridas,Pleno dia,Sol,Dupla   ,Urbano,(null),Ferido Grave,26.0,Feminino
83117869,22/12/2013,RN,101,EXTREMOZ,Outras,Colisão traseira,Sem Vítimas        ,Pleno dia,Sol,Simples ,Rural ,Automóvel,Ileso       ,40.0,Masculino
83117869,22/12/2013,RN,101,EXTREMOZ,Outras,Colisão traseira,Sem Vítimas        ,Pleno dia,Sol,Simples ,Rural ,Automóvel,Ileso       ,36.0,Masculino
83117884,22/12/2013,RN,101,NATAL,Não guardar distância de segurança,Colisão traseira,Com Vítimas Feridas,Pleno dia,Nevoeiro/neblina,Múltipla,Urbano,Motocicletas,Ferido Leve ,26.0,Masculino
83117884,22/12/2013,RN,101,NATAL,Não guardar distância de segurança,Colisão traseira,Com Vítimas Feridas,Pleno dia,Nevoeiro/neblina,Múltipla,Urbano,Automóvel,Ileso       ,28.0,Masculino
83117955,22/12/2013,RN,427,SERRA NEGRA DO NORTE,Outras,Saída de Pista,Com Vítimas Feridas,Pleno dia,Chuva,Simples ,Rural ,Automóvel,Ileso       ,36.0,Masculino
83117955,22/12/2013,RN,427,SERRA NEGRA DO NORTE,Outras,Saída de Pista,Com Vítimas Feridas,Pleno dia,Chuva,Simples ,Rural ,Automóvel,Ferido Leve ,38.0,Masculino
83118007,22/12/2013,RN,406,SAO GONCALO DO AMARANTE,Falta de atenção,Colisão traseira,Com Vítimas Feridas,Plena noite,Ceu Claro,Simples ,Urbano,Motocicletas,Ferido Leve ,20.0,Masculino
83118007,22/12/2013,RN,406,SAO GONCALO DO AMARANTE,Falta de atenção,Colisão traseira,Com Vítimas Feridas,Plena noite,Ceu Claro,Simples ,Urbano,Motocicletas,Ignorado    ,-1.0,Masculino
83118216,20/12/2013,RN,101,NATAL,Falta de atenção,Colisão traseira,Com Vítimas Feridas,Pleno dia,Sol,Dupla   ,Urbano,Motocicletas,Ileso       ,25.0,Masculino
83118216,20/12/2013,RN,101,NATAL,Falta de atenção,Colisão traseira,Com Vítimas Feridas,Pleno dia,Sol,Dupla   ,Urbano,Motocicletas,Ferido Leve ,47.0,Masculino
83118216,20/12/2013,RN,101,NATAL,Falta de atenção,Colisão traseira,Com Vítimas Feridas,Pleno dia,Sol,Dupla   ,Urbano,Ônibus,Ileso       ,35.0,Masculino
83118227,20/12/2013,RN,101,NATAL,Falta de atenção,Colisão traseira,Sem Vítimas        ,Pleno dia,Ceu Claro,Dupla   ,Urbano,Caminhonete,Ileso       ,21.0,Masculino
83118227,20/12/2013,RN,101,NATAL,Falta de atenção,Colisão traseira,Sem Vítimas        ,Pleno dia,Ceu Claro,Dupla   ,Urbano,Automóvel,Ignorado    ,-1.0,Masculino